scenario,date,signal_date,next_date,capital,participation_limit,fixed_cost_bps,impact_coef_bps,gross_return,net_return,cash_weight,actual_stock_count,target_stock_count,actual_target_overlap_count,actual_target_overlap_weight,desired_trade_weight,executed_trade_weight,unfilled_trade_weight,fill_ratio,blocked_trade_weight,capped_trade_weight,missing_adv_weight,period_fixed_cost,period_impact_cost,period_cost,avg_participation,max_participation
baseline,2026-01-05,2025-12-31,2026-01-12,100000000,0.1,10,25,0.05147526352101606,0.04902255396655075,5.551115123125783e-16,52,50,50,0.9677214564530765,1.9218758950521635,1.857318807958316,0.06455708709384744,0.9664093361803181,0.03227854354692315,0.0,0.03227854354692315,0.0018573188079583124,0.00047531766914909573,0.002332636477107408,0.01262010126893514,0.06894768303922777
baseline,2026-01-12,2026-01-09,2026-01-19,100000000,0.1,10,25,0.007123378484447995,0.007112467681744228,0.0,52,50,50,0.9693016615161887,0.07182222997031038,0.010425553002687176,0.0613966769676232,0.14515774582600477,0.0306983384838116,0.0,0.0306983384838116,1.0425553002687175e-05,4.0807764951185426e-07,1.083363065219903e-05,0.000306499079339413,0.000919896496517843
baseline,2026-01-19,2026-01-16,2026-01-26,100000000,0.1,10,25,0.02503637285370508,0.025019837942556133,3.0086610286472748e-18,52,50,50,0.9695187907066486,0.07625242304527183,0.01529000445856904,0.06096241858670279,0.20051827663877922,0.030481209293351384,0.0,0.030481209293351384,1.5290004458569044e-05,8.410437527925655e-07,1.613104821136161e-05,0.0007643067617640956,0.002771994255263315
baseline,2026-01-26,2026-01-23,2026-02-02,100000000,0.1,10,25,-0.050093525965469676,-0.05011523353918246,1.3010426069826053e-18,52,50,50,0.9702632900640478,0.08143639981289263,0.021962979940987663,0.05947341987190497,0.2696948783523039,0.029736709935952406,0.0,0.029736709935952406,2.1962979940987663e-05,8.89347426130971e-07,2.2852327367118633e-05,0.0003038224287720052,0.0009210306313452138
baseline,2026-02-02,2026-01-30,2026-02-09,100000000,0.1,10,25,0.033919662470869305,0.033904571935925665,0.0,52,50,50,0.9686951181523679,0.07675292149602125,0.014143157800755927,0.06260976369526533,0.184268657467183,0.031304881847632755,0.0,0.031304881847632755,1.4143157800755939e-05,4.523040047678622e-07,1.45954618055238e-05,0.00019197307673165801,0.0004537156003251378
baseline,2026-02-09,2026-02-06,2026-02-24,100000000,0.1,10,25,0.014234146677328807,0.014222464549702218,5.421010862427522e-19,52,50,50,0.9697221331753959,0.07170183336804113,0.01114609971883265,0.06055573364920848,0.15545069345187312,0.03027786682460425,0.0,0.03027786682460425,1.1146099718832653e-05,3.7207649796077537e-07,1.1518176216793428e-05,0.00023717447453998637,0.0006704473222373136
baseline,2026-02-24,2026-02-13,2026-03-02,100000000,0.1,10,25,0.0034983280549438778,0.003479967118564131,1.6263032587282567e-19,52,50,50,0.970147064241728,0.07729454962150825,0.01758867810496372,0.05970587151654453,0.2275539244499257,0.02985293575827213,0.0,0.02985293575827213,1.7588678104963723e-05,7.082496192122036e-07,1.8296927724175926e-05,0.0003246652054485293,0.0007892893110163095
baseline,2026-03-02,2026-02-27,2026-03-09,100000000,0.1,10,25,-0.003985760917967873,-0.004004784805440864,0.0,52,50,50,0.97025113552891,0.0778803669686346,0.018382638026454026,0.05949772894218057,0.23603686964979784,0.029748864471090194,0.0,0.029748864471090194,1.8382638026454025e-05,7.17377542180963e-07,1.9100015568634987e-05,0.0002785001790771482,0.0006695234451396493
baseline,2026-03-09,2026-03-06,2026-03-16,100000000,0.1,10,25,0.004506758002982503,0.004464053219115582,6.179952383167375e-18,52,50,50,0.9701320891772515,0.10037815661832317,0.04064233497282538,0.05973582164549779,0.40489222298994154,0.029867910822748856,0.0,0.029867910822748856,4.064233497282537e-05,1.870852247451747e-06,4.251318722027712e-05,0.00036133609682920413,0.0011012327690134746
baseline,2026-03-16,2026-03-13,2026-03-23,100000000,0.1,10,25,-0.09230035611684773,-0.09231450044996459,0.0,52,50,50,0.9702660927019272,0.07453374479401195,0.015065930197865583,0.05946781459614637,0.20213569356407785,0.029733907298073323,0.0,0.029733907298073323,1.5065930197865581e-05,5.166837341455438e-07,1.5582613932011126e-05,0.0002276974655280717,0.0008573532989689127
baseline,2026-03-23,2026-03-20,2026-03-30,100000000,0.1,10,25,0.02179476294583904,0.021770578623515613,0.0,52,50,50,0.9672425702726167,0.08838506739864213,0.022870207943875294,0.06551485945476684,0.2587564689035543,0.03275742972738343,0.0,0.03275742972738343,2.2870207943875297e-05,7.982656090545706e-07,2.366847355292987e-05,0.00021699991790041513,0.0006836906160748904
baseline,2026-03-30,2026-03-27,2026-04-07,100000000,0.1,10,25,-0.019395198461924723,-0.01940711720823962,1.1384122811097797e-18,52,50,50,0.9679412824225652,0.07587371439957713,0.011756279244706347,0.06411743515487078,0.15494535014845495,0.032058717577435614,0.0,0.032058717577435614,1.1756279244706348e-05,3.982057182180106e-07,1.2154484962924359e-05,0.00024179038127441295,0.0011028818057544098
baseline,2026-04-07,2026-04-03,2026-04-13,100000000,0.1,10,25,0.03816686315174134,0.038149027761055,2.710505431213761e-19,52,50,50,0.9673071990600581,0.08190535719387983,0.0165197553139958,0.06538560187988403,0.2016932210538018,0.032692800939941986,0.0,0.032692800939941986,1.651975531399579e-05,6.599402815481527e-07,1.7179695595543943e-05,0.00033061331000014074,0.0012157684634249246
baseline,2026-04-13,2026-04-10,2026-04-20,100000000,0.1,10,25,0.024857986200326865,0.02484606584219029,0.0,52,50,50,0.9685091076393144,0.07426327311859166,0.011281488397220756,0.06298178472137089,0.151912081483471,0.03149089236068549,0.0,0.03149089236068549,1.1281488397220752e-05,3.4974080439254335e-07,1.1631229201613295e-05,0.00018046282999864728,0.0006721533077123916
baseline,2026-04-20,2026-04-17,2026-04-27,100000000,0.1,10,25,-0.014920163500840689,-0.014940438709429515,0.0,52,50,50,0.9692729209464055,0.08118573494052089,0.019731576833331335,0.06145415810718956,0.2430424119186367,0.030727079053594876,0.0,0.030727079053594876,1.9731576833331326e-05,8.50723034790609e-07,2.0582299868121935e-05,0.00035029407987959986,0.001084962906786123
baseline,2026-04-27,2026-04-24,2026-05-06,100000000,0.1,10,25,0.01091242404143311,0.010887200684317255,2.8731357570865868e-18,52,50,50,0.9688075241060718,0.0861505721330728,0.023765620345216086,0.06238495178785671,0.2758614337291508,0.031192475893928318,0.0,0.031192475893928318,2.376562034521609e-05,1.1854600016248697e-06,2.4951080346840962e-05,0.0004920748597438988,0.001679504324597599
baseline,2026-05-06,2026-04-30,2026-05-11,100000000,0.1,10,25,0.03218364684818731,0.03215204690158502,0.0,52,50,50,0.9691442352946589,0.09072990084779226,0.029018371437110044,0.06171152941068221,0.31983250467550967,0.03118142397847462,0.0,0.030855764705340953,2.9018371437110055e-05,1.5962839091245412e-06,3.06146553462346e-05,0.0006000192730997248,0.0017356282613991227
baseline,2026-05-11,2026-05-08,2026-05-18,100000000,0.1,10,25,-0.03154632743540975,-0.0315771882170528,0.0,52,50,50,0.9701063228432658,0.09009712868927133,0.030309774375801665,0.05978735431346967,0.336412212206391,0.029893677156734872,0.0,0.029893677156734872,3.0309774375801662e-05,1.5562637397447572e-06,3.186603811554642e-05,0.0005010134498131071,0.0016070740338296225
baseline,2026-05-18,2026-05-15,2026-05-25,100000000,0.1,10,25,0.0106094524707403,0.010580209815254316,8.131516293641283e-19,52,50,50,0.9691325687499617,0.08947460371710822,0.027739741217030864,0.061734862500077356,0.31002921571729536,0.030867431250038588,0.0,0.030867431250038588,2.7739741217030848e-05,1.1959227177568504e-06,2.89356639347877e-05,0.00034070393513403806,0.0009570763262704561
baseline,2026-05-25,2026-05-22,2026-06-01,100000000,0.1,10,25,-0.04196372968269002,-0.04199544724916371,4.6349642873755315e-18,52,50,50,0.9694566173168346,0.0922891487129754,0.03120238334664374,0.06108676536633166,0.3380937388824006,0.030543382683165907,0.0,0.030543382683165907,3.1202383346643746e-05,1.9044701790147505e-06,3.3106853525658494e-05,0.0008220164846479724,0.0022783610281048245
tc50_buf2,2026-01-05,2025-12-31,2026-01-12,100000000,0.1,10,25,0.043272769134482525,0.04208883784203077,1.734723475976807e-16,53,50,50,0.9497251994255147,1.0170842436225755,0.9165346424736064,0.10054960114896916,0.9011393581412303,0.05027480057448386,0.0,0.05027480057448386,0.0009165346424736077,0.00021828965993193571,0.0011348243024055435,0.011225512300458883,0.06429104988251264
