fold,train_start_year,train_end_year,test_start_year,scenario,description,long_prd,short_prd,channel_bins,extreme_value,top_n,composite_score,mean_annual_return,min_annual_return,mean_sharpe,mean_max_drawdown,worst_max_drawdown,mean_fill_ratio,mean_target_overlap,mean_cash_weight,annual_return_std,mean_cost,train_rank
1,2020,2022,2023,p_l20_s5_b2_e1_n120_tc50_buf4,"L=20, S=5, bins=2, E=1, top_n=120, tc50_buf2",20,5,2,1,120,0.8971397374194396,0.27842147472270184,0.24117365107502664,1.1798200434676045,-0.11118057751489727,-0.11473098644468804,0.8947478290693459,0.9279804751225968,0.03083809113307724,0.13169851903484087,0.195741235952383,1
1,2020,2022,2023,p_l10_s10_b3_e1_n100_tc50_buf4,"L=10, S=10, bins=3, E=1, top_n=100, tc50_buf2",10,10,3,1,100,0.7914521985942492,0.2571811421929052,0.22348950911722176,1.0624489245055093,-0.11896426335942249,-0.12293833455487302,0.9021558284408291,0.9241085226199193,0.047252465806833205,0.07574826517545993,0.1980570462643069,2
1,2020,2022,2023,p_l20_s5_b3_e1_n100_tc50_buf4,"L=20, S=5, bins=3, E=1, top_n=100, tc50_buf2",20,5,3,1,100,0.7639158424580472,0.26868346989022895,0.21641540072515264,1.1417403633636254,-0.1087430635612136,-0.11034293669248996,0.8807311092077805,0.9150712739214755,0.04148840319803174,0.13222486992651816,0.1963877642455541,3
1,2020,2022,2023,p_l20_s5_b3_e1_n120_tc50_buf4,"L=20, S=5, bins=3, E=1, top_n=120, tc50_buf2",20,5,3,1,120,0.7627674643355709,0.24592268909765228,0.20773951356081133,1.0391302496442876,-0.10917587911270117,-0.11009621962052651,0.9008333234423722,0.9307919028840972,0.032584670377873784,0.126900871143606,0.19588367087051872,4
1,2020,2022,2023,p_l10_s10_b3_e1_n120_tc50_buf4,"L=10, S=10, bins=3, E=1, top_n=120, tc50_buf2",10,10,3,1,120,0.761865130341339,0.23026046665882027,0.20982235653256187,0.9433332219035984,-0.1154634266335458,-0.11625827024385527,0.916724053277627,0.9370602689179905,0.03749514727308247,0.07362352436122102,0.19696386854127457,5
1,2020,2022,2023,p_l10_s10_b2_e1_n120_tc50_buf4,"L=10, S=10, bins=2, E=1, top_n=120, tc50_buf2",10,10,2,1,120,0.7509746468421721,0.2388272867074307,0.2151877005288736,0.9816417699422567,-0.13646635652734387,-0.13900012395687578,0.9149393868872155,0.9368224236706539,0.03564095757706299,0.10648555047927918,0.19709140608001435,6
1,2020,2022,2023,p_l10_s5_b2_e1_n120_tc50_buf4,"L=10, S=5, bins=2, E=1, top_n=120, tc50_buf2",10,5,2,1,120,0.7360036548827699,0.22821595485988144,0.2046086144128183,0.9520065248184432,-0.10988712533087618,-0.11367279551240395,0.9041347174500787,0.9330240634301378,0.03249926179846429,0.07268154623655067,0.19508433051896812,7
1,2020,2022,2023,p_l10_s10_b3_e1_n80_tc50_buf4,"L=10, S=10, bins=3, E=1, top_n=80, tc50_buf2",10,10,3,1,80,0.7082929734985481,0.27002981288533756,0.2149269221564618,1.1173894556567543,-0.11776275528751252,-0.12111819723423956,0.8786812236200449,0.9044026629544292,0.06067729833005667,0.09815887926836207,0.19780607547699883,8
1,2020,2022,2023,p_l20_s5_b2_e1_n100_tc50_buf4,"L=20, S=5, bins=2, E=1, top_n=100, tc50_buf2",20,5,2,1,100,0.7016788984458702,0.2556587319185693,0.2080203245478942,1.0735789941665679,-0.11322040187235569,-0.11532405889979236,0.8760185946640979,0.9132057147477474,0.03963718324063574,0.12044405609191397,0.19601342190933788,9
1,2020,2022,2023,p_l10_s10_b2_e1_n100_tc50_buf4,"L=10, S=10, bins=2, E=1, top_n=100, tc50_buf2",10,10,2,1,100,0.6895165562958248,0.24132383570637947,0.20913321032820953,1.001514140712782,-0.13439172720703374,-0.1373976219584815,0.9015466589513266,0.9234927596550475,0.04730828674326279,0.09153118947274087,0.19852648876263457,10
1,2020,2022,2023,p_l20_s3_b3_e1_n120_tc50_buf4,"L=20, S=3, bins=3, E=1, top_n=120, tc50_buf2",20,3,3,1,120,0.6730165496951543,0.22951394954920104,0.19826354689670134,0.9503872811548914,-0.11717409815489423,-0.11869759484480513,0.8956903926170595,0.9279918497065052,0.03268827647235961,0.13001853594682844,0.1954767388323128,11
1,2020,2022,2023,p_l20_s5_b3_e1_n80_tc50_buf4,"L=20, S=5, bins=3, E=1, top_n=80, tc50_buf2",20,5,3,1,80,0.6412280657166995,0.27361597237642166,0.20682328471988187,1.1646139601188046,-0.11370290451256244,-0.11529753260340359,0.8533906308349238,0.8935061807351623,0.05329917022172939,0.1523261636003377,0.19613479645768342,12
1,2020,2022,2023,p_l20_s3_b2_e1_n120_tc50_buf4,"L=20, S=3, bins=2, E=1, top_n=120, tc50_buf2",20,3,2,1,120,0.6067428802710781,0.21372443629849894,0.18283843641958675,0.8768921420794932,-0.12557491191064774,-0.12737213887643128,0.9071468080862739,0.9328102921390418,0.03579712988608461,0.14019045229234295,0.1966449504450997,13
1,2020,2022,2023,p_l10_s5_b2_e1_n100_tc50_buf4,"L=10, S=5, bins=2, E=1, top_n=100, tc50_buf2",10,5,2,1,100,0.6065676119029668,0.2170673948468855,0.19027666732813486,0.8962863311969694,-0.11814570473366587,-0.12066127035438179,0.8918062378734333,0.9220214125506363,0.04155228171459188,0.08505846009545057,0.1957522595584279,14
1,2020,2022,2023,p_l10_s5_b3_e1_n120_tc50_buf4,"L=10, S=5, bins=3, E=1, top_n=120, tc50_buf2",10,5,3,1,120,0.6065204841844999,0.19872972305758801,0.1866906781656794,0.8190063670031268,-0.1184303897827659,-0.12146906437887295,0.8984923465832302,0.9309154086606033,0.030788476395065077,0.04945389746304391,0.19454840750904387,15
1,2020,2022,2023,p_l10_s10_b2_e1_n80_tc50_buf4,"L=10, S=10, bins=2, E=1, top_n=80, tc50_buf2",10,10,2,1,80,0.5974161457082003,0.25134514279227194,0.19400838961313815,1.041046703461622,-0.13019137990106391,-0.13510240116152594,0.8768729946633231,0.9026322513297627,0.06149674452584513,0.08037639951851352,0.19830386514676623,16
1,2020,2022,2023,p_l40_s5_b2_e1_n120_tc50_buf4,"L=40, S=5, bins=2, E=1, top_n=120, tc50_buf2",40,5,2,1,120,0.5958155811805451,0.21159812680386042,0.18776606778888572,0.8919944224982372,-0.1338861486193158,-0.1356561900515334,0.9083249957596268,0.9318428099248135,0.03963779184716895,0.1268254433504754,0.1909371387445031,17
1,2020,2022,2023,p_l20_s3_b2_e1_n100_tc50_buf4,"L=20, S=3, bins=2, E=1, top_n=100, tc50_buf2",20,3,2,1,100,0.594507448755799,0.22564026559153622,0.19469944626373725,0.9324563318816375,-0.1209432806808909,-0.12319314988193919,0.883069473427629,0.9169282849519297,0.04124549368383708,0.13164242407478147,0.19618745514492664,18
1,2020,2022,2023,p_l40_s10_b2_e1_n120_tc50_buf4,"L=40, S=10, bins=2, E=1, top_n=120, tc50_buf2",40,10,2,1,120,0.5609329717442336,0.21573671477197007,0.1873058720446239,0.8532909524080805,-0.15459318094873947,-0.16125191906557312,0.905552372335351,0.9309410103954794,0.04011113691791202,0.1456813479652983,0.1846167891955313,19
1,2020,2022,2023,p_l10_s5_b3_e1_n100_tc50_buf4,"L=10, S=5, bins=3, E=1, top_n=100, tc50_buf2",10,5,3,1,100,0.5456273099979222,0.200998711262626,0.18066598992761862,0.826946194921983,-0.11691146176688906,-0.12052204519522824,0.8881969021226213,0.9195694775049711,0.042247457155626285,0.05467723953392836,0.1956935906118774,20
1,2020,2022,2023,p_l10_s3_b2_e1_n120_tc50_buf4,"L=10, S=3, bins=2, E=1, top_n=120, tc50_buf2",10,3,2,1,120,0.5404642981866922,0.19462286435691561,0.16828550239606455,0.7901989802531753,-0.1480885509548141,-0.15153422767936076,0.921640218339529,0.9398675121298558,0.03888198401637178,0.09308507255532211,0.19599108933380066,21
1,2020,2022,2023,p_l40_s5_b3_e1_n120_tc50_buf4,"L=40, S=5, bins=3, E=1, top_n=120, tc50_buf2",40,5,3,1,120,0.5374009672535515,0.19918866380315225,0.1792597766833841,0.8368561325231201,-0.1319027438009058,-0.13235847088334018,0.905790483462016,0.9314714083633719,0.03771788694693583,0.1553768476260027,0.19008847140109594,22
1,2020,2022,2023,p_l20_s10_b2_e1_n120_tc50_buf4,"L=20, S=10, bins=2, E=1, top_n=120, tc50_buf2",20,10,2,1,120,0.5249855406345473,0.19260420329009653,0.1639162014279114,0.7822617541026431,-0.12957758746504092,-0.13127743481071952,0.9085488146360292,0.9341725750009778,0.035321399926313335,0.10608050348613891,0.19180822587063412,23
1,2020,2022,2023,p_l20_s5_b2_e1_n80_tc50_buf4,"L=20, S=5, bins=2, E=1, top_n=80, tc50_buf2",20,5,2,1,80,0.5060053731591506,0.2387808364012426,0.18026670144646828,0.9656222142112676,-0.12023863027655605,-0.1229056122206359,0.8587521215820675,0.8953681988831309,0.056298408066630605,0.11638550315283057,0.1966529890780673,24
1,2020,2022,2023,p_l10_s5_b2_e1_n80_tc50_buf4,"L=10, S=5, bins=2, E=1, top_n=80, tc50_buf2",10,5,2,1,80,0.49238181757088517,0.21307705475427194,0.17655287197118952,0.8812634965090187,-0.11792034812990915,-0.12154477547764042,0.8732493323487746,0.9050565835147315,0.05566224047209077,0.06676005114634743,0.19562047382022701,25
1,2020,2022,2023,p_l40_s3_b3_e1_n120_tc50_buf4,"L=40, S=3, bins=3, E=1, top_n=120, tc50_buf2",40,3,3,1,120,0.4881654112931425,0.19370206797943432,0.1729761584807612,0.8054978227833192,-0.14805661571043213,-0.14945694171058466,0.9066918719284733,0.9314259397636488,0.03906906717055537,0.14582583334649404,0.1906594850762358,26
1,2020,2022,2023,p_l20_s3_b3_e1_n100_tc50_buf4,"L=20, S=3, bins=3, E=1, top_n=100, tc50_buf2",20,3,3,1,100,0.4874185882862308,0.19884812283901476,0.16373929783283647,0.8054545108577895,-0.11118887653052889,-0.11234857791500774,0.8870675703906641,0.9173736493990717,0.044473262813655795,0.11161052195361403,0.19736784664506984,27
1,2020,2022,2023,p_l20_s10_b2_e1_n100_tc50_buf4,"L=20, S=10, bins=2, E=1, top_n=100, tc50_buf2",20,10,2,1,100,0.48304619055297116,0.20010769914344753,0.16731607448191954,0.8243350022208569,-0.12733878020706538,-0.13032654109900288,0.894423387475029,0.9201117664330442,0.04716919171556327,0.1173719458232432,0.19373083856196815,28
1,2020,2022,2023,p_l10_s3_b3_e1_n100_tc50_buf4,"L=10, S=3, bins=3, E=1, top_n=100, tc50_buf2",10,3,3,1,100,0.46571917794571555,0.1823102476218924,0.16051113151397312,0.7454911161366771,-0.12828104720788347,-0.13236203513086486,0.9067512117287847,0.9279395483466202,0.04680547798409347,0.08777094070676263,0.19592892730138953,29
1,2020,2022,2023,p_l20_s10_b3_e1_n120_tc50_buf4,"L=20, S=10, bins=3, E=1, top_n=120, tc50_buf2",20,10,3,1,120,0.4648546662718648,0.1796336114229379,0.15332892116288566,0.7386942959733485,-0.12368918813648382,-0.12724455620128206,0.8989972412434226,0.9319100524462642,0.030707143914380827,0.11208276047551753,0.19011928337431477,30
1,2020,2022,2023,p_l40_s10_b2_e1_n100_tc50_buf4,"L=40, S=10, bins=2, E=1, top_n=100, tc50_buf2",40,10,2,1,100,0.45585184840217924,0.20707565448009116,0.18067081125543405,0.8211486603783593,-0.15337238345689494,-0.1593371814150325,0.887409931273379,0.9164870053960684,0.04854873019798945,0.14829920201297273,0.18594568388853303,31
1,2020,2022,2023,p_l40_s5_b2_e1_n100_tc50_buf4,"L=40, S=5, bins=2, E=1, top_n=100, tc50_buf2",40,5,2,1,100,0.4517838110859312,0.19470635850821771,0.1688824208959081,0.8054473384492589,-0.13708586775450285,-0.13910601968055347,0.892856464483677,0.9179280779280172,0.05033114971550266,0.0962550896527003,0.19171678056676805,32
1,2020,2022,2023,p_l40_s5_b3_e1_n100_tc50_buf4,"L=40, S=5, bins=3, E=1, top_n=100, tc50_buf2",40,5,3,1,100,0.44661263314187577,0.19676667904300837,0.17421578937155457,0.8317169040305666,-0.1349047924046793,-0.13551447462776933,0.8876570982325224,0.9169930699710124,0.04591929809096229,0.15670184184678065,0.1915754940569555,33
1,2020,2022,2023,p_l40_s5_b3_e1_n80_tc50_buf4,"L=40, S=5, bins=3, E=1, top_n=80, tc50_buf2",40,5,3,1,80,0.4190473452472994,0.21461941900043377,0.1868705345107311,0.9264909449693904,-0.13029547139060704,-0.13280846770829535,0.8593879553202841,0.8939951861969726,0.0601931749839632,0.1439543115498865,0.19115009319398346,34
1,2020,2022,2023,p_l40_s10_b3_e1_n120_tc50_buf4,"L=40, S=10, bins=3, E=1, top_n=120, tc50_buf2",40,10,3,1,120,0.4116886107818503,0.19230339660483353,0.17134373591652308,0.7481645369849512,-0.19366378267167755,-0.19895623151966957,0.9088872804296919,0.9346456151810715,0.03788406248272314,0.17664259797685425,0.18166683878075313,35
1,2020,2022,2023,p_l10_s5_b3_e1_n80_tc50_buf4,"L=10, S=5, bins=3, E=1, top_n=80, tc50_buf2",10,5,3,1,80,0.40921337995447865,0.1985969525539287,0.16160495532773567,0.820355734438742,-0.120225112921745,-0.12698841013183337,0.8616332532607642,0.8997633703079815,0.052532293547604476,0.033905917676232494,0.19448566333521364,36
1,2020,2022,2023,p_l10_s3_b3_e1_n120_tc50_buf4,"L=10, S=3, bins=3, E=1, top_n=120, tc50_buf2",10,3,3,1,120,0.40494346717463403,0.16093896229429844,0.14013429014380274,0.6326370366022038,-0.14457336785287758,-0.14733290567714985,0.9181911949559761,0.9396121881965114,0.03532610291360594,0.08140451454499763,0.1952704333695346,37
1,2020,2022,2023,p_l20_s10_b2_e1_n80_tc50_buf4,"L=20, S=10, bins=2, E=1, top_n=80, tc50_buf2",20,10,2,1,80,0.3952729976064273,0.20584837423937205,0.1713652371057952,0.8655282771433427,-0.13197470604608352,-0.13512975159979645,0.8692224920554591,0.8982103985545725,0.06209872483667218,0.1117200587972968,0.1945031665232738,38
1,2020,2022,2023,p_l10_s3_b2_e1_n100_tc50_buf4,"L=10, S=3, bins=2, E=1, top_n=100, tc50_buf2",10,3,2,1,100,0.3863572288414944,0.1770734096704346,0.14573120255774974,0.7141553941865753,-0.1539897199484695,-0.15691752516558566,0.9069476105572006,0.9279992605208458,0.04750674974038273,0.07916606004091663,0.19608457262352147,39
1,2020,2022,2023,p_l20_s3_b2_e1_n80_tc50_buf4,"L=20, S=3, bins=2, E=1, top_n=80, tc50_buf2",20,3,2,1,80,0.3778801789770683,0.21372494329575578,0.16348256886703805,0.8690447148656807,-0.13069898127053056,-0.14016200494799191,0.8606232755709937,0.8971025169551083,0.056455367287086555,0.16819190192967837,0.19609389952846384,40
1,2020,2022,2023,p_l40_s3_b3_e1_n100_tc50_buf4,"L=40, S=3, bins=3, E=1, top_n=100, tc50_buf2",40,3,3,1,100,0.35911389902914526,0.1830501011926714,0.15875730602679217,0.7574345745199342,-0.1498962092908808,-0.1548086623665199,0.8893712304736872,0.9177044847923496,0.04725503083300091,0.1563404463880011,0.1911528556507404,41
1,2020,2022,2023,p_l40_s3_b2_e1_n120_tc50_buf4,"L=40, S=3, bins=2, E=1, top_n=120, tc50_buf2",40,3,2,1,120,0.3564779812628391,0.15911319242530456,0.14387038547323705,0.6153582537285048,-0.15341127425961082,-0.16143253856099593,0.9108911625115508,0.9340650687735715,0.038059764636661914,0.11042019624715312,0.19125009916044308,42
1,2020,2022,2023,p_l20_s10_b3_e1_n100_tc50_buf4,"L=20, S=10, bins=3, E=1, top_n=100, tc50_buf2",20,10,3,1,100,0.3541910278300963,0.1706073489517475,0.14016992543269025,0.7068324474374937,-0.12187322985278431,-0.12556395010583177,0.8906519686343368,0.9203483968381632,0.04400948009675935,0.1332943305330503,0.19235129551526908,43
1,2020,2022,2023,p_l20_s3_b3_e1_n80_tc50_buf4,"L=20, S=3, bins=3, E=1, top_n=80, tc50_buf2",20,3,3,1,80,0.3522610715233213,0.1949240138572608,0.15448842945654406,0.7942237537058665,-0.1202673729891209,-0.13192025298845345,0.8669382362612915,0.8983097764156169,0.06053190852674898,0.10872166829233339,0.19703441131586905,44
1,2020,2022,2023,p_l40_s10_b2_e1_n80_tc50_buf4,"L=40, S=10, bins=2, E=1, top_n=80, tc50_buf2",40,10,2,1,80,0.3270544276391833,0.20947341620160378,0.1837540198861749,0.8190754294074265,-0.16881202996477673,-0.1758120579733634,0.8588890913981924,0.8927506744792765,0.06377923892322913,0.15440395489418796,0.18674886563131277,45
1,2020,2022,2023,p_l40_s5_b2_e1_n80_tc50_buf4,"L=40, S=5, bins=2, E=1, top_n=80, tc50_buf2",40,5,2,1,80,0.32541801094061684,0.19188640143206964,0.1600460678177198,0.7851915214511588,-0.1394586413670107,-0.14072206757877348,0.8660020527445031,0.8961012840692099,0.06396050546274716,0.0743189836449279,0.1911076295220776,46
1,2020,2022,2023,p_l40_s10_b3_e1_n100_tc50_buf4,"L=40, S=10, bins=3, E=1, top_n=100, tc50_buf2",40,10,3,1,100,0.2890886888052619,0.1845030573483828,0.16458632456133282,0.7158736706708165,-0.2055924099773422,-0.21168591216819033,0.8898691555960299,0.9194152844202714,0.046632513556179915,0.16751352345125947,0.18468350269685682,47
1,2020,2022,2023,p_l40_s3_b2_e1_n100_tc50_buf4,"L=40, S=3, bins=2, E=1, top_n=100, tc50_buf2",40,3,2,1,100,0.2835309906345336,0.15574964743423744,0.1383652686814938,0.6045202355806707,-0.14611415588362175,-0.15061108582303318,0.8954930969120833,0.9203331038247013,0.04834792806076655,0.10353530950345849,0.19199743590991453,48
1,2020,2022,2023,p_l20_s10_b3_e1_n80_tc50_buf4,"L=20, S=10, bins=3, E=1, top_n=80, tc50_buf2",20,10,3,1,80,0.26155226825770866,0.18156302877147118,0.1365247871304036,0.7632993819948654,-0.12724426324389346,-0.1318994803960718,0.8640359805915176,0.898109881648844,0.05808966294466162,0.13378693057710908,0.19294704333338986,49
1,2020,2022,2023,p_l10_s3_b3_e1_n80_tc50_buf4,"L=10, S=3, bins=3, E=1, top_n=80, tc50_buf2",10,3,3,1,80,0.25857215876651657,0.1640829970016911,0.135133661138787,0.6504652765238734,-0.14794928359790693,-0.1568258196875435,0.8846983106263407,0.910809803872774,0.05808720519933806,0.06999203859550594,0.19503129293137647,50
1,2020,2022,2023,p_l10_s3_b2_e1_n80_tc50_buf4,"L=10, S=3, bins=2, E=1, top_n=80, tc50_buf2",10,3,2,1,80,0.24868830341046527,0.16836712633974024,0.1339535864917436,0.6719202422770597,-0.15144311638580177,-0.1568667953612789,0.8830982511366486,0.9088462621155373,0.06147133412807035,0.07687217667852367,0.19497697457017388,51
1,2020,2022,2023,p_l40_s10_b3_e1_n80_tc50_buf4,"L=40, S=10, bins=3, E=1, top_n=80, tc50_buf2",40,10,3,1,80,0.18895956710241815,0.18574588385662624,0.1614199509523051,0.7191709091079193,-0.2029369215757605,-0.20775811450532644,0.8635042782768374,0.8978674162902754,0.060050885106436275,0.15952651917311317,0.18502771844499605,52
1,2020,2022,2023,p_l40_s3_b2_e1_n80_tc50_buf4,"L=40, S=3, bins=2, E=1, top_n=80, tc50_buf2",40,3,2,1,80,0.1619351960328742,0.1506884142076975,0.140539731683345,0.5902043129463331,-0.15315619946866926,-0.15841301547341846,0.870344582785741,0.8994364891193821,0.06219656098912523,0.10026818238481246,0.19208190179268098,53
1,2020,2022,2023,p_l40_s3_b3_e1_n80_tc50_buf4,"L=40, S=3, bins=3, E=1, top_n=80, tc50_buf2",40,3,3,1,80,0.1564517381462598,0.16375740909779182,0.14115278560179867,0.6625868316135466,-0.1649915825979934,-0.16919012520897703,0.8642153303663406,0.8980033131263218,0.05879538181849168,0.1493646086962898,0.19087548019902248,54
2,2021,2023,2024,p_l20_s5_b3_e1_n100_tc50_buf4,"L=20, S=5, bins=3, E=1, top_n=100, tc50_buf2",20,5,3,1,100,0.8028404903662404,0.2252747282758392,0.17556755517859268,1.0382093630295346,-0.10952982244940372,-0.11367415492176869,0.8718790870974,0.9095153291543051,0.041614946572931494,0.15779742653398543,0.2037808555701857,1
2,2021,2023,2024,p_l20_s5_b3_e1_n120_tc50_buf4,"L=20, S=5, bins=3, E=1, top_n=120, tc50_buf2",20,5,3,1,120,0.7811480743729365,0.20588593605873684,0.16769100694545913,0.9369664175525401,-0.11993292669149443,-0.12742554976237352,0.8940385773979931,0.9270411993596406,0.031674055293044484,0.15096631980070882,0.2037668932846458,2
2,2021,2023,2024,p_l20_s3_b3_e1_n120_tc50_buf4,"L=20, S=3, bins=3, E=1, top_n=120, tc50_buf2",20,3,3,1,120,0.7736744382858617,0.2037077575612869,0.1581159379879642,0.9269291342351124,-0.11254841100752867,-0.11407384350703931,0.8889607814603048,0.9256332767926627,0.029471738916177517,0.14317216926869206,0.20301814432451024,3
2,2021,2023,2024,p_l20_s3_b2_e1_n120_tc50_buf4,"L=20, S=3, bins=2, E=1, top_n=120, tc50_buf2",20,3,2,1,120,0.7460880598943624,0.19833943739926688,0.15890509384559448,0.8998382956463288,-0.12557491191064774,-0.12737213887643117,0.901956687817377,0.931087592482572,0.03300188233744027,0.14445025006992973,0.2044696564901211,4
2,2021,2023,2024,p_l20_s5_b2_e1_n120_tc50_buf4,"L=20, S=5, bins=2, E=1, top_n=120, tc50_buf2",20,5,2,1,120,0.7395981161043053,0.20722414770204664,0.16989945518177563,0.9460102992400462,-0.12795418382364038,-0.13495388292167287,0.8860456929416043,0.9233079781330272,0.029689242283289643,0.17684443620553736,0.2031801131193295,5
2,2021,2023,2024,p_l20_s3_b2_e1_n100_tc50_buf4,"L=20, S=3, bins=2, E=1, top_n=100, tc50_buf2",20,3,2,1,100,0.7369439191667938,0.21019138914251775,0.1679309145649701,0.969200739599457,-0.12190177273980098,-0.12610005406486746,0.8759922203468924,0.9134341808422717,0.039513191262893294,0.1364880986226488,0.2036386894833614,6
2,2021,2023,2024,p_l20_s5_b3_e1_n80_tc50_buf4,"L=20, S=5, bins=3, E=1, top_n=80, tc50_buf2",20,5,3,1,80,0.700749010026773,0.23460275499250655,0.16586133133776637,1.0963250537956892,-0.11007042460229147,-0.11354541595293399,0.8424166574844194,0.885819783610263,0.05544027297216629,0.17351285093092414,0.20269833383180969,7
2,2021,2023,2024,p_l40_s3_b3_e1_n120_tc50_buf4,"L=40, S=3, bins=3, E=1, top_n=120, tc50_buf2",40,3,3,1,120,0.6526120114675554,0.17228287879909532,0.14266374644790747,0.7828138401202147,-0.11700115514470127,-0.11932086167589584,0.9014502956788806,0.9286406641299352,0.037304280162823424,0.14824196009765575,0.20579339260462448,8
2,2021,2023,2024,p_l10_s10_b3_e1_n120_tc50_buf4,"L=10, S=10, bins=3, E=1, top_n=120, tc50_buf2",10,10,3,1,120,0.6525474799251886,0.16678099051772968,0.14904521177687102,0.7038540065869943,-0.13070662561156546,-0.1338078312487223,0.9121232464802564,0.9349146004897011,0.03642421834787446,0.1200527898706538,0.20456228587022748,9
2,2021,2023,2024,p_l20_s5_b2_e1_n100_tc50_buf4,"L=20, S=5, bins=2, E=1, top_n=100, tc50_buf2",20,5,2,1,100,0.6395384705360952,0.2023952696823544,0.15819727858356725,0.9196324459179412,-0.12937980427941037,-0.1364389743204374,0.8651195069184084,0.9066230079852657,0.0394525290388665,0.15457339579246338,0.20322029473312736,10
2,2021,2023,2024,p_l10_s10_b3_e1_n100_tc50_buf4,"L=10, S=10, bins=3, E=1, top_n=100, tc50_buf2",10,10,3,1,100,0.6224687068484434,0.1799394978640718,0.154020490559307,0.7703317863748773,-0.13270797537874526,-0.1386726156893423,0.8954083751703118,0.9196679896000022,0.048229827588479546,0.13329007935683865,0.20559102908489962,11
2,2021,2023,2024,p_l40_s10_b3_e1_n120_tc50_buf4,"L=40, S=10, bins=3, E=1, top_n=120, tc50_buf2",40,10,3,1,120,0.618751947355238,0.17904897930176286,0.14912447415748176,0.759526915610343,-0.1354369989531211,-0.13930498137425695,0.9021108293863631,0.9290944254251369,0.03912612238863551,0.1764085035015784,0.19928551935244507,12
2,2021,2023,2024,p_l40_s5_b3_e1_n120_tc50_buf4,"L=40, S=5, bins=3, E=1, top_n=120, tc50_buf2",40,5,3,1,120,0.6095533116557372,0.16370225999639426,0.13840794189850714,0.7331895525044598,-0.11640486335259315,-0.11844334570221438,0.8995466201742432,0.9274706277042761,0.03770637147737616,0.16303096097052952,0.20430359372670814,13
2,2021,2023,2024,p_l20_s3_b3_e1_n100_tc50_buf4,"L=20, S=3, bins=3, E=1, top_n=100, tc50_buf2",20,3,3,1,100,0.6092288055886796,0.17660198934469346,0.1305828220421934,0.7791471997944,-0.11052146094504825,-0.11272005747379832,0.8795505379488329,0.9140553068632179,0.04215641056631163,0.12300691406966004,0.20466756115840717,14
2,2021,2023,2024,p_l40_s5_b2_e1_n120_tc50_buf4,"L=40, S=5, bins=2, E=1, top_n=120, tc50_buf2",40,5,2,1,120,0.6027557699155534,0.1687879224982974,0.14015155854211492,0.7563777821734246,-0.13336133274217343,-0.1356561900515334,0.9047505394279125,0.9299659398954012,0.038311042023362794,0.13833245495685317,0.2053355906255615,15
2,2021,2023,2024,p_l20_s3_b2_e1_n80_tc50_buf4,"L=20, S=3, bins=2, E=1, top_n=80, tc50_buf2",20,3,2,1,80,0.6014654947610476,0.21205782507719523,0.1553972512006574,0.9795510321691473,-0.1255702690007031,-0.12859363113264644,0.8522689692048565,0.8919332321830356,0.056620080603387954,0.16383607454414928,0.20313190209256934,16
2,2021,2023,2024,p_l40_s10_b2_e1_n120_tc50_buf4,"L=40, S=10, bins=2, E=1, top_n=120, tc50_buf2",40,10,2,1,120,0.5876039023662507,0.17820266849439748,0.14599208578226208,0.7441193522427754,-0.14404606897447442,-0.14812235809373686,0.9006000460681552,0.9266906035978582,0.04088777100246888,0.15603535494164314,0.2017910102321011,17
2,2021,2023,2024,p_l10_s10_b3_e1_n80_tc50_buf4,"L=10, S=10, bins=3, E=1, top_n=80, tc50_buf2",10,10,3,1,80,0.5848630493445286,0.19783828488254077,0.15813719547809701,0.8646866763286246,-0.12962365911657908,-0.13937883055690592,0.8685479070283054,0.8967100075961094,0.0641263491670942,0.14769510902150287,0.20453067844525544,18
2,2021,2023,2024,p_l20_s10_b3_e1_n120_tc50_buf4,"L=20, S=10, bins=3, E=1, top_n=120, tc50_buf2",20,10,3,1,120,0.5808766006531744,0.15784654733676667,0.12964100427950953,0.67940923661831,-0.12368918813648383,-0.12724455620128183,0.894353362964334,0.9286965427018455,0.030103029238447567,0.12136362258679709,0.20062745886189925,19
2,2021,2023,2024,p_l40_s5_b3_e1_n100_tc50_buf4,"L=40, S=5, bins=3, E=1, top_n=100, tc50_buf2",40,5,3,1,100,0.5747900037304513,0.16917916946681377,0.14109926162265674,0.7738515902601342,-0.11079374795076541,-0.1155075880368267,0.8786925681417035,0.9103586247761335,0.04796770632536708,0.16222084467255238,0.20511995567121372,20
2,2021,2023,2024,p_l40_s3_b2_e1_n120_tc50_buf4,"L=40, S=3, bins=2, E=1, top_n=120, tc50_buf2",40,3,2,1,120,0.5728568681068534,0.15482582821820995,0.1266344781957629,0.6594453092411584,-0.13306368866884977,-0.13458961882747456,0.9121527391244233,0.9351046123443277,0.03630430959569378,0.11050966112019299,0.20604443730983246,21
2,2021,2023,2024,p_l10_s3_b2_e1_n120_tc50_buf4,"L=10, S=3, bins=2, E=1, top_n=120, tc50_buf2",10,3,2,1,120,0.5715780136075206,0.16229443781896077,0.12887932711415773,0.668976386027694,-0.1480885509548141,-0.15153422767936053,0.9187345327557959,0.9386027863079008,0.03792104526180672,0.10577291686896166,0.2042225403681017,22
2,2021,2023,2024,p_l20_s5_b2_e1_n80_tc50_buf4,"L=20, S=5, bins=2, E=1, top_n=80, tc50_buf2",20,5,2,1,80,0.5689052309040594,0.20397931424854343,0.14661406299206514,0.9229297088457972,-0.12164433854245654,-0.12697831832640205,0.8482140115732855,0.8873711901657942,0.05901378237381506,0.13684440596725117,0.20349239584869092,23
2,2021,2023,2024,p_l40_s3_b3_e1_n100_tc50_buf4,"L=40, S=3, bins=3, E=1, top_n=100, tc50_buf2",40,3,3,1,100,0.5667173173330614,0.17371911648228744,0.14076590018725565,0.7968904809570937,-0.12317637721732365,-0.12544263452050186,0.8827033939224544,0.9130962643821553,0.04733681722923522,0.15526333890758587,0.20580097633853747,24
2,2021,2023,2024,p_l10_s10_b2_e1_n120_tc50_buf4,"L=10, S=10, bins=2, E=1, top_n=120, tc50_buf2",10,10,2,1,120,0.5514001184766065,0.1536513024179335,0.13683059996861924,0.6344595255404273,-0.13719126211396557,-0.14050271108618995,0.9086169880596984,0.933828567408521,0.03459318582885507,0.1565005888739003,0.20422445684188312,25
2,2021,2023,2024,p_l40_s10_b3_e1_n100_tc50_buf4,"L=40, S=10, bins=3, E=1, top_n=100, tc50_buf2",40,10,3,1,100,0.5502537123399074,0.1735122159513386,0.14377797399617465,0.7436763255805501,-0.12610570562177487,-0.13049370658959658,0.8808119946127739,0.9114956212345918,0.04957873504716403,0.1667395280479385,0.20123926227297162,26
2,2021,2023,2024,p_l40_s10_b2_e1_n100_tc50_buf4,"L=40, S=10, bins=2, E=1, top_n=100, tc50_buf2",40,10,2,1,100,0.5093551889512735,0.1794642092127665,0.1426192237689854,0.7567075392552883,-0.145865327970652,-0.14961633883609282,0.8797106864938639,0.90977139298939,0.050913874640331494,0.15427903320405595,0.20251983639777513,27
2,2021,2023,2024,p_l10_s5_b3_e1_n120_tc50_buf4,"L=10, S=5, bins=3, E=1, top_n=120, tc50_buf2",10,5,3,1,120,0.5008643756669412,0.14911791691111473,0.13615678908033035,0.628575432318462,-0.15311670936693078,-0.16041245892086498,0.892215586250184,0.9284941173953738,0.02851668815727143,0.09315379234953751,0.20193999993253864,28
2,2021,2023,2024,p_l10_s5_b2_e1_n120_tc50_buf4,"L=10, S=5, bins=2, E=1, top_n=120, tc50_buf2",10,5,2,1,120,0.4980933546027667,0.16060639553905273,0.13660450238119726,0.6819357788243257,-0.16354365166818233,-0.16908686266566653,0.899852930837886,0.9312841869728378,0.03105092322484324,0.13056866660064112,0.20306369100159835,29
2,2021,2023,2024,p_l40_s3_b2_e1_n100_tc50_buf4,"L=40, S=3, bins=2, E=1, top_n=100, tc50_buf2",40,3,2,1,100,0.496491061600735,0.15392723520367735,0.1229057595298908,0.6561159824492258,-0.13513686651339407,-0.1376322705959936,0.8938377390018116,0.9199333365843668,0.046583995937478515,0.10252413132069958,0.20613061218212897,30
2,2021,2023,2024,p_l40_s5_b2_e1_n100_tc50_buf4,"L=40, S=5, bins=2, E=1, top_n=100, tc50_buf2",40,5,2,1,100,0.495278324642778,0.15443199843697425,0.12964632450227587,0.6781147726085696,-0.13114013734127358,-0.13608333711409148,0.8869582028758001,0.9139730570974882,0.050561331631880174,0.1075828492915102,0.20553572162977962,31
2,2021,2023,2024,p_l40_s10_b2_e1_n80_tc50_buf4,"L=40, S=10, bins=2, E=1, top_n=80, tc50_buf2",40,10,2,1,80,0.4872595058251865,0.19556381524624208,0.15558587789795175,0.8361841961531155,-0.13981923275089958,-0.14344266422837304,0.8489991179268854,0.8834869367018512,0.068113502602608,0.15421903387599742,0.20214633391503584,32
2,2021,2023,2024,p_l20_s10_b2_e1_n120_tc50_buf4,"L=20, S=10, bins=2, E=1, top_n=120, tc50_buf2",20,10,2,1,120,0.4764421778020331,0.14196645171866226,0.11835301599096981,0.577944386230158,-0.13970086286463004,-0.14962648150654823,0.9033372708956114,0.9314555482411827,0.03377909389680573,0.1323083362367662,0.20254120383061877,33
2,2021,2023,2024,p_l10_s3_b3_e1_n100_tc50_buf4,"L=10, S=3, bins=3, E=1, top_n=100, tc50_buf2",10,3,3,1,100,0.47368313098589315,0.14791298300511813,0.11168755580906642,0.6088959133515477,-0.13611056069694122,-0.14155751102538205,0.9020033261341206,0.9256143103549009,0.04631000881471709,0.10690115807132632,0.20363529914670137,34
2,2021,2023,2024,p_l20_s10_b3_e1_n100_tc50_buf4,"L=20, S=10, bins=3, E=1, top_n=100, tc50_buf2",20,10,3,1,100,0.47050562859884604,0.150449183169971,0.12035903049241026,0.6455819361014182,-0.12470371984406992,-0.1345608536135552,0.8850923425968324,0.9148304521147907,0.04672234882574014,0.1418539491804218,0.20286192454681634,35
2,2021,2023,2024,p_l40_s5_b3_e1_n80_tc50_buf4,"L=40, S=5, bins=3, E=1, top_n=80, tc50_buf2",40,5,3,1,80,0.46679109726798895,0.17159500746191428,0.1389102263429296,0.8005284370750709,-0.11279053452975497,-0.11832523241015946,0.84744117310471,0.8844319609464896,0.06417875658042838,0.15457983063424102,0.20379354012831655,36
2,2021,2023,2024,p_l10_s5_b2_e1_n100_tc50_buf4,"L=10, S=5, bins=2, E=1, top_n=100, tc50_buf2",10,5,2,1,100,0.45676880265777203,0.16099033652688888,0.13106515013808728,0.6808110633609314,-0.1549596521920255,-0.1617667633914438,0.8858457735904773,0.9186224830245481,0.04163539138497266,0.13125252789448033,0.20334506196732305,37
2,2021,2023,2024,p_l20_s10_b2_e1_n100_tc50_buf4,"L=20, S=10, bins=2, E=1, top_n=100, tc50_buf2",20,10,2,1,100,0.45209794802840175,0.14665677019095083,0.11727411977723334,0.6076951787563938,-0.12791043127496485,-0.131912790275574,0.8880877945464312,0.9162775366290982,0.04641185149512935,0.1412860158353802,0.20402703297269137,38
2,2021,2023,2024,p_l40_s3_b2_e1_n80_tc50_buf4,"L=40, S=3, bins=2, E=1, top_n=80, tc50_buf2",40,3,2,1,80,0.44023271935711517,0.155771715322397,0.12483666626449996,0.6765370296091194,-0.1256310648696965,-0.1287165231627313,0.8665856169827673,0.8975296561178615,0.061018094061047266,0.09656809397470756,0.20530202156174046,39
2,2021,2023,2024,p_l40_s10_b3_e1_n80_tc50_buf4,"L=40, S=10, bins=3, E=1, top_n=80, tc50_buf2",40,10,3,1,80,0.43969068680917783,0.1729011661374823,0.13754130778387563,0.7483484749591724,-0.12464323206443823,-0.12908366922650216,0.8510864407209268,0.8865397698040385,0.06511895703591156,0.15955871916495648,0.2009616696427551,40
2,2021,2023,2024,p_l10_s10_b2_e1_n100_tc50_buf4,"L=10, S=10, bins=2, E=1, top_n=100, tc50_buf2",10,10,2,1,100,0.43541055825081615,0.15307280565314374,0.13090765515805436,0.6360136711851476,-0.15236301550051268,-0.15981128027130653,0.8952055951034185,0.9192454145999494,0.048460079952341834,0.15393685292153012,0.20599266259608057,41
2,2021,2023,2024,p_l20_s3_b3_e1_n80_tc50_buf4,"L=20, S=3, bins=3, E=1, top_n=80, tc50_buf2",20,3,3,1,80,0.43483975378765316,0.16495376361054415,0.11944830032625187,0.7222916247904672,-0.12159616957313735,-0.12385747287666604,0.8589109152622808,0.8934789845990091,0.060209901370871705,0.1265521753594618,0.20421090770210634,42
2,2021,2023,2024,p_l10_s3_b3_e1_n120_tc50_buf4,"L=10, S=3, bins=3, E=1, top_n=120, tc50_buf2",10,3,3,1,120,0.43065756403836297,0.13041563848038834,0.09467835376080114,0.5116328206766246,-0.14457336785287744,-0.14733290567714963,0.9143869414628446,0.9383811012227024,0.03341210590884144,0.09147344151769633,0.203367949187003,43
2,2021,2023,2024,p_l10_s5_b3_e1_n100_tc50_buf4,"L=10, S=5, bins=3, E=1, top_n=100, tc50_buf2",10,5,3,1,100,0.41506403590889374,0.14511855522086164,0.12725956366670976,0.6035442472482836,-0.1524557126676356,-0.16069896969379704,0.8797794287835627,0.915709964494756,0.04058846796752694,0.10101430911882839,0.20266476251636387,44
2,2021,2023,2024,p_l40_s3_b3_e1_n80_tc50_buf4,"L=40, S=3, bins=3, E=1, top_n=80, tc50_buf2",40,3,3,1,80,0.40713270916678557,0.16144618669744037,0.12405341937016678,0.7318395489437888,-0.1232268217350532,-0.12802566834571283,0.8544873419235715,0.8902953606976389,0.061255204282706255,0.14671566631705166,0.20476669959666072,45
2,2021,2023,2024,p_l10_s10_b2_e1_n80_tc50_buf4,"L=10, S=10, bins=2, E=1, top_n=80, tc50_buf2",10,10,2,1,80,0.40215047171773466,0.16758135096841895,0.12721087941172105,0.7125562515872574,-0.1414230615553746,-0.1536634892353772,0.8667474405951202,0.8952649198324012,0.06470796611382686,0.14370069623352125,0.20481030290326716,46
2,2021,2023,2024,p_l10_s3_b2_e1_n100_tc50_buf4,"L=10, S=3, bins=2, E=1, top_n=100, tc50_buf2",10,3,2,1,100,0.40067241508760276,0.14319269872486345,0.10452066768397406,0.581817011927637,-0.15398971994846955,-0.15691752516558588,0.9020279253693688,0.9252683486819812,0.04733955856760612,0.09451665150998739,0.2040572385610557,47
2,2021,2023,2024,p_l40_s5_b2_e1_n80_tc50_buf4,"L=40, S=5, bins=2, E=1, top_n=80, tc50_buf2",40,5,2,1,80,0.3938808155707595,0.15518124764979335,0.12120703809348554,0.6853855954701891,-0.13026649070525265,-0.1358753974867949,0.8579542728219716,0.8901271725944824,0.06558896353089361,0.08433504987486053,0.20407136302513504,48
2,2021,2023,2024,p_l20_s10_b3_e1_n80_tc50_buf4,"L=20, S=10, bins=3, E=1, top_n=80, tc50_buf2",20,10,3,1,80,0.38528428809807314,0.16304443521634907,0.11707998861975888,0.713168522839845,-0.1272740007998916,-0.1321671184000548,0.8553910951810938,0.8891154041059087,0.06380374895825447,0.14010968356499065,0.20279578035407525,49
2,2021,2023,2024,p_l10_s5_b2_e1_n80_tc50_buf4,"L=10, S=5, bins=2, E=1, top_n=80, tc50_buf2",10,5,2,1,80,0.3158379130916125,0.14894437941271063,0.11449068567465281,0.6231413060188508,-0.15366568135946176,-0.15802677382614594,0.865352317649263,0.8996384544106539,0.057656890061502875,0.1234690379596422,0.20283202927299462,50
2,2021,2023,2024,p_l10_s3_b2_e1_n80_tc50_buf4,"L=10, S=3, bins=2, E=1, top_n=80, tc50_buf2",10,3,2,1,80,0.31389774090387174,0.14021217402554811,0.10556752908749534,0.5669760592726001,-0.15144311638580174,-0.15686679536127912,0.8765970720917875,0.9046346194794237,0.06232315221631416,0.09052411966582607,0.2026069664380629,51
2,2021,2023,2024,p_l20_s10_b2_e1_n80_tc50_buf4,"L=20, S=10, bins=2, E=1, top_n=80, tc50_buf2",20,10,2,1,80,0.30784675329028277,0.14301054830040696,0.1109924584353934,0.5924290680697825,-0.13498681406999927,-0.1455398465579707,0.8599027651228394,0.8915242811494556,0.06304234296169434,0.13919954556883346,0.20408014771070057,52
2,2021,2023,2024,p_l10_s5_b3_e1_n80_tc50_buf4,"L=10, S=5, bins=3, E=1, top_n=80, tc50_buf2",10,5,3,1,80,0.27206992616587206,0.1387464405107859,0.10253678582779013,0.5735896468845616,-0.14900357846966564,-0.15610892112069996,0.8490894585587434,0.8925938509028806,0.05295722885350316,0.07495460030142016,0.20071064463527655,53
2,2021,2023,2024,p_l10_s3_b3_e1_n80_tc50_buf4,"L=10, S=3, bins=3, E=1, top_n=80, tc50_buf2",10,3,3,1,80,0.17670173861880897,0.10804309383441812,0.07662572825112512,0.4030387531316995,-0.1484184733602268,-0.1568258196875434,0.8765636688111479,0.9053976380321394,0.059810728312626495,0.0959094117190847,0.20220560187632852,54
3,2022,2024,2025,p_l20_s3_b3_e1_n120_tc50_buf4,"L=20, S=3, bins=3, E=1, top_n=120, tc50_buf2",20,3,3,1,120,0.8998139846556108,0.09583376912320547,0.07250905183946044,0.21273724202202843,-0.2267805684816747,-0.23551398106851218,0.8863267432444739,0.9237771559880995,0.029194011633733363,0.03996302750829931,0.20381677360773018,1
3,2022,2024,2025,p_l40_s3_b3_e1_n120_tc50_buf4,"L=40, S=3, bins=3, E=1, top_n=120, tc50_buf2",40,3,3,1,120,0.8921963301045213,0.08611239744775287,0.06793434665241516,0.1756832410941991,-0.2117201824302081,-0.2130397725326859,0.8986287483259476,0.9270179496665948,0.03640246674198519,0.04408782678234358,0.2057135194755254,2
3,2022,2024,2025,p_l10_s10_b3_e1_n120_tc50_buf4,"L=10, S=10, bins=3, E=1, top_n=120, tc50_buf2",10,10,3,1,120,0.8512364350428496,0.0832561747198058,0.07272138973805631,0.17293754608771422,-0.25710670557665466,-0.2655510171859409,0.9029823387888116,0.9307362927138443,0.033583113413757235,0.0557040693951567,0.20498710756982041,3
3,2022,2024,2025,p_l20_s10_b3_e1_n120_tc50_buf4,"L=20, S=10, bins=3, E=1, top_n=120, tc50_buf2",20,10,3,1,120,0.8474127493779928,0.07758446678582111,0.057392156280468454,0.14853235082120508,-0.2236174511783909,-0.2308582677556974,0.892816485301811,0.9273146343907673,0.030614162499720765,0.017252044009632612,0.202052154367235,4
3,2022,2024,2025,p_l40_s3_b2_e1_n120_tc50_buf4,"L=40, S=3, bins=2, E=1, top_n=120, tc50_buf2",40,3,2,1,120,0.8468746582669273,0.07111423835947758,0.05358498115858801,0.1311973827876981,-0.20118720823708355,-0.20516957809991265,0.905880981748689,0.9315903949078387,0.035692480262733424,0.0609549143012321,0.2053010929289792,5
3,2022,2024,2025,p_l20_s3_b2_e1_n120_tc50_buf4,"L=20, S=3, bins=2, E=1, top_n=120, tc50_buf2",20,3,2,1,120,0.8468592249889886,0.07681791819542366,0.05610866677059656,0.15041845577671134,-0.21244634262254017,-0.21839792025100901,0.8965122276601009,0.9276441743054562,0.032789455478264985,0.04212606303046076,0.20443327752939647,6
3,2022,2024,2025,p_l20_s5_b3_e1_n120_tc50_buf4,"L=20, S=5, bins=3, E=1, top_n=120, tc50_buf2",20,5,3,1,120,0.8319576086173613,0.08157902194421081,0.06106583876183125,0.16418073352931917,-0.23195038664105694,-0.24049696253909592,0.8937201694152481,0.9261261917065039,0.032425776212673625,0.059638138296164774,0.2044055840275673,7
3,2022,2024,2025,p_l20_s3_b2_e1_n100_tc50_buf4,"L=20, S=3, bins=2, E=1, top_n=100, tc50_buf2",20,3,2,1,100,0.8199093747730845,0.08926268182993954,0.0669702236110179,0.19107853978563416,-0.21697413138785812,-0.22582882759018474,0.8764743520631266,0.9122868984951453,0.04106713124974166,0.0510045471216684,0.2043792941567046,8
3,2022,2024,2025,p_l20_s5_b2_e1_n120_tc50_buf4,"L=20, S=5, bins=2, E=1, top_n=120, tc50_buf2",20,5,2,1,120,0.8102330216351346,0.07500549640049001,0.05803703297469465,0.14478112618221067,-0.2129968648976402,-0.2175538320814644,0.8857326176728687,0.9229531984988958,0.030027324077373692,0.06510076249944506,0.20313833991077077,9
3,2022,2024,2025,p_l10_s10_b3_e1_n100_tc50_buf4,"L=10, S=10, bins=3, E=1, top_n=100, tc50_buf2",10,10,3,1,100,0.8081122693712786,0.08846567772983718,0.07728954004387911,0.19111593060033297,-0.2460862145040026,-0.2571069565030868,0.8856076280302501,0.9155007752856474,0.0447428929454044,0.06702894016715083,0.20560998622236348,10
3,2022,2024,2025,p_l20_s3_b3_e1_n100_tc50_buf4,"L=20, S=3, bins=3, E=1, top_n=100, tc50_buf2",20,3,3,1,100,0.7964276997468176,0.0864025326424983,0.05915439757626695,0.18362543499009495,-0.21701728860171188,-0.22639871083778784,0.8712402386417212,0.9099906346364242,0.039789653626465436,0.031885052694569614,0.20420883519475486,11
3,2022,2024,2025,p_l40_s3_b2_e1_n100_tc50_buf4,"L=40, S=3, bins=2, E=1, top_n=100, tc50_buf2",40,3,2,1,100,0.7796968423450232,0.07454351362529926,0.05434670573638822,0.14221342641283508,-0.21188755929981307,-0.21413714325349398,0.8870902532777575,0.9168404633559817,0.044252803568582716,0.051046890724661675,0.2054765890545677,12
3,2022,2024,2025,p_l20_s5_b3_e1_n100_tc50_buf4,"L=20, S=5, bins=3, E=1, top_n=100, tc50_buf2",20,5,3,1,100,0.7742458935970742,0.08899300413420533,0.06304608715456572,0.18695389107037008,-0.22883349596271557,-0.23823294056155586,0.8712497468508383,0.9088648281118668,0.041307851251641665,0.06978558496452371,0.20432666289164053,13
3,2022,2024,2025,p_l40_s3_b3_e1_n100_tc50_buf4,"L=40, S=3, bins=3, E=1, top_n=100, tc50_buf2",40,3,3,1,100,0.7702768251577973,0.08037042463707549,0.05426622086924038,0.15731875094005726,-0.22104164690788972,-0.22233352047067134,0.8807274462102551,0.912005940065201,0.04617425561251719,0.03983585369421015,0.20606340120534258,14
3,2022,2024,2025,p_l20_s5_b2_e1_n100_tc50_buf4,"L=20, S=5, bins=2, E=1, top_n=100, tc50_buf2",20,5,2,1,100,0.7607898833344862,0.08502178059338077,0.054013658842394285,0.1761195423935612,-0.2098797585045132,-0.21675826416364607,0.8646416753917516,0.9061770699325022,0.039305314758904204,0.06011429024462614,0.2032791866883811,15
3,2022,2024,2025,p_l40_s5_b3_e1_n120_tc50_buf4,"L=40, S=5, bins=3, E=1, top_n=120, tc50_buf2",40,5,3,1,120,0.7566700559749137,0.05958423859249332,0.03542272597804219,0.09144669716097044,-0.21199729091107716,-0.21584772387389017,0.8968018557128663,0.9261774798706887,0.03638098474216242,0.031050875271645323,0.20485958553655503,16
3,2022,2024,2025,p_l40_s5_b3_e1_n100_tc50_buf4,"L=40, S=5, bins=3, E=1, top_n=100, tc50_buf2",40,5,3,1,100,0.7451384338553495,0.07672051651769397,0.04334135932062222,0.1465815843936763,-0.2070995384632197,-0.20839101857478037,0.8755712369606964,0.9092193303200651,0.046053701657323566,0.03642944223313057,0.2052068957461672,17
3,2022,2024,2025,p_l20_s10_b2_e1_n120_tc50_buf4,"L=20, S=10, bins=2, E=1, top_n=120, tc50_buf2",20,10,2,1,120,0.7183351033603427,0.05227817939588261,0.0412840930589462,0.06806166237033912,-0.2456209663315946,-0.254699610539472,0.8999509199328126,0.9286310538915673,0.035338505109146934,0.02574071276949917,0.20403271610430654,18
3,2022,2024,2025,p_l20_s10_b3_e1_n100_tc50_buf4,"L=20, S=10, bins=3, E=1, top_n=100, tc50_buf2",20,10,3,1,100,0.7087902157821824,0.060560773477469576,0.04344284955348798,0.09504298688519987,-0.2202538675823279,-0.22872045862476387,0.882999096198935,0.9138981078896086,0.04591706385272389,0.01927119153892655,0.2040815200442022,19
3,2022,2024,2025,p_l10_s10_b2_e1_n120_tc50_buf4,"L=10, S=10, bins=2, E=1, top_n=120, tc50_buf2",10,10,2,1,120,0.7078223863926465,0.04984601071285883,0.038391824571580635,0.06475322006759217,-0.23721610840391522,-0.24699886695363837,0.8993378080451812,0.9293382485583623,0.03275262096406131,0.05047525016128826,0.20431689882709578,20
3,2022,2024,2025,p_l40_s10_b3_e1_n120_tc50_buf4,"L=40, S=10, bins=3, E=1, top_n=120, tc50_buf2",40,10,3,1,120,0.703253391114196,0.052765767721082754,0.030875421723684404,0.06850294553505691,-0.22770523783436009,-0.22921820369357027,0.8999506676537199,0.9283436676582593,0.037171307623656655,0.06047249531468646,0.20153709886465768,21
3,2022,2024,2025,p_l10_s10_b3_e1_n80_tc50_buf4,"L=10, S=10, bins=3, E=1, top_n=80, tc50_buf2",10,10,3,1,80,0.7022815106072381,0.08877958427561151,0.0773501102596088,0.1931193984477294,-0.24792752140682467,-0.2617497379926348,0.861155401248594,0.8938784879402254,0.06048867471901423,0.06664592431014113,0.20502809845460404,22
3,2022,2024,2025,p_l10_s5_b3_e1_n120_tc50_buf4,"L=10, S=5, bins=3, E=1, top_n=120, tc50_buf2",10,5,3,1,120,0.6883552015287749,0.05781964487187349,0.035331677021997576,0.0908279447019025,-0.24844576805652277,-0.2622766915667366,0.8906891565624443,0.9271479260970836,0.029383674139093603,0.07833272862133553,0.2028339079888418,23
3,2022,2024,2025,p_l20_s5_b3_e1_n80_tc50_buf4,"L=20, S=5, bins=3, E=1, top_n=80, tc50_buf2",20,5,3,1,80,0.6844377131031012,0.09618767879795581,0.05957382292527846,0.21096592079573342,-0.22629150178798862,-0.23624927132530504,0.840875961510275,0.8851223127971911,0.053868495118289096,0.06140353005503885,0.20320338746857872,24
3,2022,2024,2025,p_l20_s3_b2_e1_n80_tc50_buf4,"L=20, S=3, bins=2, E=1, top_n=80, tc50_buf2",20,3,2,1,80,0.6737903731238761,0.08196705826153823,0.05523531663578307,0.16667002724742236,-0.22189575364696001,-0.23346673681349916,0.8511231041634635,0.8913228134715729,0.055074282710459964,0.04210658983197027,0.20353583302531847,25
3,2022,2024,2025,p_l20_s3_b3_e1_n80_tc50_buf4,"L=20, S=3, bins=3, E=1, top_n=80, tc50_buf2",20,3,3,1,80,0.6726844785345943,0.08557079878570256,0.04360516715134333,0.18030735747164442,-0.21418149673205042,-0.2238609071111307,0.851149343055099,0.8899194575763489,0.05689242796959569,0.03550922852428479,0.20405127413180735,26
3,2022,2024,2025,p_l40_s10_b2_e1_n120_tc50_buf4,"L=40, S=10, bins=2, E=1, top_n=120, tc50_buf2",40,10,2,1,120,0.6693531494186779,0.046236577586146285,0.028828788649691406,0.04809014401233716,-0.23590348048998278,-0.2389873828796404,0.8983728155979299,0.9270093890990706,0.038217160068546835,0.04773961547141295,0.20100683517300313,27
3,2022,2024,2025,p_l20_s10_b2_e1_n100_tc50_buf4,"L=20, S=10, bins=2, E=1, top_n=100, tc50_buf2",20,10,2,1,100,0.6593607079933487,0.05542037230169402,0.03627820270225035,0.07852754192777502,-0.23662628413798587,-0.24777368665928867,0.8828361710050951,0.9131659272323103,0.04660629929092465,0.018683753801009517,0.20528364747724812,28
3,2022,2024,2025,p_l20_s5_b2_e1_n80_tc50_buf4,"L=20, S=5, bins=2, E=1, top_n=80, tc50_buf2",20,5,2,1,80,0.6492549470909752,0.0833119046078558,0.05150126915178199,0.16942260383122326,-0.2134819955243984,-0.22304987172932234,0.8455936114177443,0.8866535604584377,0.0567135252285884,0.06640168233634137,0.2033197142333252,29
3,2022,2024,2025,p_l20_s10_b3_e1_n80_tc50_buf4,"L=20, S=10, bins=3, E=1, top_n=80, tc50_buf2",20,10,3,1,80,0.6389812581266042,0.07176055110523206,0.04238903419810369,0.13028970846315213,-0.20829792687223936,-0.2159923480367728,0.8542092206741891,0.889319577511644,0.06200844774230421,0.017205061999479996,0.2042275911629638,30
3,2022,2024,2025,p_l40_s3_b3_e1_n80_tc50_buf4,"L=40, S=3, bins=3, E=1, top_n=80, tc50_buf2",40,3,3,1,80,0.6359650298610571,0.07901420901931543,0.044817016371288876,0.15329280382298027,-0.21920821438606783,-0.22171885549262416,0.8512448471648093,0.8885807732364474,0.059523273956640144,0.04736187260556068,0.2051459106567176,31
3,2022,2024,2025,p_l40_s10_b3_e1_n100_tc50_buf4,"L=40, S=10, bins=3, E=1, top_n=100, tc50_buf2",40,10,3,1,100,0.6303257497175984,0.05784548563563684,0.025671183914641293,0.08339669416816341,-0.2264535151692364,-0.2283354751097879,0.8781905630708485,0.9107650184996712,0.04728878407323581,0.05533574469305423,0.20267901339062294,32
3,2022,2024,2025,p_l40_s5_b2_e1_n120_tc50_buf4,"L=40, S=5, bins=2, E=1, top_n=120, tc50_buf2",40,5,2,1,120,0.6161936070930711,0.03702327826391086,0.01715704570335297,0.021545059045146957,-0.2452510031698887,-0.24660604815214504,0.9021117621232959,0.9290281178542741,0.03644376314897346,0.061177386146315224,0.20490025956632196,33
3,2022,2024,2025,p_l10_s10_b2_e1_n100_tc50_buf4,"L=10, S=10, bins=2, E=1, top_n=100, tc50_buf2",10,10,2,1,100,0.6098485673873523,0.04748709795201305,0.03658702562003424,0.05736058134624132,-0.24428155182667333,-0.25557610678960296,0.8846727800118189,0.9149121739759326,0.044754077801096734,0.07031626093806842,0.20600918523775802,34
3,2022,2024,2025,p_l40_s5_b3_e1_n80_tc50_buf4,"L=40, S=5, bins=3, E=1, top_n=80, tc50_buf2",40,5,3,1,80,0.6010811960081074,0.07051987470621793,0.03971101209816941,0.12679465489207498,-0.21206388360572306,-0.21372644823967324,0.847046782255289,0.8849766595574445,0.062481791712647325,0.026574347913585265,0.20436685338570298,35
3,2022,2024,2025,p_l10_s5_b2_e1_n120_tc50_buf4,"L=10, S=5, bins=2, E=1, top_n=120, tc50_buf2",10,5,2,1,120,0.5967530843237542,0.04031373450685822,0.018634382902405155,0.032500488658924534,-0.2606015957376,-0.2739437233805323,0.8988101264271263,0.9301400630922834,0.032025820974988586,0.09813053484920144,0.20367554739666074,36
3,2022,2024,2025,p_l10_s10_b2_e1_n80_tc50_buf4,"L=10, S=10, bins=2, E=1, top_n=80, tc50_buf2",10,10,2,1,80,0.5964533165324684,0.06560613315195266,0.05452576951579413,0.1170947718152268,-0.23323795961984312,-0.2474135216495823,0.858942310693916,0.8925409983222478,0.06096834357673794,0.0777482737691524,0.20504255616007439,37
3,2022,2024,2025,p_l40_s3_b2_e1_n80_tc50_buf4,"L=40, S=3, bins=2, E=1, top_n=80, tc50_buf2",40,3,2,1,80,0.5887032723657144,0.06260440777627115,0.04246970167441155,0.10355708579755007,-0.2329413087846356,-0.23743054955751208,0.8622759785369032,0.8953244439871368,0.05930630928192834,0.06153424426291232,0.204965965501968,38
3,2022,2024,2025,p_l40_s10_b3_e1_n80_tc50_buf4,"L=40, S=10, bins=3, E=1, top_n=80, tc50_buf2",40,10,3,1,80,0.5873929941348301,0.07316808696301351,0.03567154769495651,0.1301975183140694,-0.21677690437546987,-0.21954904900267702,0.8482937222593112,0.8855320584670161,0.06356939318813393,0.049873250164107735,0.2023208762745795,39
3,2022,2024,2025,p_l40_s5_b2_e1_n100_tc50_buf4,"L=40, S=5, bins=2, E=1, top_n=100, tc50_buf2",40,5,2,1,100,0.5750645551942353,0.044102336142285155,0.026081392362683697,0.04373556754084923,-0.24448010253721286,-0.24640095572794407,0.8825629736587781,0.9123152333558298,0.048052895706613516,0.05645906091986467,0.20502849496153952,40
3,2022,2024,2025,p_l40_s5_b2_e1_n80_tc50_buf4,"L=40, S=5, bins=2, E=1, top_n=80, tc50_buf2",40,5,2,1,80,0.5606016587389696,0.06348230283692098,0.04095994770013234,0.1060126393133592,-0.23551733083327406,-0.23877742149266312,0.8538567954668072,0.8889871875533107,0.06189876644100331,0.05263659533066174,0.2040354972782255,41
3,2022,2024,2025,p_l40_s10_b2_e1_n100_tc50_buf4,"L=40, S=10, bins=2, E=1, top_n=100, tc50_buf2",40,10,2,1,100,0.5558030733960677,0.04338674400282838,0.02136964460852364,0.03926665773328959,-0.2426135812629125,-0.2489074434731221,0.8778801741396077,0.9104132027574698,0.04790191525215794,0.057525769342177,0.2019770053678009,42
3,2022,2024,2025,p_l10_s5_b2_e1_n100_tc50_buf4,"L=10, S=5, bins=2, E=1, top_n=100, tc50_buf2",10,5,2,1,100,0.5310961735014101,0.038679027756858025,0.011808194667761951,0.026684076760325928,-0.24678262756293817,-0.25876239214461827,0.8820138713833791,0.9163769909692577,0.041398470041108394,0.09306421485641633,0.2037070249961731,43
3,2022,2024,2025,p_l40_s10_b2_e1_n80_tc50_buf4,"L=40, S=10, bins=2, E=1, top_n=80, tc50_buf2",40,10,2,1,80,0.5284033773639611,0.06193481603842225,0.04075259691375588,0.09553687249079933,-0.23964939910198024,-0.24833586687784892,0.847265371133235,0.885103225301617,0.06319393957782701,0.05710028975056885,0.2018405774417441,44
3,2022,2024,2025,p_l10_s3_b2_e1_n120_tc50_buf4,"L=10, S=3, bins=2, E=1, top_n=120, tc50_buf2",10,3,2,1,120,0.5266274857548624,0.02921484615694915,-0.0002530906533053656,-0.004124568089991403,-0.2757929451946474,-0.28540103015524776,0.9047591589037514,0.9320204593225652,0.03509648512619275,0.08796156072682514,0.2035779077966776,45
3,2022,2024,2025,p_l20_s10_b2_e1_n80_tc50_buf4,"L=20, S=10, bins=2, E=1, top_n=80, tc50_buf2",20,10,2,1,80,0.4975548129017445,0.046480713529222895,0.029612002747186672,0.05068992487454007,-0.24051279040297935,-0.25633016335819825,0.8542209438773634,0.8890564435800905,0.06133180812611886,0.025144092770786726,0.20526622197874608,46
3,2022,2024,2025,p_l10_s3_b3_e1_n120_tc50_buf4,"L=10, S=3, bins=3, E=1, top_n=120, tc50_buf2",10,3,3,1,120,0.4932199854980011,0.021706539363830244,-0.011948810596748238,-0.028988567928188838,-0.28224623215900835,-0.29193975086362034,0.9049497379427058,0.9336159676304453,0.0320164964126438,0.06973452511464834,0.20366079932331324,47
3,2022,2024,2025,p_l10_s5_b3_e1_n100_tc50_buf4,"L=10, S=5, bins=3, E=1, top_n=100, tc50_buf2",10,5,3,1,100,0.48642367182482,0.03429167814795976,0.008855349648094979,0.012561966173441838,-0.25703796624593767,-0.27271361374273817,0.8756204678486492,0.9133123991028091,0.04033130873872645,0.09208860310897707,0.20347140756261817,48
3,2022,2024,2025,p_l10_s5_b3_e1_n80_tc50_buf4,"L=10, S=5, bins=3, E=1, top_n=80, tc50_buf2",10,5,3,1,80,0.3946920596183507,0.039861764861926656,0.007467327131988055,0.03067073288500918,-0.25301187087552585,-0.26952197801746125,0.8453117294081821,0.8904776268042885,0.05238312918452785,0.09323261514947578,0.2014684486301098,49
3,2022,2024,2025,p_l10_s3_b3_e1_n100_tc50_buf4,"L=10, S=3, bins=3, E=1, top_n=100, tc50_buf2",10,3,3,1,100,0.3610811029073591,0.0160165404941321,-0.0189902608034902,-0.04860371863616385,-0.31047320769178594,-0.3237380310738267,0.8932296200854581,0.9216092031949638,0.04406948133829221,0.08949131537281375,0.2040917556601653,50
3,2022,2024,2025,p_l10_s5_b2_e1_n80_tc50_buf4,"L=10, S=5, bins=2, E=1, top_n=80, tc50_buf2",10,5,2,1,80,0.34286558802731526,0.02494048664182142,-0.00276282333969724,-0.019876220297606516,-0.25794887197048144,-0.27065086572483954,0.8576603433184669,0.8959188704996048,0.056121867975565204,0.10755118725432905,0.20228269781422337,51
3,2022,2024,2025,p_l10_s3_b2_e1_n100_tc50_buf4,"L=10, S=3, bins=2, E=1, top_n=100, tc50_buf2",10,3,2,1,100,0.30249277609733694,0.004828522412703102,-0.02327251120458851,-0.084709278753482,-0.3072495625841125,-0.32191046747294494,0.8896949101196713,0.919101260516229,0.045482540567433005,0.10457433064818412,0.2036426924316352,52
3,2022,2024,2025,p_l10_s3_b2_e1_n80_tc50_buf4,"L=10, S=3, bins=2, E=1, top_n=80, tc50_buf2",10,3,2,1,80,0.15047969903131772,-0.007430984356411911,-0.02682964769374241,-0.12754626565173807,-0.3070487670769801,-0.3266240872097169,0.8647223256756961,0.8988458642898858,0.05954843681210034,0.11938863012776135,0.20230069840709738,53
3,2022,2024,2025,p_l10_s3_b3_e1_n80_tc50_buf4,"L=10, S=3, bins=3, E=1, top_n=80, tc50_buf2",10,3,3,1,80,0.09327279026063168,-0.014905552908609312,-0.04418850856037526,-0.15269079943006572,-0.3306223241990216,-0.34608307554555795,0.8660699517637833,0.9002634315348403,0.057884854550144395,0.08910422620139788,0.20244137567972362,54
