fold,train_start_year,train_end_year,test_start_year,scenario,description,long_prd,short_prd,channel_bins,extreme_value,top_n,composite_score,mean_annual_return,min_annual_return,mean_sharpe,mean_max_drawdown,worst_max_drawdown,mean_fill_ratio,mean_target_overlap,mean_cash_weight,annual_return_std,mean_cost,train_rank
1,2020,2022,2023,p_l20_s10_b2_x500_y50_baseline,"L=20, S=10, bins=2, X=500, Y=50, baseline",20,10,2,1,50,0.7941464771648593,0.47954125840904815,0.34004634905566755,1.93135245299038,-0.17325327136197316,-0.17672231251092008,0.849791510921916,0.8655800289133061,0.08262440138291013,0.25331444934594255,0.16078216124533237,1
1,2020,2022,2023,p_l10_s10_b2_x500_y50_baseline,"L=10, S=10, bins=2, X=500, Y=50, baseline",10,10,2,1,50,0.775180439424808,0.48161601143301286,0.3565519033318463,1.9080555280688705,-0.19012265348711224,-0.1941565863267095,0.8501191297634213,0.8613751715179426,0.08461834107161012,0.23211485405455165,0.16817689032643124,2
1,2020,2022,2023,p_l10_s10_b3_x500_y50_baseline,"L=10, S=10, bins=3, X=500, Y=50, baseline",10,10,3,1,50,0.719413110213749,0.475794794471728,0.3371923554507523,1.8732173219116512,-0.19259226718180128,-0.19715173388745577,0.8543871403024867,0.8607880966304218,0.09053053908348008,0.25475900976883264,0.1696169578913532,3
1,2020,2022,2023,p_l40_s3_b3_x500_y50_baseline,"L=40, S=3, bins=3, X=500, Y=50, baseline",40,3,3,1,50,0.6996290784216512,0.45148768288802876,0.3397175852008385,1.8562162431293376,-0.1747842931079703,-0.18090301836572875,0.8533378747435941,0.8659086606536021,0.08812493135576835,0.3000887190207715,0.15790245310314058,4
1,2020,2022,2023,p_l20_s5_b2_x500_y50_baseline,"L=20, S=5, bins=2, X=500, Y=50, baseline",20,5,2,1,50,0.676952017087718,0.4486814153315141,0.3137234316002926,1.8342126397425293,-0.15375358376330853,-0.16567157940888344,0.8578047541657337,0.8543239637371441,0.10078610959295581,0.29945692406083635,0.1803186319501755,5
1,2020,2022,2023,p_l20_s5_b3_x500_y50_baseline,"L=20, S=5, bins=3, X=500, Y=50, baseline",20,5,3,1,50,0.5842908612211478,0.4317441686301895,0.31588126081866763,1.7553431655491125,-0.16851493181783614,-0.18625558018370714,0.8508475995872163,0.8566066034697077,0.09321223662297029,0.2812379177446305,0.1722152544451822,6
1,2020,2022,2023,p_l40_s5_b3_x500_y50_baseline,"L=40, S=5, bins=3, X=500, Y=50, baseline",40,5,3,1,50,0.5465989813903345,0.42306330733867575,0.31267688535857396,1.7660425370897053,-0.15962012751682422,-0.16495195072308844,0.8367338181544057,0.8622323603861919,0.07808060218128625,0.30960822248670694,0.15381776121682267,7
1,2020,2022,2023,p_l40_s5_b2_x500_y50_baseline,"L=40, S=5, bins=2, X=500, Y=50, baseline",40,5,2,1,50,0.5451446012894605,0.4037056238315409,0.28277095803917085,1.6327001136468837,-0.1475727301398916,-0.15019572788743318,0.8573860740061332,0.8602179041508247,0.09581409017407833,0.2626648070095113,0.16735390041998086,8
1,2020,2022,2023,p_l20_s10_b3_x500_y50_baseline,"L=20, S=10, bins=3, X=500, Y=50, baseline",20,10,3,1,50,0.5189593612452704,0.40854597431072964,0.28920858548437356,1.6513537313172841,-0.17118349755788928,-0.17447396736293297,0.8486473323682711,0.8664132631730503,0.08154873534060227,0.22010980033184113,0.15852098679420898,9
1,2020,2022,2023,p_l40_s10_b3_x500_y50_baseline,"L=40, S=10, bins=3, X=500, Y=50, baseline",40,10,3,1,50,0.4881861454834956,0.405535418420669,0.28965119059592626,1.6222160028322468,-0.18756492899337907,-0.19085618567275886,0.8515506717651902,0.8771727440798563,0.0758736973580544,0.2947286200549358,0.14342674464349223,10
1,2020,2022,2023,p_l40_s10_b2_x500_y50_baseline,"L=40, S=10, bins=2, X=500, Y=50, baseline",40,10,2,1,50,0.4654834218133597,0.4135903731939373,0.2859345391745127,1.6536053585587953,-0.2009376608555135,-0.20370073527464028,0.8549222186319307,0.8729854396812903,0.08128180050808137,0.28879266950832433,0.15046317944551563,11
1,2020,2022,2023,p_l20_s3_b2_x500_y50_baseline,"L=20, S=3, bins=2, X=500, Y=50, baseline",20,3,2,1,50,0.4597892451729664,0.4099074530529177,0.27456017754978346,1.728431714625115,-0.14702558871598806,-0.15317343748286294,0.8498298338345901,0.8450339102699923,0.10379494107604409,0.28864211815678165,0.18553570786120377,12
1,2020,2022,2023,p_l20_s3_b3_x500_y50_baseline,"L=20, S=3, bins=3, X=500, Y=50, baseline",20,3,3,1,50,0.4108785189987523,0.3994066616801654,0.26762322692913765,1.633604606085852,-0.1648958788993356,-0.17051813426692286,0.8516132454380495,0.8526051515052305,0.09806136922478463,0.2664883590132017,0.17912801826546734,13
1,2020,2022,2023,p_l40_s3_b2_x500_y50_baseline,"L=40, S=3, bins=2, X=500, Y=50, baseline",40,3,2,1,50,0.4082959025377368,0.38734364984625774,0.26562812589738694,1.583202487699946,-0.16879971175373043,-0.17405458518897865,0.8584470570566856,0.8592648545990963,0.09724196538775491,0.26683210107323413,0.17066310988045433,14
1,2020,2022,2023,p_l10_s3_b2_x500_y50_baseline,"L=10, S=3, bins=2, X=500, Y=50, baseline",10,3,2,1,50,0.3994206414628446,0.42354692528874643,0.2806822813652605,1.7222409459653873,-0.18081032005080833,-0.20080259565974323,0.8587943897474037,0.8408632450812127,0.11517560259777043,0.36535244441635956,0.1960777502086587,15
1,2020,2022,2023,p_l10_s5_b3_x500_y50_baseline,"L=10, S=5, bins=3, X=500, Y=50, baseline",10,5,3,1,50,0.3514580137209224,0.379357857807598,0.2739703454012463,1.519454268140969,-0.17662617668899688,-0.19457050001177723,0.8599889057474656,0.8506552855500634,0.10596133744351638,0.25823374020739975,0.18670245999015242,16
1,2020,2022,2023,p_l10_s5_b2_x500_y50_baseline,"L=10, S=5, bins=2, X=500, Y=50, baseline",10,5,2,1,50,0.32071251555468955,0.39271024989643366,0.2762916563612712,1.564552451640279,-0.1942691024043141,-0.2165212579670669,0.8615879060080145,0.8483604211771136,0.1093344420535057,0.31709373030104854,0.18993251513739365,17
1,2020,2022,2023,p_l10_s3_b3_x500_y50_baseline,"L=10, S=3, bins=3, X=500, Y=50, baseline",10,3,3,1,50,0.12692947298634283,0.3615608472106245,0.2361715239865283,1.4256062949313197,-0.19514098970714988,-0.20815196722289486,0.8604926484330782,0.844508573166901,0.11311722618621332,0.3579455747925329,0.1931168478533817,18
2,2021,2023,2024,p_l10_s10_b3_x500_y50_baseline,"L=10, S=10, bins=3, X=500, Y=50, baseline",10,10,3,1,50,0.7589994119275156,0.3902727292558996,0.25692790047323566,1.5802862898226244,-0.19259226718180125,-0.19715173388745577,0.8535918388524867,0.8515844279069885,0.10380534946131807,0.29846266165710605,0.18283839852264125,1
2,2021,2023,2024,p_l20_s10_b3_x500_y50_baseline,"L=20, S=10, bins=3, X=500, Y=50, baseline",20,10,3,1,50,0.6769212579008399,0.35112778384315313,0.22651941899611083,1.4514327873367536,-0.1711834975578893,-0.17447396736293308,0.8494409045469156,0.8570984462300067,0.09549528851394719,0.2449203917608899,0.17397994675186967,2
2,2021,2023,2024,p_l20_s10_b2_x500_y50_baseline,"L=20, S=10, bins=2, X=500, Y=50, baseline",20,10,2,1,50,0.6518646036281387,0.35832919265035923,0.22103175280605303,1.4609217545122306,-0.17325327136197316,-0.17672231251091997,0.851548774309503,0.8553733473060628,0.09835897623314803,0.32433860517911084,0.17856855228960458,3
2,2021,2023,2024,p_l10_s10_b2_x500_y50_baseline,"L=10, S=10, bins=2, X=500, Y=50, baseline",10,10,2,1,50,0.6156616888970811,0.3597730628962856,0.23374780864748534,1.4529620839907642,-0.19012265348711227,-0.1941565863267095,0.8506889145104736,0.8501753472477018,0.10125446093300076,0.30306147644137116,0.18442281081133355,4
2,2021,2023,2024,p_l40_s3_b3_x500_y50_baseline,"L=40, S=3, bins=3, X=500, Y=50, baseline",40,3,3,1,50,0.6127604045268567,0.33496832645228697,0.2329094150229265,1.3984465853288972,-0.17478429310797036,-0.18090301836572897,0.8530262522625557,0.8565463517249565,0.09912036375836702,0.3373052103169052,0.1791359898797904,5
2,2021,2023,2024,p_l10_s3_b2_x500_y50_baseline,"L=10, S=3, bins=2, X=500, Y=50, baseline",10,3,2,1,50,0.5860518353456036,0.36949829034134446,0.22917717682050975,1.518740450226445,-0.18081032005080827,-0.20080259565974323,0.8586659705400463,0.8321420423764194,0.1291637009751582,0.3847519516166718,0.21151644474710468,6
2,2021,2023,2024,p_l20_s3_b3_x500_y50_baseline,"L=20, S=3, bins=3, X=500, Y=50, baseline",20,3,3,1,50,0.5671756640690181,0.34627723144605643,0.20286400222503564,1.4843252552593467,-0.1648958788993356,-0.17051813426692297,0.8522358837199806,0.8427498495188258,0.1138076387960439,0.28839492980108855,0.19449425515043764,7
2,2021,2023,2024,p_l20_s5_b2_x500_y50_baseline,"L=20, S=5, bins=2, X=500, Y=50, baseline",20,5,2,1,50,0.5582568998494176,0.3318241792959824,0.20676605503269663,1.408439904251648,-0.1537535837633085,-0.16567157940888344,0.8530779595857678,0.8433480513977971,0.11204394550860422,0.3438937710765457,0.19410228544215036,8
2,2021,2023,2024,p_l40_s5_b2_x500_y50_baseline,"L=40, S=5, bins=2, X=500, Y=50, baseline",40,5,2,1,50,0.5302907651486272,0.30133663059508553,0.1982499065951704,1.2351318554528814,-0.1529850314702699,-0.160283760276397,0.8572104003352626,0.8528843151268909,0.10435636554298552,0.29767366710459536,0.18717018373746705,9
2,2021,2023,2024,p_l20_s5_b3_x500_y50_baseline,"L=20, S=5, bins=3, X=500, Y=50, baseline",20,5,3,1,50,0.5285481806223432,0.3324806555893466,0.21051443964236238,1.4063671681434462,-0.1685149318178361,-0.18625558018370714,0.8490059444104108,0.8467821750503693,0.10555138807365684,0.3204111614551613,0.1865698583715226,10
2,2021,2023,2024,p_l40_s10_b3_x500_y50_baseline,"L=40, S=10, bins=3, X=500, Y=50, baseline",40,10,3,1,50,0.5265962499921939,0.32038842035698184,0.21406777315484526,1.2974977302856023,-0.18756492899337904,-0.19085618567275875,0.8493891223011748,0.8666641278262186,0.08572638334197932,0.3168013491250869,0.16385577407367544,11
2,2021,2023,2024,p_l40_s5_b3_x500_y50_baseline,"L=40, S=5, bins=3, X=500, Y=50, baseline",40,5,3,1,50,0.49570222756229054,0.31486119336426294,0.20733044882445673,1.3425500923523073,-0.1596201275168242,-0.16495195072308833,0.8395196053541114,0.8561388583053259,0.08697266567467675,0.3444111701007309,0.1735667959070598,12
2,2021,2023,2024,p_l20_s3_b2_x500_y50_baseline,"L=20, S=3, bins=2, X=500, Y=50, baseline",20,3,2,1,50,0.4247663240582178,0.3209861807548833,0.193182150689593,1.3952166813225975,-0.1687675136223422,-0.1798658062801154,0.8505424445939966,0.8373278199644238,0.1157316766152215,0.3257659398859102,0.20028415589229548,13
2,2021,2023,2024,p_l40_s10_b2_x500_y50_baseline,"L=40, S=10, bins=2, X=500, Y=50, baseline",40,10,2,1,50,0.3852393651147049,0.29880055783026066,0.20275651746564738,1.1866295211613123,-0.2009376608555135,-0.2037007352746404,0.8521988074142689,0.8605786133524658,0.09398514683001546,0.3207851049264661,0.17237234944779023,14
2,2021,2023,2024,p_l40_s3_b2_x500_y50_baseline,"L=40, S=3, bins=2, X=500, Y=50, baseline",40,3,2,1,50,0.35880600290780473,0.27564250843799987,0.18036867856613492,1.129455852380761,-0.17428490049979828,-0.18385084594377998,0.8606709071547426,0.8519748739203927,0.10829138681470035,0.30957026200322585,0.19219565913996664,15
2,2021,2023,2024,p_l10_s5_b2_x500_y50_baseline,"L=10, S=5, bins=2, X=500, Y=50, baseline",10,5,2,1,50,0.21114737778258136,0.28325159155970847,0.17695237837754774,1.132916460465156,-0.1942730216976606,-0.2165212579670669,0.8571518049039588,0.8361589613152732,0.1246234884744932,0.3588509573329118,0.20392464928470033,16
2,2021,2023,2024,p_l10_s5_b3_x500_y50_baseline,"L=10, S=5, bins=3, X=500, Y=50, baseline",10,5,3,1,50,0.19953890968297602,0.26406972365933445,0.16623678628683525,1.0715446327160114,-0.18168978082726553,-0.19457050001177734,0.8561297678559158,0.8385861622791732,0.12104484212541905,0.30569798944276744,0.2011879689746737,17
2,2021,2023,2024,p_l10_s3_b3_x500_y50_baseline,"L=10, S=3, bins=3, X=500, Y=50, baseline",10,3,3,1,50,0.1874721932540269,0.28984514285150775,0.1641398048371654,1.1524104133219637,-0.19514098970714983,-0.20815196722289464,0.8578340826339896,0.8346513243858179,0.12623649466824088,0.3829888067705804,0.20752021946417626,18
3,2022,2024,2025,p_l20_s10_b3_x500_y50_baseline,"L=20, S=10, bins=3, X=500, Y=50, baseline",20,10,3,1,50,0.8324268688861195,0.18860257428876698,0.12144157470595829,0.4574893049620866,-0.27389884452793156,-0.29122704065468663,0.8512489651975201,0.8564205508411358,0.09679186986342288,0.05638518401758621,0.1758178752878132,1
3,2022,2024,2025,p_l20_s3_b3_x500_y50_baseline,"L=20, S=3, bins=3, X=500, Y=50, baseline",20,3,3,1,50,0.7039777610637981,0.15497746769498277,0.09290232223810357,0.38786769647529334,-0.24953594701305715,-0.2802555525282425,0.8539016252729748,0.8384121078466313,0.12124377692008349,0.05275188173948061,0.1998963782399772,2
3,2022,2024,2025,p_l20_s5_b3_x500_y50_baseline,"L=20, S=5, bins=3, X=500, Y=50, baseline",20,5,3,1,50,0.6277532672621423,0.1380123754276743,0.09127704977766204,0.3316273856863068,-0.2591304929764473,-0.2791115533263474,0.8470825954569087,0.8438597817951795,0.1039451230072949,0.03940514384114142,0.19146457858575322,3
3,2022,2024,2025,p_l10_s10_b2_x500_y50_baseline,"L=10, S=10, bins=2, X=500, Y=50, baseline",10,10,2,1,50,0.6150634070787138,0.15216540156675687,0.09410077655745797,0.36955631333473615,-0.29554813102595423,-0.3216621213564038,0.8541403098344834,0.8462863595512573,0.11045248420519009,0.10583784971828672,0.19130533025540983,4
3,2022,2024,2025,p_l10_s10_b3_x500_y50_baseline,"L=10, S=10, bins=3, X=500, Y=50, baseline",10,10,3,1,50,0.5983831092632743,0.1469094286025973,0.09946509369364587,0.3549422829614789,-0.2984817786951028,-0.332803406199215,0.8537014910495914,0.8474983875327172,0.10881748059711596,0.11861011829222946,0.18886240602722718,5
3,2022,2024,2025,p_l40_s3_b3_x500_y50_baseline,"L=40, S=3, bins=3, X=500, Y=50, baseline",40,3,3,1,50,0.5682051380677131,0.11174707797999253,0.09152490012621195,0.247150917737606,-0.3079331636347319,-0.3367634105129793,0.8553890226435542,0.8567971817395761,0.09793718600255859,0.04606570680408501,0.18258832840328237,6
3,2022,2024,2025,p_l20_s5_b2_x500_y50_baseline,"L=20, S=5, bins=2, X=500, Y=50, baseline",20,5,2,1,50,0.5343393184360209,0.12067285179209206,0.07247445971749666,0.2811645643018759,-0.27235594370330274,-0.29554110856863436,0.8498905729064412,0.8394009537603844,0.11088327141463479,0.04044872458272946,0.19899769512633625,7
3,2022,2024,2025,p_l20_s10_b2_x500_y50_baseline,"L=20, S=10, bins=2, X=500, Y=50, baseline",20,10,2,1,50,0.5296700173663249,0.13252913914269412,0.08443992269715639,0.2986652401341762,-0.3098669011809736,-0.3289507398492679,0.8523398598206503,0.8541554143972885,0.09984640641081459,0.1260830188007139,0.1801111719027227,8
3,2022,2024,2025,p_l40_s5_b2_x500_y50_baseline,"L=40, S=5, bins=2, X=500, Y=50, baseline",40,5,2,1,50,0.49759959153351213,0.09154296862873945,0.06350266431520057,0.1851579824193207,-0.30786232431300004,-0.33808131260577257,0.8600848707703741,0.8549724950062907,0.10231894336151239,0.0544662950175069,0.19092607111074703,9
3,2022,2024,2025,p_l40_s3_b2_x500_y50_baseline,"L=40, S=3, bins=2, X=500, Y=50, baseline",40,3,2,1,50,0.4437773043690406,0.08162915505898916,0.06388016961111376,0.1606861967398333,-0.32339128687597946,-0.3536684958047661,0.860435171470141,0.8521401381074316,0.10707545317943598,0.039674037818414186,0.19502369139853457,10
3,2022,2024,2025,p_l40_s5_b3_x500_y50_baseline,"L=40, S=5, bins=3, X=500, Y=50, baseline",40,5,3,1,50,0.43682614696554634,0.08902568174923171,0.06896778041922369,0.1768021671782831,-0.3099674560255364,-0.3377533603871816,0.8494672923311241,0.8576488066805646,0.09114277996585439,0.04826882386228036,0.17863328386760952,11
3,2022,2024,2025,p_l20_s3_b2_x500_y50_baseline,"L=20, S=3, bins=2, X=500, Y=50, baseline",20,3,2,1,50,0.4324103746770114,0.10574204774847822,0.04928795453828383,0.23687942979172164,-0.28074932159582755,-0.30927580628381846,0.8510265954449767,0.8354829182059643,0.11630662607521375,0.05438690834440708,0.20590965343239603,12
3,2022,2024,2025,p_l40_s10_b2_x500_y50_baseline,"L=40, S=10, bins=2, X=500, Y=50, baseline",40,10,2,1,50,0.4073287956174004,0.07071646478056616,0.05227206454331168,0.11764019416253665,-0.3160169762239027,-0.34756477172523803,0.8555332856849147,0.8633424299251564,0.09057541046537693,0.061915905990236414,0.17611808839909365,13
3,2022,2024,2025,p_l40_s10_b3_x500_y50_baseline,"L=40, S=10, bins=3, X=500, Y=50, baseline",40,10,3,1,50,0.40323543450216714,0.0749263734910495,0.04818310711146934,0.12823175385945848,-0.3088541983273672,-0.3381121453158663,0.8519196217804305,0.8684663217593287,0.08321674385845133,0.08787822529080427,0.16585542312196527,14
3,2022,2024,2025,p_l10_s5_b2_x500_y50_baseline,"L=10, S=5, bins=2, X=500, Y=50, baseline",10,5,2,1,50,0.2660732381104656,0.06240437751557601,0.011684726796409084,0.09550588045912868,-0.3079659396243511,-0.33167141086925767,0.8589052753658238,0.833026585385644,0.1300904458491122,0.03816345313696493,0.21026039284375686,15
3,2022,2024,2025,p_l10_s3_b2_x500_y50_baseline,"L=10, S=3, bins=2, X=500, Y=50, baseline",10,3,2,1,50,0.22701970995582021,0.07196709196911802,0.006741621681467969,0.12498474488240194,-0.3082829654502721,-0.34229488129512464,0.8594144452627268,0.828751986120428,0.13576165855311315,0.11358074695003921,0.2170075277234052,16
3,2022,2024,2025,p_l10_s5_b3_x500_y50_baseline,"L=10, S=5, bins=3, X=500, Y=50, baseline",10,5,3,1,50,0.18194551406538886,0.05597766531603749,0.005260442264197085,0.07383251463647682,-0.33044988389341295,-0.3583766348074433,0.85764896556633,0.8337248601429624,0.12860251358779795,0.05665506622647533,0.2091039626238786,17
3,2022,2024,2025,p_l10_s3_b3_x500_y50_baseline,"L=10, S=3, bins=3, X=500, Y=50, baseline",10,3,3,1,50,0.15653605354742472,0.04964778625260043,-0.013692370050422564,0.050628981748013724,-0.31683908530428756,-0.34583049844639313,0.8584536102392538,0.830376702654613,0.1332909810314996,0.05627078501174851,0.2141835941401697,18
