scenario,capital,participation_limit,year,weeks,annual_return,annual_cost_arithmetic,avg_fill_ratio,total_unfilled_trade_weight
p_l10_s10_b2_x500_y50_baseline,100000000,0.05,2023,50,0.1166618689435368,0.060256260867994224,0.9440375156859669,3.9064597901935754
p_l10_s10_b2_x500_y50_baseline,100000000,0.05,2024,52,0.09850213670691854,0.060559797339624105,0.9174856022395216,5.955441897704765
p_l10_s10_b2_x500_y50_baseline,100000000,0.05,2025,51,0.3521610112811395,0.0570052612136872,0.9697734947614872,2.3507938681100145
p_l10_s10_b2_x500_y50_baseline,100000000,0.1,2023,50,0.13805508351651063,0.06577228177877771,0.9862483989391942,0.8900330042005559
p_l10_s10_b2_x500_y50_baseline,100000000,0.1,2024,52,0.07831294216807905,0.06569793097089291,0.95722351765543,3.010630752182811
p_l10_s10_b2_x500_y50_baseline,100000000,0.1,2025,51,0.3509041480556583,0.05794138392764923,0.9782535654561991,1.7628719805610695
p_l10_s10_b2_x500_y50_baseline,100000000,0.2,2023,50,0.1407020478772929,0.06624614571173557,0.9891525976233769,0.6957755360356644
p_l10_s10_b2_x500_y50_baseline,100000000,0.2,2024,52,0.07886194309906402,0.06657975611224128,0.9635592190441854,2.54673567090422
p_l10_s10_b2_x500_y50_baseline,100000000,0.2,2025,51,0.3510877977571061,0.05802970734491609,0.9790243038300163,1.7108082430018057
p_l10_s10_b2_x500_y50_baseline,300000000,0.05,2023,50,0.046569366554865876,0.04890784727362659,0.7165952822849911,19.503439978462676
p_l10_s10_b2_x500_y50_baseline,300000000,0.05,2024,52,0.10907387372398003,0.049989028050060134,0.7024677824677812,20.9681654131281
p_l10_s10_b2_x500_y50_baseline,300000000,0.05,2025,51,0.30197924931098785,0.05589612855451578,0.8335249141091202,11.86201170580369
p_l10_s10_b2_x500_y50_baseline,300000000,0.1,2023,50,0.08215220781752253,0.06957322522054374,0.8795416723722873,8.50475006344342
p_l10_s10_b2_x500_y50_baseline,300000000,0.1,2024,52,0.10080685961669444,0.07074302454747057,0.8607872828133036,10.107748414564126
p_l10_s10_b2_x500_y50_baseline,300000000,0.1,2025,51,0.3306481896949771,0.06961739784826598,0.9437325745132236,4.159037976540325
p_l10_s10_b2_x500_y50_baseline,300000000,0.2,2023,50,0.10460758137818038,0.08466916340512032,0.9707428262125375,1.9827728450501467
p_l10_s10_b2_x500_y50_baseline,300000000,0.2,2024,52,0.0654257499015618,0.08466124391841927,0.9409361361087112,4.189498880219608
p_l10_s10_b2_x500_y50_baseline,300000000,0.2,2025,51,0.32813510368422394,0.07457700982535789,0.9758951512926758,1.9274074746593375
p_l10_s10_b2_x500_y50_baseline,500000000,0.05,2023,50,0.029584913259170786,0.038575847271322086,0.5717867230658555,28.177955741385865
p_l10_s10_b2_x500_y50_baseline,500000000,0.05,2024,52,0.06746118876345375,0.0387519046430439,0.5522176201797178,30.246632351137322
p_l10_s10_b2_x500_y50_baseline,500000000,0.05,2025,51,0.24608762786649296,0.04804724973008399,0.7040433787463363,20.42901142860499
p_l10_s10_b2_x500_y50_baseline,500000000,0.1,2023,50,0.046265523945393516,0.06249144495906751,0.7644586080207239,16.39492320889409
p_l10_s10_b2_x500_y50_baseline,500000000,0.1,2024,52,0.10280255567745078,0.06408996257008844,0.7507647919033873,17.788545153589943
p_l10_s10_b2_x500_y50_baseline,500000000,0.1,2025,51,0.30149453217736943,0.06873874044282413,0.8707351033172646,9.298199365030971
p_l10_s10_b2_x500_y50_baseline,500000000,0.2,2023,50,0.07560712337048603,0.0868115326914171,0.912927410813628,6.145539947239382
p_l10_s10_b2_x500_y50_baseline,500000000,0.2,2024,52,0.0748651666533049,0.08779484471419931,0.8900439031384288,7.9854575801109355
p_l10_s10_b2_x500_y50_baseline,500000000,0.2,2025,51,0.31743161894815297,0.08285079517194101,0.9585378734097298,3.124797493358882
p_l10_s10_b3_x500_y50_baseline,100000000,0.05,2023,50,0.17655637167319438,0.05823090130138261,0.9442849763200998,3.8033837797823065
p_l10_s10_b3_x500_y50_baseline,100000000,0.05,2024,52,0.018619597100254737,0.05983982433176134,0.9147648570255348,6.023752084909715
p_l10_s10_b3_x500_y50_baseline,100000000,0.05,2025,51,0.44772393130935395,0.05694212514444973,0.9707313283081507,2.3431095971807743
p_l10_s10_b3_x500_y50_baseline,100000000,0.1,2023,50,0.1867580956131334,0.06327525398917075,0.9867350345110253,0.864043367957743
p_l10_s10_b3_x500_y50_baseline,100000000,0.1,2024,52,0.00724353183512938,0.06473936349173087,0.9540139185954163,3.1520236938036668
p_l10_s10_b3_x500_y50_baseline,100000000,0.1,2025,51,0.44940966351118905,0.05786622938115388,0.9789992377899924,1.7747067424184166
p_l10_s10_b3_x500_y50_baseline,100000000,0.2,2023,50,0.18983903220358078,0.06376224323652617,0.9899123389422279,0.6567483522900514
p_l10_s10_b3_x500_y50_baseline,100000000,0.2,2024,52,0.0062778506081571095,0.06563702444034365,0.9605876498627792,2.669185785293665
p_l10_s10_b3_x500_y50_baseline,100000000,0.2,2025,51,0.4494313519536248,0.057935638284191744,0.9796698794558665,1.7315350515421584
p_l10_s10_b3_x500_y50_baseline,300000000,0.05,2023,50,0.11307020483310559,0.04735510950064122,0.7130642653696129,19.168099658215986
p_l10_s10_b3_x500_y50_baseline,300000000,0.05,2024,52,0.054543011509181394,0.049506650044172644,0.6979131116406803,21.25939121552908
p_l10_s10_b3_x500_y50_baseline,300000000,0.05,2025,51,0.36522514382138915,0.05616195880502194,0.8358659430302414,11.8305095404543
p_l10_s10_b3_x500_y50_baseline,300000000,0.1,2023,50,0.14449878660641846,0.0674340317360616,0.8788814424829542,8.2980648896407
p_l10_s10_b3_x500_y50_baseline,300000000,0.1,2024,52,0.023689051725887644,0.06994695622396241,0.857415455312579,10.257744852773595
p_l10_s10_b3_x500_y50_baseline,300000000,0.1,2025,51,0.41799335974229646,0.06961636152487394,0.9454887918305221,4.13360549732103
p_l10_s10_b3_x500_y50_baseline,300000000,0.2,2023,50,0.15738317970729598,0.08154304192628062,0.9710489989708898,1.9468432050934081
p_l10_s10_b3_x500_y50_baseline,300000000,0.2,2024,52,-0.00829330919544835,0.08355444490588636,0.9385667909445506,4.266352110225776
p_l10_s10_b3_x500_y50_baseline,300000000,0.2,2025,51,0.42513774990829,0.07446103234978879,0.9769678369448316,1.9193025087391786
p_l10_s10_b3_x500_y50_baseline,500000000,0.05,2023,50,0.09971322237288471,0.037646264298886886,0.567938802903799,27.885521633228038
p_l10_s10_b3_x500_y50_baseline,500000000,0.05,2024,52,0.0286066570233805,0.03836570812594113,0.5489085244378225,30.46606828084979
p_l10_s10_b3_x500_y50_baseline,500000000,0.05,2025,51,0.2983821075650004,0.048182921568669546,0.7064966782004702,20.360908314667604
p_l10_s10_b3_x500_y50_baseline,500000000,0.1,2023,50,0.11138357753087558,0.06041806488368429,0.76084119649522,16.13271920686294
p_l10_s10_b3_x500_y50_baseline,500000000,0.1,2024,52,0.04319132598978426,0.06359035945006657,0.7471869646077482,18.004164300713047
p_l10_s10_b3_x500_y50_baseline,500000000,0.1,2025,51,0.37230835796159,0.06895249055992976,0.8723093103000181,9.30462973745736
p_l10_s10_b3_x500_y50_baseline,500000000,0.2,2023,50,0.13686976301832643,0.08407789000915364,0.9128594629174002,5.9784716326035126
p_l10_s10_b3_x500_y50_baseline,500000000,0.2,2024,52,-0.00043586335947320975,0.08677679419483379,0.887026820810954,8.088998954039377
p_l10_s10_b3_x500_y50_baseline,500000000,0.2,2025,51,0.40764034273272554,0.082701848272324,0.9598240231764553,3.1084526926223845
p_l20_s10_b3_x500_y50_baseline,100000000,0.05,2023,50,0.20008496905075912,0.05598438722024324,0.9416509521103257,3.8093027528783763
p_l20_s10_b3_x500_y50_baseline,100000000,0.05,2024,52,0.17417744883747122,0.05365064938881929,0.9151645982363319,5.959278657101601
p_l20_s10_b3_x500_y50_baseline,100000000,0.05,2025,51,0.28367252512378505,0.05344577585610887,0.9679468269059484,2.281971428779954
p_l20_s10_b3_x500_y50_baseline,100000000,0.1,2023,50,0.2139420275171633,0.06084844112066401,0.9865570243545174,0.8529955809302182
p_l20_s10_b3_x500_y50_baseline,100000000,0.1,2024,52,0.16253129917296416,0.058016242280885255,0.9561376893545688,3.143475717601061
p_l20_s10_b3_x500_y50_baseline,100000000,0.1,2025,51,0.28412109072591774,0.05421446890351525,0.9753765143194603,1.824050419176384
p_l20_s10_b3_x500_y50_baseline,100000000,0.2,2023,50,0.21519419806899598,0.061309029258068984,0.990333473046583,0.6033382894114547
p_l20_s10_b3_x500_y50_baseline,100000000,0.2,2024,52,0.15912743195780532,0.05860987352078981,0.9615225017803513,2.7859080478179328
p_l20_s10_b3_x500_y50_baseline,100000000,0.2,2025,51,0.2845306122362121,0.05427826431776868,0.9760367890058493,1.7814521117155158
p_l20_s10_b3_x500_y50_baseline,300000000,0.05,2023,50,0.12171949572141272,0.04569215068994982,0.7068520257865505,19.114022813827223
p_l20_s10_b3_x500_y50_baseline,300000000,0.05,2024,52,0.17637060311289487,0.04576103857960838,0.6947925692042136,20.27246084165709
p_l20_s10_b3_x500_y50_baseline,300000000,0.05,2025,51,0.22017779517575198,0.05353298820853236,0.8347991479336636,11.19691345929248
p_l20_s10_b3_x500_y50_baseline,300000000,0.1,2023,50,0.15984133049497307,0.06476332964283077,0.8750537596186604,8.252237889052779
p_l20_s10_b3_x500_y50_baseline,300000000,0.1,2024,52,0.15709860819674892,0.06271130832715195,0.854695673167388,9.948056718108914
p_l20_s10_b3_x500_y50_baseline,300000000,0.1,2025,51,0.2569882107240653,0.06564358829760986,0.9441206105375773,3.8535968761196187
p_l20_s10_b3_x500_y50_baseline,300000000,0.2,2023,50,0.1848757722396812,0.07854176716112002,0.9696981834751248,1.9548780367723384
p_l20_s10_b3_x500_y50_baseline,300000000,0.2,2024,52,0.14714676165601337,0.07466072499166791,0.9397140746265606,4.2859513433341565
p_l20_s10_b3_x500_y50_baseline,300000000,0.2,2025,51,0.26424670857189114,0.06966924549718989,0.9733100867413208,1.9496868644489376
p_l20_s10_b3_x500_y50_baseline,500000000,0.05,2023,50,0.09393305607985969,0.03655640511916615,0.5625187123649132,27.72310447963984
p_l20_s10_b3_x500_y50_baseline,500000000,0.05,2024,52,0.11603092111097157,0.03664146214862962,0.5471593557322609,29.379065397351546
p_l20_s10_b3_x500_y50_baseline,500000000,0.05,2025,51,0.18867941322948334,0.04662270013362221,0.7044816931015718,19.74002177692279
p_l20_s10_b3_x500_y50_baseline,500000000,0.1,2023,50,0.1232986526466382,0.05823529512178879,0.7548240165159288,16.091328081997048
p_l20_s10_b3_x500_y50_baseline,500000000,0.1,2024,52,0.16672196710320053,0.05784856198398205,0.7419450053711736,17.23780788880321
p_l20_s10_b3_x500_y50_baseline,500000000,0.1,2025,51,0.22141604289172112,0.06564671884582556,0.8725292780053718,8.667183509020292
p_l20_s10_b3_x500_y50_baseline,500000000,0.2,2023,50,0.15691488053430702,0.08078145944459411,0.9092453265410804,5.973070570716901
p_l20_s10_b3_x500_y50_baseline,500000000,0.2,2024,52,0.13858054055599323,0.07761697649110703,0.8859008960891459,7.9319852613631365
p_l20_s10_b3_x500_y50_baseline,500000000,0.2,2025,51,0.24894614458270103,0.07769745494048845,0.9575098905533622,2.9533297821953584
p_l20_s3_b3_x500_y50_baseline,100000000,0.05,2023,50,0.18353981166006017,0.06316452873807091,0.9441859282886845,4.10059890790991
p_l20_s3_b3_x500_y50_baseline,100000000,0.05,2024,52,0.11910104777178865,0.062321230602550334,0.9166358391404587,6.324706878758278
p_l20_s3_b3_x500_y50_baseline,100000000,0.05,2025,51,0.37853518019579946,0.05997051139982042,0.9723787705047262,2.391508826161142
p_l20_s3_b3_x500_y50_baseline,100000000,0.1,2023,50,0.22009177170086436,0.06894655879319563,0.9863663986774543,0.9641340443654753
p_l20_s3_b3_x500_y50_baseline,100000000,0.1,2024,52,0.11616831202701317,0.06835956268224985,0.9573032219276404,3.2368630504938882
p_l20_s3_b3_x500_y50_baseline,100000000,0.1,2025,51,0.38001935678383036,0.06091339918820792,0.9807522866304765,1.7942981211096536
p_l20_s3_b3_x500_y50_baseline,100000000,0.2,2023,50,0.22524990046262916,0.06953867669291261,0.9897156996721376,0.7216643751954515
p_l20_s3_b3_x500_y50_baseline,100000000,0.2,2024,52,0.11801332230277928,0.06958265881817961,0.9648904553049924,2.6705440481135265
p_l20_s3_b3_x500_y50_baseline,100000000,0.2,2025,51,0.38039392788938864,0.06098696920220515,0.9812637701338002,1.7549827450322677
p_l20_s3_b3_x500_y50_baseline,300000000,0.05,2023,50,0.1137380738359397,0.05031846630782279,0.7198913253176158,19.510106678301785
p_l20_s3_b3_x500_y50_baseline,300000000,0.05,2024,52,0.1335775666801513,0.04995430767757696,0.6989176972720306,21.402484286676536
p_l20_s3_b3_x500_y50_baseline,300000000,0.05,2025,51,0.31776976407361435,0.058574345635908014,0.8383090834027177,11.991392097944905
p_l20_s3_b3_x500_y50_baseline,300000000,0.1,2023,50,0.14309383186233893,0.07274123931110507,0.8820457746607826,8.626677210869259
p_l20_s3_b3_x500_y50_baseline,300000000,0.1,2024,52,0.10851081402022644,0.07190752811737582,0.8582466300604954,10.585640879375296
p_l20_s3_b3_x500_y50_baseline,300000000,0.1,2025,51,0.35227417874897937,0.07329133898135402,0.9474013701872083,4.196493608538822
p_l20_s3_b3_x500_y50_baseline,300000000,0.2,2023,50,0.1771823795805305,0.0888730476382237,0.970709040623114,2.118462328768911
p_l20_s3_b3_x500_y50_baseline,300000000,0.2,2024,52,0.09423693232803743,0.08786168461720356,0.941307806400465,4.4501022776467885
p_l20_s3_b3_x500_y50_baseline,300000000,0.2,2025,51,0.35503750273510293,0.0782773195644615,0.978495250721798,1.9464905113379316
p_l20_s3_b3_x500_y50_baseline,500000000,0.05,2023,50,0.08730446204892628,0.03946604268951122,0.5754573197104663,28.19859531758329
p_l20_s3_b3_x500_y50_baseline,500000000,0.05,2024,52,0.09408049551787978,0.03838280316412667,0.5478962918002204,30.62773310723675
p_l20_s3_b3_x500_y50_baseline,500000000,0.05,2025,51,0.2816543325711369,0.050169584968396415,0.709772928735941,20.60663649444878
p_l20_s3_b3_x500_y50_baseline,500000000,0.1,2023,50,0.11311053303612861,0.06459241011775531,0.7676114202023063,16.435945284097325
p_l20_s3_b3_x500_y50_baseline,500000000,0.1,2024,52,0.128526862418179,0.06435873193458568,0.7473056786071195,18.2314825428968
p_l20_s3_b3_x500_y50_baseline,500000000,0.1,2025,51,0.3176524576143738,0.07227000193275904,0.8759598925555795,9.340418135400599
p_l20_s3_b3_x500_y50_baseline,500000000,0.2,2023,50,0.13715689559823474,0.09086436850484525,0.913593544194444,6.35582516528632
p_l20_s3_b3_x500_y50_baseline,500000000,0.2,2024,52,0.08294927298803767,0.08987495963677786,0.8885639015015883,8.411432774423439
p_l20_s3_b3_x500_y50_baseline,500000000,0.2,2025,51,0.33866664057522744,0.08700346035978519,0.9614192605662134,3.1941524845066684
p_l20_s5_b2_x500_y50_baseline,100000000,0.05,2023,50,0.15727503529080877,0.06187740720508817,0.9411034554022634,4.290078396115266
p_l20_s5_b2_x500_y50_baseline,100000000,0.05,2024,52,0.10334850775516435,0.06124316328265251,0.8995467459304408,7.651314099182042
p_l20_s5_b2_x500_y50_baseline,100000000,0.05,2025,51,0.36434468270250786,0.058026569964982726,0.942111928810251,4.469086081087043
p_l20_s5_b2_x500_y50_baseline,100000000,0.1,2023,50,0.18580380324935208,0.06710425048260651,0.9802031949656371,1.4412300830904063
p_l20_s5_b2_x500_y50_baseline,100000000,0.1,2024,52,0.12517634648200282,0.06599865659134765,0.9351770119701668,4.883310123275825
p_l20_s5_b2_x500_y50_baseline,100000000,0.1,2025,51,0.36966967963328745,0.05878731235320148,0.9482125688931224,3.9752638497752635
p_l20_s5_b2_x500_y50_baseline,100000000,0.2,2023,50,0.18833133796392,0.06765193345487251,0.9833322481368159,1.2127038579461713
p_l20_s5_b2_x500_y50_baseline,100000000,0.2,2024,52,0.12903000349034666,0.06678144629081412,0.9403058443244598,4.476006413439171
p_l20_s5_b2_x500_y50_baseline,100000000,0.2,2025,51,0.37047435758487146,0.05887200098554092,0.9488932492983972,3.9213706082175963
p_l20_s5_b2_x500_y50_baseline,300000000,0.05,2023,50,0.07000619683594755,0.04997390364478232,0.7215123125333662,19.48580743299
p_l20_s5_b2_x500_y50_baseline,300000000,0.05,2024,52,0.10862365534997043,0.05065804249790866,0.6922523987828542,22.15865369581522
p_l20_s5_b2_x500_y50_baseline,300000000,0.05,2025,51,0.3020842047053849,0.05726665715653796,0.8197715778379775,13.3512764978846
p_l20_s5_b2_x500_y50_baseline,300000000,0.1,2023,50,0.10270243442987681,0.07163977955900165,0.8802464062333734,8.73511555628343
p_l20_s5_b2_x500_y50_baseline,300000000,0.1,2024,52,0.07272816320970055,0.07160061729822527,0.8458164107964958,11.62362056733143
p_l20_s5_b2_x500_y50_baseline,300000000,0.1,2025,51,0.3378745698834482,0.07103962217405957,0.9204811983998287,6.1124474888597575
p_l20_s5_b2_x500_y50_baseline,300000000,0.2,2023,50,0.15007289415597458,0.08651406478308142,0.9657400290212351,2.4773053971504417
p_l20_s5_b2_x500_y50_baseline,300000000,0.2,2024,52,0.0930349617017503,0.08534358087885831,0.921515710689252,5.951884625220628
p_l20_s5_b2_x500_y50_baseline,300000000,0.2,2025,51,0.34413634786429825,0.07558348025654187,0.9468395012735759,4.087678305872483
p_l20_s5_b2_x500_y50_baseline,500000000,0.05,2023,50,0.05006312933533863,0.03965296560121855,0.5824044401929466,27.841068623771516
p_l20_s5_b2_x500_y50_baseline,500000000,0.05,2024,52,0.08036867287273819,0.0391696602008853,0.5469261274638886,31.0124133370452
p_l20_s5_b2_x500_y50_baseline,500000000,0.05,2025,51,0.26146591339656533,0.04941030257698677,0.7013097959354461,21.38787651472828
p_l20_s5_b2_x500_y50_baseline,500000000,0.1,2023,50,0.07044284610860507,0.06394804480186113,0.7674524883006119,16.50848017411472
p_l20_s5_b2_x500_y50_baseline,500000000,0.1,2024,52,0.08172257363232927,0.06483341536205994,0.7386481027818795,19.0967184101178
p_l20_s5_b2_x500_y50_baseline,500000000,0.1,2025,51,0.2977856438472004,0.07050039317704744,0.8543575782577943,10.903228651278466
p_l20_s5_b2_x500_y50_baseline,500000000,0.2,2023,50,0.10479297175147195,0.08924919903249376,0.9117356158764635,6.449014426838044
p_l20_s5_b2_x500_y50_baseline,500000000,0.2,2024,52,0.05942088381969057,0.0887351236164338,0.8733184529304096,9.62937353492554
p_l20_s5_b2_x500_y50_baseline,500000000,0.2,2025,51,0.32484073140357395,0.08412730102655375,0.9324900676558583,5.223847721066734
p_l20_s5_b3_x500_y50_baseline,100000000,0.05,2023,50,0.17312096288542622,0.0604229111434797,0.9385154803385184,4.413906218712656
p_l20_s5_b3_x500_y50_baseline,100000000,0.05,2024,52,0.12702600179765033,0.059531974805864335,0.8983112600970602,7.486600057467768
p_l20_s5_b3_x500_y50_baseline,100000000,0.05,2025,51,0.39231190443974606,0.05663444463754918,0.93142005310543,5.328408680538029
p_l20_s5_b3_x500_y50_baseline,100000000,0.1,2023,50,0.21061929356867615,0.06577497224253573,0.9794306282913088,1.507592089510473
p_l20_s5_b3_x500_y50_baseline,100000000,0.1,2024,52,0.13050606617994398,0.06371057906391114,0.9322754351027623,4.9343941050633005
p_l20_s5_b3_x500_y50_baseline,100000000,0.1,2025,51,0.3981366428865418,0.057269007565311905,0.9360665120898997,4.943467284420544
p_l20_s5_b3_x500_y50_baseline,100000000,0.2,2023,50,0.21521552398360644,0.066256230153552,0.9821187910700615,1.3161817255284203
p_l20_s5_b3_x500_y50_baseline,100000000,0.2,2024,52,0.12791182895515796,0.06436184961037275,0.9381892469406565,4.498800215774362
p_l20_s5_b3_x500_y50_baseline,100000000,0.2,2025,51,0.39915339522518023,0.05734381432231165,0.9366078845866724,4.897511542875872
p_l20_s5_b3_x500_y50_baseline,300000000,0.05,2023,50,0.07890903209193256,0.04883276105584896,0.7125130241011682,19.760858586857697
p_l20_s5_b3_x500_y50_baseline,300000000,0.05,2024,52,0.15264400888562624,0.04940525002657103,0.689441115844782,22.01454614326944
p_l20_s5_b3_x500_y50_baseline,300000000,0.05,2025,51,0.32985751158540255,0.05702799330377641,0.8173182417193363,13.656171584876153
p_l20_s5_b3_x500_y50_baseline,300000000,0.1,2023,50,0.11934110269537301,0.06993353261776188,0.875537214668091,8.873273681593853
p_l20_s5_b3_x500_y50_baseline,300000000,0.1,2024,52,0.11486993514265498,0.0696815598463273,0.8443492433017336,11.42648680130694
p_l20_s5_b3_x500_y50_baseline,300000000,0.1,2025,51,0.36570303293826534,0.06971601063994318,0.9133104488387022,6.680336146691213
p_l20_s5_b3_x500_y50_baseline,300000000,0.2,2023,50,0.16834687193149467,0.0847460941999809,0.9644815818611444,2.5574071175545487
p_l20_s5_b3_x500_y50_baseline,300000000,0.2,2024,52,0.10985549892742741,0.0826921354098271,0.9195578547949251,5.8909509825843145
p_l20_s5_b3_x500_y50_baseline,300000000,0.2,2025,51,0.3728097214600836,0.0734757246844438,0.9347401620660616,5.051436178508976
p_l20_s5_b3_x500_y50_baseline,500000000,0.05,2023,50,0.05414680304960262,0.03860276275106859,0.5703682941290402,28.266995505335856
p_l20_s5_b3_x500_y50_baseline,500000000,0.05,2024,52,0.10986663252888529,0.03842153191670109,0.5440788181932963,30.95955321988955
p_l20_s5_b3_x500_y50_baseline,500000000,0.05,2025,51,0.29273171228422923,0.04951380179883931,0.7004517906477838,21.539337195804656
p_l20_s5_b3_x500_y50_baseline,500000000,0.1,2023,50,0.08091487664174579,0.0625025143046979,0.7601327093556379,16.678853303586266
p_l20_s5_b3_x500_y50_baseline,500000000,0.1,2024,52,0.13281487656953672,0.06316397400837814,0.7361936106234993,18.92085078031088
p_l20_s5_b3_x500_y50_baseline,500000000,0.1,2025,51,0.3236720871688008,0.06981913349524675,0.850500956673573,11.285079827620233
p_l20_s5_b3_x500_y50_baseline,500000000,0.2,2023,50,0.12123830091252152,0.08714800500371395,0.9079664541168216,6.585947432688309
p_l20_s5_b3_x500_y50_baseline,500000000,0.2,2024,52,0.09207680835903997,0.08639381770892274,0.8727562509262649,9.381323280809543
p_l20_s5_b3_x500_y50_baseline,500000000,0.2,2025,51,0.352222637744801,0.08224826021474978,0.9239049252196336,5.908865846767886
walk_forward_selected,100000000,0.05,2023,50,0.09583876286878534,0.05866781994064736,0.9439973788193834,3.8429230873421867
walk_forward_selected,100000000,0.05,2024,52,0.01838024162692431,0.059790271787806465,0.914682407302982,6.028751197973499
walk_forward_selected,100000000,0.05,2025,51,0.28347685126722233,0.053260619644032746,0.9680378654368618,2.2736124196846488
walk_forward_selected,100000000,0.1,2023,50,0.12148156195518722,0.06385818332668339,0.9874277261291947,0.8547632585887823
walk_forward_selected,100000000,0.1,2024,52,0.007273188098264605,0.06471310328323135,0.9540181015437145,3.151594688300021
walk_forward_selected,100000000,0.1,2025,51,0.2843897846783572,0.0540141504282117,0.9753726142353122,1.8234489472400004
walk_forward_selected,100000000,0.2,2023,50,0.1242194936197063,0.06436474210845465,0.9908252660263983,0.6197960963821738
walk_forward_selected,100000000,0.2,2024,52,0.006307968136914477,0.06560714722403989,0.9605876498627792,2.669185785293665
walk_forward_selected,100000000,0.2,2025,51,0.2847889804186976,0.054077373401077995,0.9760367890058493,1.7814521117155158
walk_forward_selected,300000000,0.05,2023,50,0.00847212018592014,0.04755176133716182,0.7138310726785488,19.15705446574674
walk_forward_selected,300000000,0.05,2024,52,0.05909827871132012,0.049455918006249294,0.6984209567674989,21.166711804438783
walk_forward_selected,300000000,0.05,2025,51,0.22242224564391155,0.05336325079947072,0.8348330444853544,11.15465257932546
walk_forward_selected,300000000,0.1,2023,50,0.05390881049951557,0.06768977445039719,0.8782951067036118,8.36019148262868
walk_forward_selected,300000000,0.1,2024,52,0.02374429629087893,0.06987597294009289,0.8572058889788713,10.270645402466016
walk_forward_selected,300000000,0.1,2025,51,0.25700624754078505,0.06542522933395732,0.944197037978723,3.8392878336984597
walk_forward_selected,300000000,0.2,2023,50,0.08725899890685818,0.08212537809271016,0.9704032666549739,2.018911074344879
walk_forward_selected,300000000,0.2,2024,52,-0.008391641467775601,0.08352060392814466,0.9385728961846701,4.265210562674637
walk_forward_selected,300000000,0.2,2025,51,0.264391890278433,0.06941657161311739,0.973336675158229,1.9466489222011458
walk_forward_selected,500000000,0.05,2023,50,-0.007933146198450536,0.037988586872105004,0.5714550719770739,27.706200492257036
walk_forward_selected,500000000,0.05,2024,52,0.03617211525673092,0.03834506201759004,0.5496770802098471,30.29846012972766
walk_forward_selected,500000000,0.05,2025,51,0.18999105157627016,0.046504154951956894,0.7051648596310389,19.603456820855452
walk_forward_selected,500000000,0.1,2023,50,0.011348266888796754,0.060548729503943154,0.7603008561440864,16.203711733767186
walk_forward_selected,500000000,0.1,2024,52,0.0469473822817279,0.06350882796404508,0.7474748036488907,17.952145275353985
walk_forward_selected,500000000,0.1,2025,51,0.22264362507686486,0.06542581140925577,0.872584544166007,8.632118729462759
walk_forward_selected,500000000,0.2,2023,50,0.052797422471950295,0.08447262959696149,0.9119803616931,6.055621014242763
walk_forward_selected,500000000,0.2,2024,52,-0.0006214171761375065,0.0866926333706448,0.8868690595084016,8.098581469899138
walk_forward_selected,500000000,0.2,2025,51,0.2488303838597179,0.07742998546862778,0.9576472647803355,2.9401022772103182
