final_nav,cumulative_return,annual_return,annual_volatility,sharpe_ratio,max_drawdown,win_rate,scenario,capital,participation_limit,periods,avg_fill_ratio,avg_unfilled_trade_weight,total_unfilled_trade_weight,avg_cash_weight,avg_actual_stock_count,avg_target_overlap_weight,avg_period_cost,total_cost_arithmetic,total_fixed_cost_arithmetic,total_impact_cost_arithmetic,avg_participation,p95_participation,max_participation
1.6586356724317717,0.6586356724317717,0.18588978901674924,0.3301515508515683,0.4721764553722639,-0.3119339353606143,0.5490196078431373,p_l10_s10_b2_x500_y50_baseline,100000000,0.05,153,0.9435919956443747,0.07982153958175393,12.212695556008352,0.03840488940402928,54.08496732026144,0.940901136092347,0.0011622308458908858,0.17782131942130552,0.10187508789125406,0.07594623153005145,0.024871039777975227,0.036724176176149245,0.05000000000000001
1.657801911347523,0.6578019113475231,0.1856888944084869,0.3349468143671101,0.4648167641261636,-0.3120745373556606,0.5490196078431373,p_l10_s10_b2_x500_y50_baseline,100000000,0.1,153,0.9737187889105113,0.03701657344408129,5.6635357369444375,0.01820202294503692,50.111111111111114,0.9724055809132716,0.0012379842920086266,0.18941159667731988,0.1053445544183758,0.08406704225894406,0.029445273368189372,0.04857268329756953,0.10000000000000002
1.6627297468425455,0.6627297468425455,0.18687528520923657,0.3363415133368766,0.46641665981954394,-0.3120612189132317,0.5490196078431373,p_l10_s10_b2_x500_y50_baseline,100000000,0.2,153,0.9770780965150152,0.03237463692772346,4.95331944994169,0.016366948523704412,49.59477124183007,0.9756440863821166,0.001247422282149627,0.19085560916889294,0.10568458594110737,0.08517102322778557,0.03035251160273079,0.05308260882002234,0.20000000000000004
1.5112369236179488,0.5112369236179488,0.14927901295267243,0.2874817759342929,0.41490982364021206,-0.26714400683510164,0.5555555555555556,p_l10_s10_b2_x500_y50_baseline,300000000,0.05,153,0.7507703230205184,0.3420497849502906,52.33361709739446,0.191120950664477,68.01307189542484,0.7334153475237749,0.0010117189795960948,0.1547930038782025,0.07916264388886954,0.07563035998933298,0.03896180912844673,0.04604844825328648,0.05000000000000002
1.5851221126387804,0.5851221126387804,0.16791284161171216,0.32286604026551236,0.42715189710970547,-0.31188158047805326,0.5424836601307189,p_l10_s10_b2_x500_y50_baseline,300000000,0.1,153,0.8945645988567357,0.1488335715983521,22.77153645454787,0.07360823575980079,58.6078431372549,0.8887913267789238,0.001372115343897257,0.2099336476162803,0.09613686962735882,0.11379677798892146,0.06144174842727553,0.08326949579045236,0.10000000000000003
1.563052135525783,0.5630521355257829,0.16240823694992756,0.33299757666796553,0.39762522681044266,-0.31991243533234304,0.5424836601307189,p_l10_s10_b2_x500_y50_baseline,300000000,0.2,153,0.9623298895699761,0.05293907973809864,8.099679199929092,0.02549430391648069,51.76470588235294,0.9607981872805409,0.0015941661251561926,0.24390741714889747,0.10405999810497206,0.13984741904392542,0.08202559412414093,0.12813391966787155,0.20000000000000007
1.3695025582589155,0.36950255825891554,0.1117685203582861,0.2417083871332044,0.3382940961549003,-0.2175335300857859,0.5555555555555556,p_l10_s10_b2_x500_y50_baseline,500000000,0.05,153,0.609221338030727,0.5153830034060665,78.85359952112817,0.32283813132495226,74.23529411764706,0.5808894326344908,0.0008194444551924835,0.12537500164444998,0.062442983865060246,0.06293201777938973,0.04274013141795853,0.04723330160386211,0.05000000000000001
1.5016960093754437,0.5016960093754437,0.1468290750008996,0.30097283981725353,0.3881714877390151,-0.2857298135163929,0.5424836601307189,p_l10_s10_b2_x500_y50_baseline,500000000,0.1,153,0.7952299990143322,0.2841939067157843,43.481667727515,0.15297690651189833,65.18954248366013,0.7814156224187094,0.0012766022743266674,0.1953201479719801,0.08441919795022881,0.11090095002175127,0.07411590007851891,0.08961775781520517,0.10000000000000002
1.523125682347835,0.523125682347835,0.15231752627018258,0.3268802586314359,0.37419673730770653,-0.32166212135640393,0.5424836601307189,p_l10_s10_b2_x500_y50_baseline,500000000,0.2,153,0.9203534970442874,0.1127829739915634,17.2557950207092,0.0546637143644822,56.48366013071895,0.9162904959500164,0.00168272661815397,0.2574571725775574,0.0991582123930542,0.1582989601845032,0.11278877097850139,0.15893831264332597,0.20000000000000004
1.7350441120853446,0.7350441120853446,0.20402316058560688,0.32577462309812755,0.5341826779834501,-0.3106092358707545,0.5620915032679739,p_l10_s10_b3_x500_y50_baseline,100000000,0.05,153,0.9430674452617549,0.0795440879860967,12.170245461872796,0.03552725691123777,53.89542483660131,0.9424771408799315,0.0011438748416836189,0.17501285077759368,0.1003676222499542,0.07464522852763947,0.024794038167045066,0.036341949400932466,0.05000000000000001
1.732558241377367,0.732558241377367,0.20344163316055264,0.331282579194013,0.5235458911921171,-0.32215624880220095,0.5620915032679739,p_l10_s10_b3_x500_y50_baseline,100000000,0.1,153,0.9730355334627615,0.03784819479856095,5.790773804179826,0.017129288155755856,50.209150326797385,0.9725243936185721,0.001214907495830428,0.1858808468620555,0.10358279729344619,0.08229804956860932,0.029255393155562963,0.04688467683273381,0.10000000000000002
1.735416715415855,0.7354167154158551,0.2041102772177814,0.33183959017564957,0.5246820523302275,-0.32220653843634683,0.5620915032679739,p_l10_s10_b3_x500_y50_baseline,100000000,0.2,153,0.9765316247857848,0.0330553541772933,5.057469189125875,0.015262485050133227,49.66013071895425,0.9758542154820172,0.001224411150072298,0.1873349059610616,0.1039248768755409,0.0834100290855207,0.030170232740927307,0.05309307058049555,0.20000000000000004
1.6024745233583164,0.6024745233583164,0.17220522963613405,0.2889542365057734,0.492137548685128,-0.2587174350999468,0.5751633986928104,p_l10_s10_b3_x500_y50_baseline,300000000,0.05,153,0.7488487461982897,0.341555558262741,52.25800041419937,0.18510172149796603,67.90849673202614,0.7366732176299535,0.0010001550218943518,0.1530237183498358,0.07833160760219147,0.07469211074764433,0.038897583084732845,0.04592601393835932,0.05000000000000002
1.6613364445855459,0.6613364445855459,0.18654008028335545,0.32094017446869083,0.4877547055070435,-0.3116461366235215,0.5555555555555556,p_l10_s10_b3_x500_y50_baseline,300000000,0.1,153,0.8937882626389441,0.14829683163225701,22.689415239735325,0.06875598203830872,58.470588235294116,0.8914858842137445,0.0013529238528424703,0.20699734948489795,0.09486222985544943,0.1121351196294485,0.06137921353188024,0.08269556297360141,0.10000000000000003
1.635751223704358,0.6357512237043581,0.18035129133876726,0.3287424445635666,0.45735284209610144,-0.33280340619921556,0.5620915032679739,p_l10_s10_b3_x500_y50_baseline,300000000,0.2,153,0.9619822402735132,0.05315358054940107,8.132497824058364,0.023658450722343252,51.751633986928105,0.9616071194598584,0.0015657419554376197,0.2395585191819558,0.10241697557742649,0.1371415436045293,0.08162106087742436,0.12805251890518568,0.20000000000000007
1.468693928580448,0.4686939285804479,0.13827426266655984,0.2445611372202713,0.44272881577680673,-0.21740543923839706,0.5686274509803921,p_l10_s10_b3_x500_y50_baseline,500000000,0.05,153,0.6076569542756909,0.5144607727368983,78.71249822874543,0.31733859766880457,74.17647058823529,0.5841003147971487,0.0008117313332908337,0.12419489399349756,0.06193212547179685,0.0622627685217007,0.04260226454608693,0.047125516326294865,0.05000000000000001
1.5910346970904037,0.5910346970904037,0.169378894817378,0.30222503412413415,0.46117587585458036,-0.28078942237359206,0.5620915032679739,p_l10_s10_b3_x500_y50_baseline,500000000,0.1,153,0.7933565804553258,0.28393145911786505,43.44151324503335,0.14711944622370124,65.13071895424837,0.7844765470255046,0.0012611824502854942,0.1929609148936806,0.08346785619137023,0.10949305870231038,0.07406781965394896,0.08957510062541031,0.10000000000000002
1.5996062290920485,0.5996062290920485,0.17149784591709927,0.323559326299014,0.437316542643359,-0.3300021456119512,0.5555555555555556,p_l10_s10_b3_x500_y50_baseline,500000000,0.2,153,0.9197345948368553,0.11226093646578612,17.175923279265277,0.050848033422674445,56.27450980392157,0.9184579698585874,0.0016572322384072642,0.25355653247631144,0.0977623990852407,0.15579413339107073,0.11256654034980954,0.15629014142216294,0.20000000000000004
1.808839267225696,0.8088392672256961,0.22104036219390233,0.34565523055063946,0.5526904999804838,-0.28393883919789487,0.5686274509803921,p_l20_s10_b3_x500_y50_baseline,100000000,0.05,153,0.9414143456601889,0.07876178325986885,12.050552838759934,0.034878384585710374,53.66013071895425,0.9431936013015862,0.0010658876631710551,0.16308081246517142,0.09380282776987711,0.06927798469529431,0.024615430756245116,0.037423003526052524,0.05000000000000001
1.8122102421977635,0.8122102421977635,0.22180662612618285,0.35001436036462863,0.547996447706796,-0.2890752390967437,0.5490196078431373,p_l20_s10_b3_x500_y50_baseline,100000000,0.1,153,0.9724915901598424,0.03804262560593243,5.8205217177076625,0.018795233782461045,50.071895424836605,0.9716033362145883,0.001131236289575585,0.1730791523050645,0.09679050584130912,0.07628864646375541,0.028941645529828555,0.04979082699865542,0.10000000000000002
1.8093447720842888,0.8093447720842888,0.22115532995829001,0.34995996367541665,0.5462205674920693,-0.28921677698667814,0.5490196078431373,p_l20_s10_b3_x500_y50_baseline,100000000,0.2,153,0.9757759476091877,0.03379541469898629,5.170698448944902,0.01772699593302289,49.54248366013072,0.9742610605927805,0.0011385435757949509,0.17419716709662747,0.09703990847738572,0.07715725861924176,0.029749065989376176,0.05525727118860497,0.20000000000000004
1.610095175458479,0.6100951754584789,0.1740805788688906,0.31857456558095665,0.4522664218536826,-0.2531227263103305,0.5620915032679739,p_l20_s10_b3_x500_y50_baseline,300000000,0.05,153,0.7454024276638135,0.33061043865867185,50.583397114776794,0.16226237702895369,67.41830065359477,0.7535694677789675,0.0009476220750201998,0.14498617747809056,0.07428851605727418,0.07069766142081638,0.038691690971578575,0.04582713799897926,0.05000000000000002
1.6869420202736396,0.6869420202736396,0.1926708410175404,0.34130295140826095,0.47661715302003416,-0.2883666781153703,0.5620915032679739,p_l20_s10_b3_x500_y50_baseline,300000000,0.1,153,0.8911569550526381,0.14414308159007397,22.053891483281316,0.06353574062703812,57.90196078431372,0.8961737448337664,0.0012622106291999514,0.19311822626759256,0.0888077943874083,0.1043104318801843,0.060930230395036596,0.08297355443683901,0.10000000000000003
1.718397508838301,0.718397508838301,0.20011837253756504,0.34783081205812705,0.48908367700655586,-0.2892098075405962,0.5490196078431373,p_l20_s10_b3_x500_y50_baseline,300000000,0.2,153,0.9607114737133644,0.05353278591212701,8.190516244555432,0.024797010507163646,51.6078431372549,0.9608573020023466,0.0014566780238560644,0.22287173764997784,0.09569226355506587,0.12717947409491198,0.08091740834928239,0.1278864394434391,0.20000000000000004
1.4512148526106723,0.4512148526106723,0.13369161433450838,0.27428282785439045,0.37804632227853335,-0.21276315406988722,0.5555555555555556,p_l20_s10_b3_x500_y50_baseline,500000000,0.05,153,0.6046195324477346,0.502236546757609,76.84219165391417,0.28009353333996834,74.33986928104575,0.6088355843861742,0.0007831409634079607,0.11982056740141799,0.05967997529659188,0.0601405921048261,0.042585377501101876,0.04728868174668502,0.05000000000000001
1.6007600342129744,0.6007600342129744,0.17178250037370058,0.3275252192900869,0.4328903303416302,-0.2681749390923508,0.5620915032679739,p_l20_s10_b3_x500_y50_baseline,500000000,0.1,153,0.7896819234207282,0.2744857482341212,41.99631947982054,0.12958071513991606,64.47058823529412,0.7979735831833215,0.0011877815421672965,0.18173057595159636,0.07877248028165743,0.10295809566993896,0.0735332590423744,0.0891297898874514,0.10000000000000002
1.645162781248619,0.6451627812486189,0.182635258748707,0.34342526869956946,0.4444497032110741,-0.2912270406546864,0.5620915032679739,p_l20_s10_b3_x500_y50_baseline,500000000,0.2,153,0.9173994597510527,0.11018552689068886,16.858385614275395,0.04823877350944623,55.86274509803921,0.9208012173333574,0.001543110397883592,0.2360958908761896,0.09141086439384137,0.1446850264823482,0.1117286244026985,0.15918875906086946,0.20000000000000004
1.8258707329925967,0.8258707329925967,0.22490218436674314,0.32349013041347724,0.6024980858538834,-0.26959440628943165,0.5555555555555556,p_l20_s3_b3_x500_y50_baseline,100000000,0.05,153,0.9442201133691446,0.0837700301492113,12.81681461282933,0.039195345244997015,54.30065359477124,0.938517312302896,0.0012121324884996187,0.18545627074044166,0.1062318922981763,0.07922437844226538,0.025007221401849,0.035799374675570816,0.05000000000000001
1.8793486878114376,0.8793486878114376,0.23687502724086995,0.329240093218817,0.6283409326560307,-0.2659959681994153,0.5555555555555556,p_l20_s3_b3_x500_y50_baseline,100000000,0.1,153,0.9746173470082637,0.03918493605208508,5.995295215969017,0.01797644803347559,50.27450980392157,0.9714193079572199,0.0012955524226382579,0.19821952066365345,0.11015226736119549,0.08806725330245793,0.02962318612852462,0.050371221893425404,0.10000000000000002
1.890926702807037,0.8909267028070369,0.2394373191776744,0.33117975334141175,0.6323977147291562,-0.2652420646361692,0.5555555555555556,p_l20_s3_b3_x500_y50_baseline,100000000,0.2,153,0.9784610518711784,0.03364177234209965,5.147191168341246,0.01580187999411101,49.666666666666664,0.9752781738318947,0.0013078974164267804,0.20010830471329738,0.11063302689194479,0.08947527782135259,0.03064286603429556,0.05753470731175053,0.20000000000000004
1.6636955224641554,0.6636955224641554,0.18710752519204865,0.2782216911541866,0.5646846748012248,-0.21603420045278898,0.5490196078431373,p_l20_s3_b3_x500_y50_baseline,300000000,0.05,153,0.7522356194612091,0.3457776670779295,52.90398306292322,0.20296980142581972,68.18300653594771,0.7256262657481255,0.001038216468113123,0.1588471196213078,0.08127504974144951,0.07757206987985826,0.03902748869077903,0.04590783974989737,0.05000000000000002
1.713509714360088,0.7135097143600879,0.1989670836354558,0.313328682029751,0.5392646550608863,-0.26881857747450155,0.5555555555555556,p_l20_s3_b3_x500_y50_baseline,300000000,0.1,153,0.8957423750047876,0.152998769273094,23.40881169878338,0.07810450609604476,58.69934640522876,0.8844483623154308,0.0014244451399335616,0.2179401064098349,0.09981223487357824,0.11812787153625667,0.06176410679869328,0.08118750369954558,0.10000000000000003
1.7454460784293928,0.7454460784293928,0.20645055036049986,0.3266376503246904,0.5402027297989109,-0.27635960105716506,0.5424836601307189,p_l20_s3_b3_x500_y50_baseline,300000000,0.2,153,0.9633118676522323,0.05565395501799759,8.515055117753631,0.025357066630460324,52.071895424836605,0.9594944891757713,0.001666745436731299,0.25501205181988873,0.10873095620488873,0.14628109561500002,0.08252083534280757,0.12596006574426669,0.20000000000000007
1.52465420562833,0.5246542056283301,0.15270704199262375,0.2358030121393225,0.5203794509635999,-0.16689543129722328,0.5620915032679739,p_l20_s3_b3_x500_y50_baseline,500000000,0.05,153,0.6108620426448874,0.5191697053546981,79.43296491926881,0.33535205573413923,74.12418300653594,0.5727391194555814,0.0008367217700786555,0.1280184308220343,0.06378760992613866,0.06423082089589563,0.042755721419392725,0.047419353222840493,0.05000000000000001
1.6552022569521438,0.6552022569521438,0.1850620776603329,0.2910592442244766,0.5327509114973953,-0.2366277211825759,0.5490196078431373,p_l20_s3_b3_x500_y50_baseline,500000000,0.1,153,0.7968262798563405,0.28763298014637073,44.007845962394725,0.1632882455562911,65.34640522875817,0.7745393871486692,0.0013151708757196078,0.2012211439851,0.08698575354261068,0.11423539044248933,0.07437798284480454,0.09009276608270397,0.10000000000000002
1.6485455229286814,0.6485455229286814,0.1834540551244812,0.3183720573404597,0.4819959904973099,-0.2802555525282422,0.5294117647058824,p_l20_s3_b3_x500_y50_baseline,500000000,0.2,153,0.9210286429848473,0.11739483937396356,17.961410424216425,0.05751412669431949,56.64052287581699,0.9125455169658587,0.0017499528660222766,0.2677427885014083,0.10313568434453439,0.1646071041568739,0.11333083425530639,0.15615221991656877,0.20000000000000004
1.7421012776042082,0.7421012776042082,0.20567106061119445,0.32038451179895294,0.5483132115994147,-0.2770132141560995,0.5490196078431373,p_l20_s5_b2_x500_y50_baseline,100000000,0.05,153,0.9273157642341104,0.10725802991100881,16.41047857638435,0.03009862803887101,54.84313725490196,0.9313261585838668,0.0011839682382530942,0.1811471404527234,0.10418511248843254,0.07696202796429086,0.024443022053326848,0.03627499006588602,0.05000000000000001
1.827465869534267,0.8274658695342669,0.2252626504813271,0.32642124580821735,0.5981922224390075,-0.27101267606405044,0.5490196078431373,p_l20_s5_b2_x500_y50_baseline,100000000,0.1,153,0.9542366364985608,0.06731898075909473,10.299804056141493,0.012865651846937047,51.032679738562095,0.9599146801899913,0.0012541844407003638,0.19189021942715567,0.10733173523407508,0.08455848419308057,0.028688016940995435,0.05035543833142689,0.10000000000000002
1.8387130038894213,0.8387130038894213,0.22779835550949734,0.3278095794241746,0.6033940675466134,-0.27105712529883863,0.5490196078431373,p_l20_s5_b2_x500_y50_baseline,100000000,0.2,153,0.9572292289276533,0.06281098614119568,9.61008087960294,0.011258243564460951,50.48366013071895,0.962972384205231,0.0012634338609884153,0.19330538073122755,0.10765624774903512,0.0856491329821924,0.02956377436000026,0.05412867490791423,0.2
1.5445767904005152,0.5445767904005152,0.15776042616120867,0.27867842260663406,0.4584510884129257,-0.26714127857865044,0.5555555555555556,p_l20_s5_b2_x500_y50_baseline,300000000,0.05,153,0.7443208551183894,0.3594492655339205,54.99573762668983,0.18079215103626506,68.82352941176471,0.7298826858683392,0.00103201701502764,0.15789860329922892,0.08089933731778445,0.07699926598144449,0.03862049398490739,0.045965636797191706,0.05000000000000002
1.5825717712571998,0.5825717712571998,0.16727935306459796,0.31101023082905627,0.44139819033815714,-0.29434804539888104,0.5490196078431373,p_l20_s5_b2_x500_y50_baseline,300000000,0.1,153,0.8819563058266514,0.1730142719769583,26.47118361247462,0.06263088554354942,59.40522875816993,0.8821817839143448,0.0014005230002044871,0.21428001903128652,0.09844740360012288,0.1158326154311636,0.060763551227825265,0.08149357980400164,0.10000000000000003
1.689673319957048,0.689673319957048,0.19332114703486858,0.323602966525016,0.5046960749114242,-0.27955330715004056,0.5490196078431373,p_l20_s5_b2_x500_y50_baseline,300000000,0.2,153,0.9444093658291193,0.08180959691662454,12.516868328243554,0.018710733405860797,52.68627450980392,0.9497488731429352,0.0016172622609051085,0.2474411259184816,0.1062423925013539,0.1411987334171277,0.08032277404815805,0.13022493073463384,0.20000000000000004
1.4310767031714544,0.4310767031714544,0.1283662103422909,0.2375107050916079,0.41415484958604726,-0.2105060875819853,0.5620915032679739,p_l20_s5_b2_x500_y50_baseline,500000000,0.05,153,0.6099815701338385,0.5244533233695751,80.24135847554498,0.3147274560311719,74.99346405228758,0.5804121993770672,0.0008381237148960171,0.12823292837909062,0.0639087422219879,0.06432418615710273,0.04244104907793302,0.047525678370060144,0.05000000000000001
1.5027347954177726,0.5027347954177726,0.14709631665169298,0.2893852615935438,0.4046381491817668,-0.28503065053109844,0.5620915032679739,p_l20_s5_b2_x500_y50_baseline,500000000,0.1,153,0.7866311258224564,0.3039766485981111,46.50842723551099,0.14150118914105472,66.16993464052288,0.7772647135929757,0.0013024957734703824,0.1992818533409685,0.08634396251085052,0.11293789083011799,0.073419207785516,0.08936425910552277,0.10000000000000002
1.5506475747513082,0.5506475747513082,0.15929168958423423,0.3157495172588905,0.4094754940772401,-0.29554110856863414,0.5490196078431373,p_l20_s5_b2_x500_y50_baseline,500000000,0.2,153,0.9055969529193022,0.13923029858059033,21.30223568283032,0.045203957728258186,57.333333333333336,0.9077874762767899,0.0017131478671600089,0.26211162367548135,0.10143576749178293,0.1606758561836984,0.1111523886107025,0.15630545826456912,0.20000000000000004
1.8408282378273146,0.8408282378273146,0.22827409246498176,0.3277978266925289,0.6048670135051288,-0.26347574523913264,0.5555555555555556,p_l20_s5_b3_x500_y50_baseline,100000000,0.05,153,0.9224861584990194,0.11260728729881343,17.228914956718455,0.027021714455420204,54.967320261437905,0.930189076875996,0.0011541786312868837,0.17658933058689322,0.10166184801532344,0.0749274825715698,0.024460468081795556,0.035541573664534205,0.05000000000000001
1.9135072235454247,0.9135072235454247,0.2444047674354255,0.3310137699028173,0.6477215962900058,-0.260213538882189,0.5555555555555556,p_l20_s5_b3_x500_y50_baseline,100000000,0.1,153,0.9489493212842742,0.07441472862087788,11.385453478994314,0.011750864675149308,51.34640522875817,0.9569236891930514,0.0012206180318415608,0.1867545588717588,0.10462884492412503,0.08212571394763375,0.02864942789664398,0.04762624013768397,0.10000000000000002
1.9177579460395158,0.9177579460395158,0.2453355231033476,0.33096132790797433,0.6506365093000318,-0.26029251898851824,0.5555555555555556,p_l20_s5_b3_x500_y50_baseline,100000000,0.2,153,0.9520181863290034,0.07001629728221342,10.712493484178655,0.010519307070644197,50.77777777777778,0.9597386871473705,0.0012285091116747476,0.1879618940862364,0.10489762314193295,0.08306427094430345,0.029451230644303078,0.05089956576148717,0.20000000000000004
1.6538081842125913,0.6538081842125913,0.18472567632316417,0.29040807637450805,0.5327870982611073,-0.25286012087157494,0.5555555555555556,p_l20_s5_b3_x500_y50_baseline,300000000,0.05,153,0.7396066637691061,0.36229788441178623,55.43157631500329,0.16847117445460552,68.95424836601308,0.7346183047984645,0.00101481048618429,0.15526600438619637,0.07956275258287995,0.07570325180331647,0.03874281716618289,0.04631552538758832,0.05000000000000002
1.7042877772838716,0.7042877772838716,0.19678897117771843,0.32027982250376913,0.5207601586445728,-0.2761625894399711,0.5555555555555556,p_l20_s5_b3_x500_y50_baseline,300000000,0.1,153,0.8775284593194019,0.17634050084700656,26.980096629592005,0.05709915185768875,59.40522875816993,0.883283674012131,0.0013681771444707996,0.20933110310403236,0.09625915724784086,0.1130719458561915,0.060809958941971824,0.08193941451588502,0.10000000000000003
1.7801171497825876,0.7801171497825876,0.21447274393080806,0.33025694800077615,0.5585733927704514,-0.26428563525686666,0.5555555555555556,p_l20_s5_b3_x500_y50_baseline,300000000,0.2,153,0.939299580442892,0.08823394953364602,13.49979427864784,0.016883722562089302,52.8562091503268,0.9474479127005222,0.0015746010084591623,0.24091395429425183,0.10361165816251494,0.13730229613173686,0.08026581110508017,0.12464576631799155,0.20000000000000004
1.512447448172064,0.512447448172064,0.14958912038205519,0.2479053979531958,0.4823982106457942,-0.20732819607399944,0.5555555555555556,p_l20_s5_b3_x500_y50_baseline,500000000,0.05,153,0.6047944743499373,0.5278816073269939,80.76588592103006,0.3017951486845359,75.33333333333333,0.5851635456491483,0.0008270463821346993,0.126538096466609,0.06307901437033703,0.06345908209627196,0.04257123655818284,0.04744445709337111,0.05000000000000001
1.6208053016558859,0.6208053016558859,0.1767062880095871,0.3009653873840506,0.4874523588401238,-0.26844453870942775,0.5555555555555556,p_l20_s5_b3_x500_y50_baseline,500000000,0.1,153,0.7821192941866413,0.30643649615370844,46.88478391151739,0.13180857444446317,66.00653594771242,0.7808805126292188,0.0012776838026687767,0.19548562180832282,0.08471482033523867,0.11077080147308414,0.07363535622603681,0.09031811809814534,0.10000000000000002
1.6557673376325652,0.6557673376325652,0.18519838281657308,0.3238691242366457,0.4792009216141649,-0.2791115533263473,0.5555555555555556,p_l20_s5_b3_x500_y50_baseline,500000000,0.2,153,0.9013124113739096,0.14298128470761917,21.876136560265735,0.04115380473979266,57.30065359477124,0.9079360611051371,0.0016718306073685387,0.2557900829273864,0.09908728224176858,0.15670280068561787,0.11130553773210115,0.1547193579984333,0.20000000000000004
1.4323351948355134,0.4323351948355134,0.1287004606940898,0.3271772174491159,0.3016727798580296,-0.3172669396763227,0.5424836601307189,walk_forward_selected,100000000,0.05,153,0.9420476160653866,0.07938095885621134,12.145286705000336,0.03737025927862391,53.95424836601307,0.9416380761569582,0.001122344518774422,0.17171871137248657,0.0984913533987974,0.07322735797368916,0.024719276055222606,0.036341949400932466,0.05000000000000001
1.4508959035670286,0.4508959035670286,0.1336076534291144,0.3329417027664541,0.3111885731592814,-0.32175585865835754,0.5490196078431373,walk_forward_selected,100000000,0.1,153,0.9720544504100249,0.038103313033521595,5.829806894128804,0.01940191005446189,50.130718954248366,0.9712696543647933,0.001193368869530238,0.1825854370381264,0.10171145937330495,0.08087397766482146,0.02918835547761297,0.04704259219321589,0.10000000000000002
1.4534959503774052,0.4534959503774052,0.134291739562034,0.33347832453299436,0.3127391853970868,-0.3214257462649217,0.5490196078431373,walk_forward_selected,100000000,0.2,153,0.9756189368201487,0.03314009146007421,5.0704339933913545,0.01756337905689764,49.529411764705884,0.9746705306502993,0.0012029363577357682,0.18404926273357253,0.10205923494433561,0.08199002778923695,0.03010815227096992,0.05309307058049555,0.20000000000000004
1.3056338562100078,0.3056338562100078,0.09402089248948431,0.2890844455213533,0.22146086889602432,-0.2826609884836392,0.5490196078431373,walk_forward_selected,300000000,0.05,153,0.7489276382652972,0.3364602539183725,51.47841884951099,0.1804603725034013,67.84967320261438,0.7415455624118934,0.0009828165368815805,0.15037093014288183,0.07693926403892466,0.07343166610395717,0.03881070794373677,0.04554859118560311,0.05000000000000001
1.3562256895631524,0.35622568956315237,0.10812510021058319,0.3222518548020459,0.24243491246489235,-0.32614549875548293,0.5359477124183006,walk_forward_selected,300000000,0.1,153,0.893094839862724,0.14686356025355005,22.470124718793155,0.06910550274465352,58.43790849673203,0.8920286244432206,0.0013267384099637082,0.20299097672444735,0.09306161463596102,0.10992936208848636,0.06115162367064976,0.08229592260987793,0.10000000000000002
1.3631852912325686,0.3631852912325686,0.11003787911057938,0.3302515945733346,0.24235425483405634,-0.3355354071926261,0.5490196078431373,walk_forward_selected,300000000,0.2,153,0.9605629043622301,0.053795886007978175,8.23077055922066,0.026011012443279684,51.77777777777778,0.9601187509863631,0.0015363565596991648,0.23506255363397222,0.1005137429480507,0.1345488106859215,0.08130605520754117,0.12805166027747789,0.20000000000000004
1.2232536938016114,0.22325369380161142,0.07025777122351418,0.24427462755271875,0.1648053734718144,-0.24874424607151935,0.5424836601307189,walk_forward_selected,500000000,0.05,153,0.6086233307905146,0.507242597665622,77.60811744284015,0.30626527363418776,74.44444444444444,0.5932466887791447,0.0008028614630173329,0.12283780384165194,0.06116986485300345,0.061667938988648474,0.042642627040859186,0.04694364007554309,0.05000000000000001
1.2945698184899337,0.2945698184899337,0.09088830694762673,0.30271458899909187,0.2011409729175933,-0.3022526865564117,0.5424836601307189,walk_forward_selected,500000000,0.1,153,0.793369570911196,0.2796599721476074,42.78797573858393,0.1439089282495546,64.98039215686275,0.7882223646717592,0.0012384533913545358,0.18948336887724399,0.0819427130858408,0.1075406557914032,0.07386782737640622,0.08919594928463176,0.10000000000000002
1.31394839142428,0.31394839142428,0.09636344048664691,0.3249605780294812,0.20421997304739611,-0.33986521792673696,0.5359477124183006,walk_forward_selected,500000000,0.2,153,0.9186681025025424,0.11172748210034131,17.09430476135222,0.05216068307919861,56.30718954248366,0.9180692849436547,0.0016248055453348634,0.2485952484362341,0.09589557347564764,0.15269967496058645,0.11213197056304292,0.15461940080202186,0.20000000000000004
