fold,test_year,final_nav,cumulative_return,annual_return,annual_volatility,sharpe_ratio,max_drawdown,win_rate,scenario,capital,participation_limit,periods,avg_fill_ratio,avg_unfilled_trade_weight,total_unfilled_trade_weight,avg_cash_weight,avg_actual_stock_count,avg_target_overlap_weight,avg_period_cost,total_cost_arithmetic,total_fixed_cost_arithmetic,total_impact_cost_arithmetic,avg_participation,p95_participation,max_participation
1,2023,1.0607439859810992,0.0607439859810992,0.062370546207958455,0.18277974618757065,0.17710138504481474,-0.12866995969848005,0.52,baseline,100000000,0.05,50,0.9706364892816953,0.04561766897066759,2.2808834485333795,0.026487596159834394,105.66,0.9639473674347496,0.002017426185645958,0.10087130928229789,0.07507943815772035,0.025791871124577523,0.022196376349644616,0.03087917817602671,0.05000000000000002
1,2023,1.0693521630962104,0.0693521630962104,0.07121686384311676,0.18547043365448898,0.2222287565246073,-0.12789804264903593,0.52,baseline,100000000,0.1,50,0.9914530171715198,0.013287982107481793,0.6643991053740896,0.010095563320631419,99.62,0.9883082272859438,0.002095414737210011,0.10477073686050054,0.07695067176037335,0.027820065100127193,0.02525443363855852,0.03867335142028355,0.10000000000000002
1,2023,1.0701958759721777,0.07019587597217769,0.07208401738604153,0.18563351899271058,0.22670484088433449,-0.12785280818260858,0.52,baseline,100000000,0.2,50,0.992582455449634,0.011579654085564313,0.5789827042782156,0.009027342940607445,99.14,0.9896965014869146,0.0021012431759784107,0.10506215879892053,0.07707382372606296,0.027988335072857584,0.02560766711967567,0.0395484314941889,0.19491194073429557
1,2023,1.0045103538562916,0.004510353856291616,0.004627817801639678,0.16069292395041998,-0.15789234257874743,-0.12961457090001727,0.5,baseline,300000000,0.05,50,0.8025627441157098,0.290118734322957,14.50593671614785,0.17770364360288318,130.54,0.7660888110370803,0.0017180470639688225,0.08590235319844113,0.05956530848546335,0.026337044712977792,0.0348858396765701,0.04427472450874527,0.05000000000000002
1,2023,1.0299263451507008,0.029926345150700806,0.030715748832850442,0.1768065197272104,0.004048203844262935,-0.13313481593033394,0.5,baseline,300000000,0.1,50,0.92913629881159,0.10859435208217315,5.4297176041086574,0.06120714057026172,114.14,0.9150992536737829,0.0022034829609539845,0.11017414804769922,0.07118480853025068,0.03898933951744855,0.055236265629685824,0.07470263066303753,0.10000000000000003
1,2023,1.04539475874332,0.04539475874332011,0.0466013285363267,0.1845108247002141,0.0899748216035557,-0.13300223914720077,0.52,baseline,300000000,0.2,50,0.9846816499362135,0.023727579488432925,1.1863789744216462,0.01530616100469907,101.76,0.9804831297534341,0.0024660327079425743,0.12330163539712871,0.07636257870670145,0.04693905669042728,0.07205430199590139,0.10503616276026798,0.20000000000000007
1,2023,0.9876453987116255,-0.012354601288374512,-0.012673569979165578,0.1434198587473339,-0.2975429647741084,-0.12368687261258993,0.48,baseline,500000000,0.05,50,0.6794459300320206,0.44990035256227967,22.495017628113985,0.30560031418202005,141.56,0.6222496666278503,0.001427308837422189,0.07136544187110945,0.048543539903871266,0.022821901967238174,0.038753619350813666,0.04656523875890547,0.05000000000000001
1,2023,1.0035678955859344,0.0035678955859343997,0.0036607702201618686,0.16562019323948693,-0.15903392735299846,-0.13279568272686293,0.5,baseline,500000000,0.1,50,0.841682808225764,0.2360605061365122,11.80302530682561,0.1392561394693123,126.04,0.812341677197088,0.0020307666816997264,0.10153833408498632,0.06314833555600215,0.038389998528984184,0.06641351179864978,0.08569809308499163,0.10000000000000002
1,2023,1.0232276526731985,0.023227652673198484,0.02383831793187996,0.18000970172207212,-0.03422972211594147,-0.13691187073506095,0.5,baseline,500000000,0.2,50,0.9517099595907135,0.07464910100904554,3.732455050452277,0.04251525237817517,109.96,0.94141782330639,0.002547777066811997,0.12738885334059985,0.07328286263012074,0.05410599071047911,0.10134603624061861,0.13889971249389516,0.20000000000000004
1,2023,1.0793882228068523,0.07938822280685232,0.08153290107423361,0.17717309994403416,0.29086188078501723,-0.1310396059756287,0.5,tc50_buf2,100000000,0.05,50,0.9659840571746297,0.034720290939759986,1.7360145469879993,0.015761365366701433,104.24,0.9747591718467696,0.0013197976952154266,0.06598988476077133,0.04911460978146153,0.016875274979309796,0.02214893764791423,0.03160847639703964,0.05000000000000002
1,2023,1.0842819775017898,0.08428197750178978,0.08656408304390784,0.17823081519397718,0.31736421663305764,-0.1318840820349093,0.5,tc50_buf2,100000000,0.1,50,0.9906737007293731,0.009434540811439882,0.4717270405719941,0.006383721085403185,99.92,0.9920908690515791,0.001363464307875912,0.0681732153937956,0.0500726984047936,0.018100516989002002,0.025244578078149706,0.03980312645963763,0.10000000000000002
1,2023,1.0846814620869942,0.08468146208699423,0.08697481210939517,0.17838537060534454,0.31939172991626574,-0.13179885814157333,0.5,tc50_buf2,100000000,0.2,50,0.9922753895526658,0.007808037449159258,0.3904018724579629,0.005804471259949591,99.48,0.993193745645446,0.0013667518956507762,0.06833759478253881,0.05013315068825398,0.018204444094284823,0.025605961947294364,0.04110026896062715,0.1751806966988862
1,2023,1.0415245111165239,0.04152451111652389,0.04262612812254307,0.1659837825450675,0.07606844433199285,-0.11758877641383048,0.42,tc50_buf2,300000000,0.05,50,0.7735158273456215,0.24226259750394163,12.113129875197082,0.10555754076568995,126.24,0.8260899308651843,0.0011826222326708372,0.05913111163354186,0.04090246263257785,0.018228649000964006,0.03509172989381238,0.0439113839117495,0.05000000000000002
1,2023,1.0607719715377633,0.06077197153776326,0.06239930295577123,0.17477342263937531,0.18537888922976256,-0.12981150764564475,0.5,tc50_buf2,300000000,0.1,50,0.9183795388503652,0.08446640566285575,4.223320283142788,0.03479768518574439,110.92,0.9403679545757003,0.0014614747467849396,0.07307373733924698,0.04714132378111497,0.025932413558132007,0.055427261405272744,0.07355473573823047,0.10000000000000003
1,2023,1.068450835708695,0.06845083570869503,0.0702905147385049,0.17793432276857382,0.22643475475447097,-0.13482740899658197,0.5,tc50_buf2,300000000,0.2,50,0.9821296532442579,0.018149482136451123,0.9074741068225561,0.009377168444495413,101.58,0.9862366747095271,0.0016058762850822198,0.08029381425411099,0.049747298253898696,0.03054651600021229,0.07182715199485547,0.10547313669274172,0.20000000000000007
1,2023,1.0240699661438448,0.024069966143844823,0.024703042358499294,0.15315417906003054,-0.034585785866309934,-0.11207639738245612,0.44,tc50_buf2,500000000,0.05,50,0.6334976749369582,0.4036299074180008,20.18149537090004,0.19350394453517938,138.68,0.70143307402341,0.001015991671609838,0.0507995835804919,0.03446169561590654,0.01633788796458536,0.03890976584617089,0.04662488502005772,0.05000000000000001
1,2023,1.0424632172664234,0.042463217266423436,0.04359025476118905,0.16899570345122844,0.08041775313602072,-0.12217272451191186,0.42,tc50_buf2,500000000,0.1,50,0.8178508048704124,0.19293836092145877,9.646918046072939,0.08204473253981709,121.46,0.8625084532693625,0.001382130589132271,0.06910652945661355,0.04284580666406418,0.026260722792549384,0.06688999927134488,0.08549627516422326,0.10000000000000002
1,2023,1.0553728043605228,0.05537280436052283,0.05685171781280807,0.17608667399541214,0.15249148162970969,-0.1334119084471157,0.5,tc50_buf2,500000000,0.2,50,0.9441878218391091,0.05735405372680143,2.8677026863400714,0.024147663894803655,107.44,0.9592491411891979,0.0016777960204319995,0.08388980102159997,0.04821104033844588,0.035678760683154086,0.10142999786220655,0.13928753626354523,0.20000000000000004
1,2023,1.0778684749652199,0.07786847496521987,0.07997059588761113,0.1808536306847182,0.27630407915185723,-0.13409406258679413,0.48,tc50_buf3,100000000,0.05,50,0.9629194071816221,0.038024370886158995,1.9012185443079497,0.015868838041004314,104.62,0.9730533955364186,0.0013209187550987684,0.06604593775493842,0.04913448578239129,0.016911451972547117,0.02220201279408986,0.03147854380817149,0.05000000000000002
1,2023,1.0818274642248045,0.08182746422480447,0.08404056777807667,0.18147323074486243,0.29778809555693425,-0.13453914542863288,0.48,tc50_buf3,100000000,0.1,50,0.9904112151957534,0.009698230433304708,0.48491152166523543,0.00641262624790154,99.96,0.9919445716593972,0.0013640338433506328,0.06820169216753164,0.050050939451130115,0.018150752716401517,0.025413885254208936,0.03803837471480842,0.10000000000000002
1,2023,1.0820803862868578,0.08208038628685776,0.08430059318932615,0.1815247382562546,0.2991360500554539,-0.1345135134240345,0.48,tc50_buf3,100000000,0.2,50,0.9922736996638468,0.007806000295942219,0.39030001479711096,0.005804738165846312,99.48,0.9931946307691064,0.0013670784604951744,0.06835392302475872,0.05010418363392725,0.018249739390831483,0.02577388976666639,0.03931816384849902,0.17518069669888617
1,2023,1.0497685170878228,0.04976851708782282,0.05109415399732842,0.17007163899349528,0.12403099142318023,-0.121132559274995,0.46,tc50_buf3,300000000,0.05,50,0.7694749863891321,0.2511811281563326,12.559056407816628,0.10341654502109965,127.9,0.8227011634112844,0.0011987875268848849,0.05993937634424425,0.041415901616775164,0.018523474727469087,0.035219161824158525,0.04376128812004089,0.05000000000000002
1,2023,1.0603826742573652,0.06038267425736521,0.06199927967568852,0.17881394372634332,0.1789529329136669,-0.13424789998982833,0.48,tc50_buf3,300000000,0.1,50,0.9137520598013472,0.09013567174769899,4.506783587384949,0.034766134958030694,111.62,0.9375490966471355,0.0014680283657940638,0.07340141828970319,0.0472999267368593,0.026101491552843876,0.05565942993543886,0.07410924166661206,0.10000000000000003
1,2023,1.0660936776068313,0.06609367760683127,0.06786801568215783,0.18129698593754953,0.20887283639233828,-0.1375715853996342,0.48,tc50_buf3,300000000,0.2,50,0.9808519319260324,0.019461294823091054,0.9730647411545528,0.009603841206209659,101.82,0.98546743198535,0.0016070136231803333,0.08035068115901667,0.04972754634401613,0.030623134815000546,0.07223055585837564,0.105010830603493,0.20000000000000007
1,2023,1.0357053857943757,0.035705385794375655,0.0366499234313713,0.15498819650500673,0.04290599917495319,-0.10667187294213643,0.46,tc50_buf3,500000000,0.05,50,0.630502297910125,0.41496352479216886,20.748176239608444,0.19648334098605344,140.62,0.694276567110889,0.0010302246115036088,0.05151123057518044,0.034917641316021736,0.016593589259158704,0.038994066226291445,0.04663022862170111,0.05000000000000001
1,2023,1.0485562033956037,0.048556203395603736,0.04984878859827524,0.17339682147341695,0.11447031398622386,-0.12628840379190276,0.46,tc50_buf3,500000000,0.1,50,0.8132098892630679,0.2009128684576114,10.04564342288057,0.08086970724988297,123.06,0.8591087121462532,0.0013962322953473927,0.06981161476736963,0.0432442932812788,0.02656732148609083,0.06701813041028976,0.08544274253095081,0.10000000000000002
1,2023,1.0544943634353554,0.05449436343535541,0.05594919903079787,0.1799146143359531,0.14423063477402198,-0.13718808416652817,0.48,tc50_buf3,500000000,0.2,50,0.9401884743173458,0.06194470384358256,3.097235192179128,0.024482541475233894,107.82,0.9567863773405922,0.0016826936970611155,0.08413468485305578,0.0482994884457318,0.03583519640732397,0.10176038767010426,0.14017718702807866,0.20000000000000004
1,2023,1.059857032711429,0.05985703271142895,0.06145916159930365,0.18245299772654477,0.17242337473925048,-0.13387507676971344,0.48,tc50_buf4,100000000,0.05,50,0.9599345985333837,0.04118661144858269,2.0593305724291344,0.016375945577314744,105.04,0.9712187214870518,0.0013196429894772469,0.06598214947386234,0.049081607241089474,0.01690054223277287,0.022228299038307628,0.03122278458406226,0.05000000000000002
1,2023,1.0616221860506116,0.06162218605061165,0.06327295601642557,0.18284771482029108,0.18197086055533898,-0.1341752904286191,0.48,tc50_buf4,100000000,0.1,50,0.9893287924765779,0.010793683456586847,0.5396841728293423,0.006672735221111488,100.1,0.9912667906611514,0.0013644075143466102,0.06822037571733051,0.050034180373637785,0.01818619534369273,0.025575426408942524,0.03732237993452812,0.10000000000000002
1,2023,1.0618268400289586,0.06182684002895855,0.06348325457097537,0.1829942506386006,0.18297435276861343,-0.13422814873878086,0.48,tc50_buf4,100000000,0.2,50,0.9918653552427554,0.008212478565366792,0.4106239282683396,0.0058050986144122674,99.52,0.9929912114101112,0.001368376881702997,0.06841884408514985,0.05010965255894795,0.018309191526201918,0.02600939516004165,0.03851763265904868,0.19999999999999998
1,2023,1.04010178252008,0.04010178252008001,0.04116491458952076,0.17231892677275057,0.06479215486436231,-0.1197531433771235,0.46,tc50_buf4,300000000,0.05,50,0.7651353437183931,0.2581931948010002,12.90965974005001,0.10380655844711137,128.88,0.8190001233759446,0.001203489313351487,0.060174465667574346,0.041580282860987396,0.018594182806586954,0.03516691920466833,0.04425317845435829,0.05000000000000002
1,2023,1.043353130251915,0.043353130251915006,0.04450428772951587,0.18062665353096546,0.08029981979945915,-0.13397446218350484,0.48,tc50_buf4,300000000,0.1,50,0.9088812356150975,0.09554145853191555,4.777072926595777,0.03554755334918765,111.84,0.9344554940594486,0.0014665487792134477,0.07332743896067238,0.0472617948068036,0.026065644153868795,0.055577049797125404,0.07359026650186615,0.10000000000000003
1,2023,1.0469177285601083,0.04691772856010834,0.0481657029421807,0.18261913286474923,0.09947316394079322,-0.13713026786510185,0.48,tc50_buf4,300000000,0.2,50,0.9788461963128817,0.021538242856544886,1.0769121428272443,0.010165306138198995,102.02,0.9841482255026286,0.0016065103331101807,0.08032551665550904,0.04968593866511622,0.03063957799039281,0.0724988957582114,0.10339300884189977,0.20000000000000007
1,2023,1.0324016547674728,0.03240165476747281,0.03325740061386484,0.15721499805278796,0.02071940116534624,-0.10495329329352321,0.46,tc50_buf4,500000000,0.05,50,0.6302515870084268,0.4190487297075377,20.952436485376886,0.1969685408487145,141.82,0.6919913647218743,0.001039520516145373,0.05197602580726864,0.03522547868047221,0.016750547126796432,0.039003043503455646,0.04660799044854079,0.05000000000000001
1,2023,1.0339095012947024,0.03390950129470238,0.034805737413402316,0.17521001332223451,0.027428440431449125,-0.12519738928231394,0.44,tc50_buf4,500000000,0.1,50,0.8079676481732244,0.20804728641021547,10.402364320510774,0.08127872770576992,123.74,0.8553369929420076,0.0013992091623638166,0.06996045811819084,0.04333883660514115,0.026621621513049698,0.06691944685431317,0.08514163101524552,0.10000000000000002
1,2023,1.0373669966761707,0.037366996676170716,0.038356298459136795,0.18162507718356727,0.04600850603185782,-0.13702100755882474,0.48,tc50_buf4,500000000,0.2,50,0.9360828702035391,0.06638001482843477,3.319000741421738,0.025327817486048704,108.22,0.9541460838427587,0.0016802619705815025,0.08401309852907513,0.04823429685647676,0.03577880167259835,0.10170817940391999,0.1389861995877032,0.20000000000000004
1,2023,1.0524519993785264,0.052451999378526404,0.05385092979585626,0.17878353667818248,0.1334067456042605,-0.1238873249550414,0.46,walk_forward_selected,100000000,0.05,50,0.9636788956671495,0.02350163188880999,1.1750815944404995,0.009914095648394749,102.82,0.9833533853448633,0.0008163576360497329,0.04081788180248665,0.03047904192930079,0.010338839873185854,0.021775717947238205,0.031816163460231306,0.05000000000000002
1,2023,1.0567997645004994,0.056799764500499395,0.05831783219047293,0.17949632970362153,0.15776273663773743,-0.12271100686946823,0.46,walk_forward_selected,100000000,0.1,50,0.989928113620531,0.006398092578376873,0.31990462891884364,0.0033906316079091135,100.04,0.9951669188573272,0.000839618551741897,0.04198092758709485,0.03096445906468547,0.011016468522409381,0.024602616040107828,0.03738396900157718,0.10000000000000002
1,2023,1.0568797812180546,0.05687978121805459,0.05840004600362403,0.17956006784379253,0.1581645983133094,-0.12294110349739729,0.46,walk_forward_selected,100000000,0.2,50,0.9911552865562483,0.00562562170070775,0.2812810850353875,0.002988048251541926,99.82,0.9957544574562266,0.0008409913765338297,0.04204956882669149,0.030988955043908136,0.011060613782783349,0.024856341218058412,0.0376303822029583,0.1751806966988862
1,2023,1.0179452150140953,0.017945215014095295,0.01841575575856602,0.1732297156343736,-0.06687215411635382,-0.13431130235098965,0.46,walk_forward_selected,300000000,0.05,50,0.746335834638258,0.18507365384146923,9.253682692073461,0.0663757607647609,119.5,0.8742973160577122,0.0007601889300120227,0.03800944650060113,0.026368199637528757,0.011641246863072368,0.034566323928465814,0.04302208562150674,0.05000000000000002
1,2023,1.0381108899089626,0.03811088990896261,0.039120255352830036,0.17766106751911437,0.05133513763137103,-0.1298692205885067,0.46,walk_forward_selected,300000000,0.1,50,0.911239857762283,0.05901822755954404,2.950911377977202,0.021377067131184275,107.3,0.959862905835277,0.000911171972398348,0.0455585986199174,0.02950439108236315,0.01605420753755426,0.054646992940792775,0.07521052666003789,0.10000000000000003
1,2023,1.047939515303662,0.04793951530366192,0.04921530188917278,0.17921480710008397,0.10721938772861463,-0.12731688597268453,0.46,walk_forward_selected,300000000,0.2,50,0.9816237666603292,0.011759279139539716,0.5879639569769858,0.005631817399479076,100.8,0.9913657263848757,0.0009889853717525807,0.04944926858762903,0.030798871003940336,0.018650397583688697,0.07039133986909284,0.10474427104216481,0.20000000000000007
1,2023,1.0063554918730138,0.006355491873013763,0.006521164833312776,0.16775200999661602,-0.13996157284291766,-0.13216264521331622,0.48,walk_forward_selected,500000000,0.05,50,0.5934034566492309,0.3287373445666042,16.43686722833021,0.1179820795993514,131.28,0.7766621282270358,0.0006854996562819079,0.0342749828140954,0.023281262707501534,0.010993720106593864,0.038616601944886815,0.04607381707912273,0.05000000000000001
1,2023,1.0204456365122443,0.020445636512244292,0.020982413752922424,0.1747345413146565,-0.05160734780445606,-0.13493596869102853,0.46,walk_forward_selected,500000000,0.1,50,0.7968477718691532,0.1438301978641904,7.1915098932095205,0.05151750536213136,115.22,0.9023481680843924,0.0008785192207178158,0.04392596103589079,0.027354193308666702,0.01657176772722409,0.0656970203830997,0.08247886474097224,0.10000000000000002
1,2023,1.0363899178527547,0.036389917852754694,0.03735288831784511,0.17821505427121848,0.041258514034706865,-0.13212720459671567,0.46,walk_forward_selected,500000000,0.2,50,0.9396168856177092,0.03955620879453101,1.9778104397265508,0.014882563869940328,104.92,0.9728416888561199,0.0010400129329574451,0.05200064664787225,0.030035137587440298,0.02196550906043196,0.09987564674253357,0.1424307683222784,0.20000000000000004
2,2024,1.06477753124354,0.06477753124353991,0.06519185794360705,0.4629857685942394,0.07601066886021109,-0.20894944784515346,0.5384615384615384,baseline,100000000,0.05,52,0.9344245745301147,0.10307947846976583,5.360132880427823,0.04465727544142602,104.88461538461539,0.9261772251805115,0.0019211368147798444,0.09989911436855191,0.07669055111721276,0.023208563251339128,0.018326398551424802,0.035484110884008366,0.05000000000000001
2,2024,1.0672090954738591,0.06720909547385912,0.06763946319850866,0.4688106239723571,0.08028713786300208,-0.21229262730846743,0.5384615384615384,baseline,100000000,0.1,52,0.952725940922946,0.07474021145698367,3.8864909957631513,0.03104161728068526,99.84615384615384,0.9471547261560472,0.001987625801870921,0.1033565416972879,0.07831910531531001,0.025037436381977883,0.021082695832933408,0.04772474264056256,0.10000000000000002
2,2024,1.0669339202734034,0.06693392027340339,0.06736247093175352,0.4683127182974665,0.07978102979475636,-0.21173051766788376,0.5384615384615384,baseline,100000000,0.2,52,0.9560077625235628,0.0695728187493566,3.6177865749665434,0.029187260056005804,98.78846153846153,0.9506656011222001,0.002000746256504447,0.10403880533823123,0.07857165232439224,0.025467153013839002,0.022109485894258537,0.052550358866737715,0.20000000000000004
2,2024,0.9783128491772696,-0.021687150822730428,-0.021820097981882447,0.41586051117771294,-0.1246093259375083,-0.20794063466242219,0.5384615384615384,baseline,300000000,0.05,52,0.814109206158933,0.2716481169570436,14.125702081766267,0.14840983319946616,125.07692307692308,0.7899710249217455,0.0017859548241408163,0.09286965085532245,0.06573768137152525,0.027131969483797203,0.03160547394611954,0.0444877612952803,0.05000000000000002
2,2024,1.0294134124613856,0.029413412461385624,0.029598398958663896,0.44857945983990466,-0.0008952729165963855,-0.21486193168807066,0.5384615384615384,baseline,300000000,0.1,52,0.904927146483728,0.14644258439320312,7.615014388446562,0.06844971993624195,111.01923076923077,0.8925993689052916,0.00212006718132519,0.11024349342890988,0.07401605280008938,0.0362274406288205,0.046762976937204645,0.07969331534860534,0.10000000000000003
2,2024,1.0502361287475432,0.05023612874754324,0.05055525169556829,0.46799090143186184,0.04392233189294403,-0.21860566242666302,0.5384615384615384,baseline,300000000,0.2,52,0.945579813543771,0.08605041308043766,4.474621480182758,0.03627892089235396,102.11538461538461,0.9388809816307787,0.00230161401320162,0.11968392868648424,0.07769018887429519,0.041993739812189054,0.05928653539674355,0.1238575255542697,0.20000000000000007
2,2024,0.9546612684852855,-0.04533873151471446,-0.04561324804732425,0.38624075647723755,-0.1957671394830659,-0.20129632145962684,0.5384615384615384,baseline,500000000,0.05,52,0.7170327731045093,0.39907336702780605,20.751815085445916,0.24700071221376857,136.05769230769232,0.6769629603792129,0.0015798654607223686,0.08215300395756317,0.05656681811381448,0.02558618584374871,0.03659661958063406,0.04535646653286103,0.05000000000000001
2,2024,0.9826414031678804,-0.0173585968321196,-0.01746524635611668,0.425064145901079,-0.11166607867030687,-0.21517180177358453,0.5192307692307693,baseline,500000000,0.1,52,0.8430062913629547,0.2325529284893211,12.092752281444698,0.12197640100596269,121.15384615384616,0.8227657397456049,0.002051286078680267,0.10666687609137389,0.0683534649280233,0.0383134111633506,0.05913112747507972,0.08728649882416217,0.10000000000000002
2,2024,1.0286699764784772,0.028669976478477244,0.028850222152281946,0.4559850946484104,-0.00252152507003457,-0.21984725314476172,0.5384615384615384,baseline,500000000,0.2,52,0.9206490422788879,0.12365744245172178,6.430187007489533,0.05527648510428839,108.13461538461539,0.9105785567634267,0.002400041545226228,0.12480216035176386,0.07544154357591125,0.049360616775852635,0.08460142977558387,0.15440761351431573,0.20000000000000004
2,2024,1.054147821047777,0.054147821047777045,0.05449243138081039,0.47428952651327466,0.05164025349846068,-0.20663364782453886,0.5,tc50_buf2,100000000,0.05,52,0.9238182814258129,0.07766518311666999,4.0385895220668395,0.02555814411945354,104.17307692307692,0.9484619452198328,0.0012246947770371752,0.06368412840593311,0.048831935809283994,0.014852192596649116,0.01824254639078332,0.03429963698845424,0.05000000000000002
2,2024,1.0512740333070623,0.05127403330706226,0.05159991007702569,0.47431698408420414,0.04553897667976216,-0.2065585948295321,0.5,tc50_buf2,100000000,0.1,52,0.9441001450535241,0.05578078009305319,2.900600564838766,0.019534132538400154,100.36538461538461,0.9624161517311255,0.001262404779514005,0.06564504853472826,0.04968832410016398,0.01595672443456428,0.0210762559797031,0.04710531440794646,0.10000000000000002
2,2024,1.051341982737083,0.0513419827370829,0.05166830188860394,0.4738124253088628,0.04573181438726324,-0.20655068822151557,0.5,tc50_buf2,100000000,0.2,52,0.9486196548327376,0.0510258772788215,2.653345618498718,0.018463873876254335,99.5576923076923,0.9653287278550367,0.0012711245343635992,0.06609847578690715,0.04985246198143498,0.01624601380547219,0.022144597467366488,0.053353192941768025,0.20000000000000004
2,2024,1.0248426854727894,0.02484268547278945,0.024998577953954104,0.4534516027533943,-0.01102967111743979,-0.20858232560493306,0.5,tc50_buf2,300000000,0.05,52,0.7925335596142001,0.2256178403472955,11.732127698059367,0.08308655047277466,121.51923076923077,0.8456757057677963,0.0011712784952752453,0.06090648175431275,0.043048474827051805,0.017858006927260944,0.03161723018305396,0.044716524574381196,0.05000000000000002
2,2024,1.0399495484181345,0.03994954841813447,0.040202081838707215,0.472504562558211,0.02159149910314433,-0.2081494243254043,0.5,tc50_buf2,300000000,0.1,52,0.8926109258561052,0.11203950814305726,5.826054423438977,0.03789092742211446,109.15384615384616,0.9251084484215613,0.0013617544237104573,0.07081123003294378,0.04743926189821967,0.023371968134724103,0.04666244718132774,0.07896356093578971,0.10000000000000003
2,2024,1.040622308926537,0.040622308926536954,0.04087917808812702,0.4741322773510197,0.022945449208623944,-0.20934415773438653,0.5,tc50_buf2,300000000,0.2,52,0.9355595423574703,0.06493846279645984,3.3768000654159116,0.021789619350299973,102.09615384615384,0.9567095817423771,0.0014639155592096084,0.07612360907889963,0.049347980053450376,0.026775629025449266,0.05898823870401967,0.119974368860138,0.20000000000000007
2,2024,1.0134781110628044,0.013478111062804388,0.013562217044994496,0.429643150599504,-0.03825915281570063,-0.21743038880660726,0.5192307692307693,tc50_buf2,500000000,0.05,52,0.6859021170494972,0.3501207131107578,18.206277081759406,0.14283739623415512,133.6346153846154,0.7535545905664077,0.00106653924520923,0.05546004075087995,0.03814924400752582,0.017310796743354128,0.03666476414157964,0.04569823482325065,0.05000000000000001
2,2024,1.0247632990006272,0.024763299000627237,0.0249186872854521,0.4608364157531153,-0.011026282951714731,-0.20905036063957594,0.5,tc50_buf2,500000000,0.1,52,0.8241734423796324,0.1891847829313842,9.837608712431978,0.0676651337002241,117.4423076923077,0.871633816568305,0.0013356925946562436,0.06945601492212466,0.04442178632291008,0.025034228599214593,0.0590390164460448,0.0876619951006139,0.10000000000000002
2,2024,1.0346247081266244,0.03462470812662444,0.03484302046750476,0.4734303301240168,0.010229637096204025,-0.21162146533329584,0.5,tc50_buf2,500000000,0.2,52,0.9086526603317746,0.09431035486664306,4.904138453065439,0.03118689601544583,106.71153846153847,0.9373249839298359,0.0015349519622046607,0.07981750203464236,0.048156003514957794,0.03166149851968457,0.0841178610732812,0.14918670906703654,0.20000000000000004
2,2024,1.0359275794416003,0.0359275794416003,0.03615424916437915,0.47097887927598103,0.013066932372508628,-0.21402177848028703,0.5,tc50_buf3,100000000,0.05,52,0.9226653862251226,0.079757139541872,4.147371256177344,0.026461903895071883,104.15384615384616,0.9469512510197018,0.0012289766924312138,0.06390678800642312,0.04900873430167739,0.014898053704745728,0.018249733316118417,0.034350060249894995,0.05000000000000002
2,2024,1.0339092491788284,0.03390924917882843,0.034122976498217605,0.47085967984043703,0.008756274267558402,-0.21551773005298014,0.5,tc50_buf3,100000000,0.1,52,0.9439664693099176,0.056659050644544115,2.946270633516294,0.020646470646944155,100.28846153846153,0.9614080604405969,0.001265916956586871,0.0658276817425173,0.0498353860900867,0.015992295652430592,0.021154012031471322,0.047217267505860146,0.10000000000000002
2,2024,1.0337296611124718,0.033729661112471776,0.0339422380258545,0.47033743788552745,0.008381722797949962,-0.215081825617205,0.5,tc50_buf3,100000000,0.2,52,0.9484542410266658,0.051949259896959525,2.7013615146418952,0.01947297239806321,99.42307692307692,0.9643497016587224,0.0012744218138353376,0.06626993431943756,0.049994447520328104,0.016275486799109437,0.022207484737840066,0.05331548156991104,0.20000000000000004
2,2024,1.00729375413954,0.007293754139539921,0.007339128854437105,0.4516892939131067,-0.05016915709744995,-0.2077468461594315,0.5,tc50_buf3,300000000,0.05,52,0.7899197592189509,0.23285847425375308,12.10864066119516,0.08389135366295317,122.23076923076923,0.8416401409542513,0.0011825445974332027,0.061492319066526545,0.04346002149399304,0.018032297572533502,0.031558493650242186,0.044360713356644134,0.05000000000000002
2,2024,1.0208247844952505,0.020824784495250492,0.0209552068587604,0.46849565539695454,-0.019306034190596667,-0.21817806919876626,0.5,tc50_buf3,300000000,0.1,52,0.8907334556072466,0.11566071112962314,6.014356978740404,0.03800098344098043,109.34615384615384,0.9232298415888891,0.0013693930989332726,0.07120844114453018,0.04769636765595375,0.023512073488576424,0.04666203257624747,0.07810140598495648,0.10000000000000003
2,2024,1.0234374104837676,0.023437410483767573,0.02358438350894909,0.47083240555375416,-0.013626114972917783,-0.2192824892030556,0.5,tc50_buf3,300000000,0.2,52,0.9350258690414461,0.0662403141975553,3.4444963382728755,0.022762962739617407,102.01923076923077,0.9555591839490801,0.001467718423096355,0.07632135800101046,0.049496474771348845,0.026824883229661617,0.05903946065482672,0.11995521922304449,0.20000000000000007
2,2024,0.9944714119764131,-0.005528588023586911,-0.0055627606418499065,0.42648186159074575,-0.08338633795398342,-0.21503994254037373,0.5192307692307693,tc50_buf3,500000000,0.05,52,0.6841971525179722,0.35786120509303626,18.608782664837886,0.1477849831011211,134.75,0.7471919175073307,0.0010807516584871253,0.05619908624133051,0.03867068739765152,0.017528398843679002,0.03653400634833755,0.04501478826715638,0.05000000000000001
2,2024,1.005498013070734,0.0054980130707340535,0.005532185755885655,0.45840599399323806,-0.053375860186669524,-0.2127024805670028,0.5,tc50_buf3,500000000,0.1,52,0.82167156091651,0.19545796800285975,10.163814336148707,0.06778662016652703,118.46153846153847,0.8684233821595313,0.001347139712031942,0.07005126502566099,0.04479698297965826,0.025254282046002746,0.05895977908389223,0.08739759280470373,0.10000000000000002
2,2024,1.0160435089695414,0.01604350896954143,0.01614375062860529,0.4698567641113398,-0.029490369043854513,-0.22163117187154224,0.5,tc50_buf3,500000000,0.2,52,0.9071901930092322,0.09706610627619974,5.047437526362387,0.031418826695906336,106.78846153846153,0.9358182306719253,0.0015426031295182594,0.08021536273494949,0.04838531453596715,0.03183004819898233,0.08419177134177738,0.1499733415823589,0.20000000000000004
2,2024,1.0622873010265237,0.06228730102652369,0.06268523559223027,0.47185017406246793,0.06927036883513599,-0.2075149310660468,0.5192307692307693,tc50_buf4,100000000,0.05,52,0.9212271447235192,0.08190297962528155,4.2589549405146405,0.026806980234071996,104.17307692307692,0.9456906089832385,0.0012293402648853196,0.06392569377403662,0.049057692362300086,0.014868001411736529,0.01814666205064182,0.0342518596953259,0.05000000000000002
2,2024,1.0590024313679947,0.05900243136799466,0.05937879874651486,0.4717760126915663,0.062272769187444635,-0.20843511806097803,0.5192307692307693,tc50_buf4,100000000,0.1,52,0.9432576680524816,0.057932911856604506,3.0125114165434344,0.02068856443267019,100.28846153846153,0.9607349023802441,0.0012664659692749826,0.0658562304022991,0.04988852052161823,0.01596770988068088,0.021038301897917003,0.04713084790173845,0.10000000000000002
2,2024,1.0588317836345884,0.05883178363458841,0.05920703234122393,0.4712528789017577,0.06197740883682269,-0.2079219083128101,0.5192307692307693,tc50_buf4,100000000,0.2,52,0.9477499396339095,0.05321806968505132,2.767339623622669,0.019460982259827134,99.46153846153847,0.9637061145524422,0.0012753422882595224,0.06631779898949516,0.0500558737891137,0.016261925200381458,0.0221163769611151,0.054387148252439274,0.20000000000000004
2,2024,1.0272060359817008,0.027206035981700794,0.027376956040539024,0.45289229629242556,-0.005791761045472311,-0.20981411175694276,0.5192307692307693,tc50_buf4,300000000,0.05,52,0.787449996382757,0.23887697829131518,12.421602871148389,0.08229061377561535,122.75,0.8394162039665353,0.0011908799651880663,0.061925758189779447,0.04378204884541562,0.018143709344363823,0.03147804057786205,0.04431407879361396,0.05000000000000002
2,2024,1.0473611038225825,0.04736110382258252,0.0476615519258079,0.46935490193668006,0.037629418278006165,-0.21056332928146515,0.5192307692307693,tc50_buf4,300000000,0.1,52,0.8885906330775362,0.11904716764336001,6.190452717454721,0.037950455874080774,109.42307692307692,0.9215467028945835,0.0013716434877021264,0.07132546136051057,0.04781523577467591,0.023510225585834654,0.046428592066956785,0.07904356642056541,0.10000000000000003
2,2024,1.0483410738745547,0.04834107387455466,0.048647881890170996,0.47177079899307167,0.03952741867443317,-0.21266260822691607,0.5192307692307693,tc50_buf4,300000000,0.2,52,0.9338812417255528,0.06798618220959654,3.53528147489902,0.022994667180957138,102.07692307692308,0.9545552158296047,0.0014674979422247,0.0763098929956844,0.049538015087462584,0.026771877908221824,0.058744348549102675,0.1193073745108339,0.20000000000000007
2,2024,1.003231370650641,0.0032313706506410522,0.0032514323341656937,0.4281411799708745,-0.06247604509254156,-0.21814382447386482,0.5,tc50_buf4,500000000,0.05,52,0.682088536874674,0.36549607834288467,19.005796073830002,0.1475254123253406,135.48076923076923,0.7434892546658874,0.0010916921435680058,0.0567679914655363,0.039073089908341435,0.017694901557194873,0.03645458585398426,0.04611666777691003,0.05000000000000001
2,2024,1.0266170399644012,0.026617039964401235,0.026784211662642887,0.45848675124737687,-0.007013917694694804,-0.2098211707359341,0.5192307692307693,tc50_buf4,500000000,0.1,52,0.8195433547880817,0.2004968929935333,10.425838435663731,0.0662098376230841,118.9423076923077,0.8666772239953121,0.001355479688819286,0.07048494381860287,0.04508985205291588,0.02539509176568701,0.05884119024349188,0.08701749095870238,0.10000000000000002
2,2024,1.042637301706627,0.04263730170662705,0.042907173122644915,0.4708327982255218,0.02741349619501778,-0.213887120224589,0.5192307692307693,tc50_buf4,500000000,0.2,52,0.9054048882581889,0.09973580478185723,5.186261848656576,0.031761659972461324,106.8076923076923,0.9342967775857421,0.0015432721104689491,0.08025014974438535,0.04845956188116553,0.03179058786321981,0.08374509112797068,0.14990416642670834,0.20000000000000004
2,2024,1.0352217596102022,0.03522175961020224,0.035443900520358396,0.4710112505192545,0.01155789912524787,-0.21402177848028736,0.5,walk_forward_selected,100000000,0.05,52,0.9227591424861016,0.07981048350303668,4.150145142157908,0.02654251677026576,104.15384615384616,0.9468842726015225,0.0012399070959980582,0.06447516899189902,0.049414061410374466,0.015061107581524546,0.018256895652609347,0.034350060249894995,0.05000000000000002
2,2024,1.0333108623804208,0.0333108623804208,0.03352075730728066,0.47088972046824007,0.007476819208921597,-0.21551773005298036,0.5,walk_forward_selected,100000000,0.1,52,0.9439664693099175,0.05665905064454413,2.9462706335162947,0.020646470646944155,100.28846153846153,0.9614080604405969,0.0012770314359021664,0.06640563466691266,0.050245328402961774,0.016160306263950874,0.021157474597454227,0.047217267505860146,0.10000000000000002
2,2024,1.0331313782527112,0.033131378252711174,0.03334012408756104,0.47036750326837123,0.007101094493884098,-0.215081825617205,0.5,walk_forward_selected,100000000,0.2,52,0.9484542410266658,0.051949259896959546,2.7013615146418966,0.019472972398063223,99.42307692307692,0.9643497016587224,0.001285536293150633,0.06684788724383292,0.05040438983320319,0.01644349741062972,0.022210947303822972,0.05331548156991104,0.20000000000000004
2,2024,1.0048123909034166,0.0048123909034165635,0.004842291876767657,0.45167076630260306,-0.05569921721782983,-0.20774688039015698,0.5,walk_forward_selected,300000000,0.05,52,0.7896784695369485,0.23529165168457722,12.235165887598015,0.08375559732248078,122.9423076923077,0.8404914304153466,0.0011902685853832236,0.06189396643992763,0.04371986940866989,0.018174097031257736,0.03159891860931538,0.04436071324508816,0.05000000000000002
2,2024,1.0198059640159158,0.019805964015915833,0.01992994357563771,0.4685430155716814,-0.021492277314336988,-0.21817806919876614,0.5,walk_forward_selected,300000000,0.1,52,0.8909357239630834,0.11613403858333912,6.038970006333634,0.03840489707190585,109.38461538461539,0.9227912210011772,0.001380856271229657,0.07180452610394217,0.04805669042586466,0.02374783567807751,0.046687015346672044,0.07810140598495649,0.10000000000000003
2,2024,1.0227124592172998,0.022712459217299807,0.022854835591298084,0.4708692768785263,-0.015174412006806736,-0.2192824892030556,0.5,walk_forward_selected,300000000,0.2,52,0.935038702482398,0.06624363104027134,3.4446688140941095,0.022766277399873806,102.01923076923077,0.9555558681975937,0.0014812067112586315,0.07702274898544884,0.04990724468583786,0.02711550429961097,0.059052027387706624,0.11995521922304449,0.20000000000000007
2,2024,0.9893742741678885,-0.010625725832111521,-0.010691234438820585,0.4265404219254962,-0.09539830775036867,-0.21503993744135275,0.5192307692307693,walk_forward_selected,500000000,0.05,52,0.6825304162577539,0.3637963113687797,18.917408191176545,0.14499173433893223,135.94230769230768,0.7456209887497252,0.0010871060850197582,0.05652951642102743,0.03887916925828356,0.01765034716274388,0.036598655340001236,0.045014788097279275,0.05000000000000001
2,2024,1.0039158864877409,0.003915886487740883,0.003940206267326829,0.4584360543681044,-0.05684499175919588,-0.21270248056700292,0.5,walk_forward_selected,500000000,0.1,52,0.8219554666478296,0.19685522929318391,10.236471923245563,0.0683410451875795,118.61538461538461,0.8674474603928475,0.0013567244623491086,0.07054967204215365,0.045081207594190834,0.025468464447962837,0.059035890793835186,0.08739759280470373,0.10000000000000002
2,2024,1.0150309739074403,0.015030973907440348,0.015124842155943119,0.46990477341795617,-0.03165568575917868,-0.22163117187154224,0.5,walk_forward_selected,500000000,0.2,52,0.9073667744496909,0.09725574651308996,5.057298818680678,0.03161122238926356,106.78846153846153,0.9356272132546279,0.0015567110577382698,0.08094897500239003,0.04877549230144836,0.03217348270094166,0.08424223738278656,0.1499733415823589,0.20000000000000004
3,2025,1.6071912486691153,0.6071912486691153,0.6407643713093101,0.2283305595385684,2.674912953148275,-0.13408265325567714,0.6862745098039216,baseline,100000000,0.05,51,0.9172335308791069,0.12946276185995947,6.602600854857934,0.00016559311898016487,108.11764705882354,0.9351858225105301,0.0017729458121646393,0.09042023642039661,0.07179432294654803,0.018625913473848583,0.012939114979332643,0.02136422025599332,0.05000000000000001
3,2025,1.6067488426926326,0.6067488426926326,0.6402930476739477,0.22800402619619983,2.6766766265293236,-0.1340156477430139,0.6862745098039216,baseline,100000000,0.1,51,0.9182417147268737,0.12769439609555078,6.51241420087309,0.00016267993667020274,107.2156862745098,0.9360714619838902,0.0017774230215917585,0.09064857410117969,0.07185149936492509,0.01879707473625457,0.01332930895639042,0.02259373498757483,0.1
3,2025,1.6067186894119168,0.6067186894119168,0.6402609236440131,0.22798918958631678,2.6767099122169915,-0.13401501554368944,0.6862745098039216,baseline,100000000,0.2,51,0.9182322296291048,0.12770674766233206,6.513044130778935,0.00016255328596139992,107.17647058823529,0.9360653495258534,0.001777500367913835,0.09065251876360558,0.07185080352382073,0.018801715239784862,0.013345713496244029,0.022639168527372043,0.11324811783039203
3,2025,1.5302071794148304,0.5302071794148304,0.5588347079439975,0.2241345778618989,2.3594516874136233,-0.1354453281550887,0.6862745098039216,baseline,300000000,0.05,51,0.8614472877317888,0.21588564425921972,11.010167857220205,0.03016596129759161,124.88235294117646,0.8769832489819893,0.0018345054343338208,0.09355977715102486,0.06723785362888687,0.02632192352213797,0.02789595206320783,0.0390813043339368,0.05000000000000001
3,2025,1.5807113306375224,0.5807113306375224,0.6125636163108632,0.2283429111996698,2.551266484473662,-0.13562197409112864,0.6862745098039216,baseline,300000000,0.1,51,0.9111553270479307,0.1389442403931473,7.086156260050512,0.001121739424647763,111.37254901960785,0.9299673738957918,0.0020154434214410973,0.10278761449349597,0.0713957708771395,0.03139184361635647,0.036469392345815387,0.058767978889077345,0.10000000000000002
3,2025,1.5850981722877018,0.5850981722877018,0.6172341301410933,0.2278323950940469,2.5774830216690168,-0.13518203665090467,0.6862745098039216,baseline,300000000,0.2,51,0.9179263745696842,0.12826370018343083,6.541448709354973,0.0001624775668131351,107.56862745098039,0.9357869111248783,0.002044734783465006,0.10428147395671529,0.0718334295034399,0.032448044453275364,0.039524408227290815,0.06644549455514391,0.20000000000000004
3,2025,1.4429370204811212,0.44293702048112116,0.46617568068548665,0.2086837226852035,2.0901279461237694,-0.13216347287937213,0.6666666666666666,baseline,500000000,0.05,51,0.7773849091905555,0.3396013987453332,17.319671336011993,0.09971903330756311,139.07843137254903,0.7803397839735523,0.0016757189085510145,0.08546166433610174,0.05961061650733203,0.025851047828769708,0.0338576907567436,0.043804868602265554,0.05000000000000001
3,2025,1.5419557142338645,0.5419557142338645,0.5713265987516793,0.22715514437577142,2.3830699508886743,-0.13706953911567277,0.6862745098039216,baseline,500000000,0.1,51,0.8823486944415405,0.18371776749791002,9.369606142393412,0.015400608575342756,120.68627450980392,0.9004491115195138,0.002068234383624012,0.1054799535648246,0.06905985246075495,0.03642010110406965,0.050996521676638054,0.07414332026645457,0.10000000000000002
3,2025,1.56927364748115,0.56927364748115,0.600388982491433,0.22816718147896042,2.4998730264108087,-0.13610655675297778,0.6862745098039216,baseline,500000000,0.2,51,0.9151184907119274,0.13288756726925044,6.777265930731772,0.0003038823867922229,109.6078431372549,0.9334044195323989,0.0022132474430835536,0.11287561959726122,0.07167002221225356,0.04120559738500766,0.06297925823049921,0.10283765346965328,0.20000000000000004
3,2025,1.6588474965192317,0.6588474965192317,0.6958355814274637,0.2327254180356766,2.8610350646158973,-0.13151092626938465,0.7058823529411765,tc50_buf2,100000000,0.05,51,0.9201905015781441,0.08268675593548694,4.217024552709834,8.794746839230491e-05,105.25490196078431,0.9587658637274923,0.0012023498209202883,0.061319840866934705,0.04873136219088679,0.012588478676047904,0.013056669468075342,0.02096519161224686,0.05000000000000001
3,2025,1.660179138884368,0.6601791388843681,0.6972562561666227,0.23263446336174826,2.868260560040214,-0.1314741568414911,0.7058823529411765,tc50_buf2,100000000,0.1,51,0.9219434903525859,0.08078892254384006,4.120235049735843,8.864990459670356e-05,104.50980392156863,0.9597141825470493,0.0012052933588186693,0.061469961299752136,0.04877988051323628,0.012690080786515848,0.013387659491718114,0.02245820607572397,0.1
3,2025,1.65998048841488,0.6599804884148801,0.6970443209589827,0.23259608247471963,2.8678226815427226,-0.13146138345011504,0.7058823529411765,tc50_buf2,100000000,0.2,51,0.9217971525725147,0.08094286151829168,4.128085937432876,8.677670400352564e-05,104.49019607843137,0.9596380827882002,0.001205191997943934,0.06146479189514063,0.04877358690373665,0.012691204991403977,0.013404836299200355,0.022514031727511173,0.1136782041809259
3,2025,1.6160310004014835,0.6160310004014835,0.6501831122274706,0.2299275246265741,2.697298260548456,-0.13110416743126607,0.7058823529411765,tc50_buf2,300000000,0.05,51,0.8515656877110187,0.1577092015652456,8.043169279827525,0.019149081368292832,117.98039215686275,0.9117273991870998,0.0012511618647281367,0.06380925510113497,0.045924812520598164,0.017884442580536803,0.028029479598338906,0.03851085118183788,0.05000000000000001
3,2025,1.6410274397157907,0.6410274397157907,0.6768288890671113,0.2328384979749432,2.778015210941274,-0.13212624823882568,0.7058823529411765,tc50_buf2,300000000,0.1,51,0.9114479829195666,0.09212903648541945,4.698580860756392,0.0008498851098553421,107.6470588235294,0.9536663138948235,0.0013651133093630797,0.06962077877751706,0.04843916147167077,0.021181617305846293,0.03675443062535767,0.05728293745035069,0.10000000000000002
3,2025,1.644707221454742,0.644707221454742,0.6807529735149132,0.23258342434749452,2.7979335816409967,-0.1319082689764559,0.7058823529411765,tc50_buf2,300000000,0.2,51,0.921646963975746,0.08110850361887291,4.136533684562519,9.032879139004622e-05,104.70588235294117,0.9595536155435489,0.001386365265210269,0.07070462852572372,0.04877431326633942,0.021930315259384287,0.039820986632349405,0.06610372034695755,0.20000000000000004
3,2025,1.5663081661401201,0.5663081661401201,0.5972330597957398,0.2164117273173573,2.6210828166623337,-0.12253283126633219,0.7058823529411765,tc50_buf2,500000000,0.05,51,0.7572522309311991,0.26443820888525044,13.486348653147772,0.0623541097216843,129.50980392156862,0.836716844696211,0.0011705503161307982,0.05969806612267071,0.041667817157200276,0.018030248965470425,0.03396439261624802,0.043456532514851445,0.05000000000000001
3,2025,1.6173077285598982,0.6173077285598982,0.6515436498033027,0.2319758319930957,2.679346570128054,-0.13254789352755592,0.7058823529411765,tc50_buf2,500000000,0.1,51,0.8759277764003757,0.13090688004192158,6.676250882138,0.009921108843584521,114.70588235294117,0.9297448614487454,0.001404637978043535,0.07163653688022029,0.046984946314015626,0.02465159056620466,0.051362665495692794,0.07358962895330962,0.10000000000000002
3,2025,1.631970159190969,0.631970159190969,0.6671719255996722,0.2326583387050274,2.7386593111003927,-0.13235526145588972,0.7058823529411765,tc50_buf2,500000000,0.2,51,0.9168842151304881,0.0862736148462408,4.399954357158281,0.00023325677960815136,106.19607843137256,0.9569009802284191,0.001499066372792421,0.07645238501241347,0.04862974815983304,0.027822636852580428,0.06349324061152047,0.10023967262428345,0.20000000000000004
3,2025,1.6609080766805877,0.6609080766805877,0.6980339510992191,0.2372997649845934,2.8151479675615816,-0.12988047293534943,0.7058823529411765,tc50_buf3,100000000,0.05,51,0.9187833861542557,0.08440690828218186,4.304752322391275,0.00014353850202420286,105.33333333333333,0.9578574259376572,0.0012063223586075943,0.061522440288987304,0.048879611430589366,0.012642828858397924,0.013074552147960218,0.020905024546994715,0.05000000000000001
3,2025,1.6531020676215509,0.6531020676215509,0.6897065886570932,0.236732148324923,2.786721589463309,-0.12984323834346512,0.7058823529411765,tc50_buf3,100000000,0.1,51,0.9206145098535735,0.08240038443043739,4.202419605952307,8.340978184124054e-05,104.52941176470588,0.9588913271196816,0.001209143335737947,0.0616663101226353,0.04892277191311485,0.012743538209520447,0.013404838912720542,0.0217710107833436,0.1
3,2025,1.6528723756141603,0.6528723756141603,0.6894615817221461,0.23668646004087146,2.7862243645380858,-0.12982524844809462,0.7058823529411765,tc50_buf3,100000000,0.2,51,0.9204074557154115,0.08262184045245588,4.21371386307525,8.078394659534582e-05,104.50980392156863,0.958781831477053,0.001209002687721908,0.06165913707381731,0.04891534951821363,0.012743787555603679,0.013420297390788191,0.02181775250239544,0.11164140188694165
3,2025,1.6402661030956045,0.6402661030956045,0.6760170547332003,0.23521024312718533,2.7465515368047946,-0.12950395847762586,0.7058823529411765,tc50_buf3,300000000,0.05,51,0.8470841715678247,0.1646435097392465,8.39681899670157,0.017041731306194192,119.23529411764706,0.9093048388863577,0.001260146203634091,0.06426745638533864,0.04623902636520765,0.01802843002013099,0.028033858767549213,0.03936239119238272,0.05000000000000001
3,2025,1.672215846504801,0.6722158465048009,0.7100999750561556,0.23894343554716635,2.8462802231782045,-0.13048239276855023,0.7058823529411765,tc50_buf3,300000000,0.1,51,0.9070361273309527,0.0971942923046285,4.956908907536054,0.0010261281238273065,108.68627450980392,0.9510248085606622,0.0013667295618748387,0.06970320765561677,0.04851488608556021,0.021188321570056567,0.03664131421614103,0.058345927315093464,0.10000000000000002
3,2025,1.6396803198129153,0.6396803198129153,0.6753924289630888,0.2367792526517771,2.7257135992072947,-0.13027368038650167,0.7058823529411765,tc50_buf3,300000000,0.2,51,0.9202099268181666,0.08284373230692083,4.225030347652962,8.43546752808607e-05,104.74509803921569,0.9586689187596743,0.0013909048041636945,0.07093614501234842,0.04891636665064612,0.0220197783617023,0.03986091176560196,0.06440957320193458,0.20000000000000004
3,2025,1.5794544781679387,0.5794544781679387,0.6112255943283895,0.22110709865670558,2.6287061693609832,-0.12067322561615523,0.7058823529411765,tc50_buf3,500000000,0.05,51,0.752358633191173,0.27537842157877607,14.044299500517578,0.05893414656996782,131.72549019607843,0.8329480522962399,0.001182472259087041,0.06030608521343909,0.042068939733516365,0.01823714547992274,0.03399035444541811,0.043786512506285985,0.05000000000000001
3,2025,1.6487928125628581,0.6487928125628581,0.6851102573664589,0.23788873678488381,2.7538515115108493,-0.13089638280937355,0.7058823529411765,tc50_buf3,500000000,0.1,51,0.8707338772286897,0.1377591261053723,7.025715431373987,0.008978518470443855,115.47058823529412,0.9267899390261208,0.001410452448294894,0.0719330748630396,0.047184128550652196,0.024748946312387415,0.051234048312322186,0.07449472375837499,0.10000000000000002
3,2025,1.6459365716607186,0.6459365716607186,0.6820640262408053,0.2378716557705663,2.741243062896652,-0.13072678868084409,0.7058823529411765,tc50_buf3,500000000,0.2,51,0.9140228780495979,0.08956848751033872,4.567992863027275,0.0004499689433109812,107.05882352941177,0.9551241169411246,0.0015022953202810578,0.07661706133433395,0.04873114225292423,0.027885919081409714,0.06346974380552801,0.10173317942350493,0.20000000000000004
3,2025,1.657493557539289,0.6574935575392891,0.6943911702878016,0.23706626875585143,2.802554634932232,-0.12987934251078093,0.7058823529411765,tc50_buf4,100000000,0.05,51,0.9176163922034405,0.08577850501825567,4.374703755931039,0.00013993861281944782,105.3529411764706,0.9571261892361415,0.0012080488498749735,0.06161049134362365,0.04893752907356634,0.012672962270057297,0.013109557089788296,0.020980606998417962,0.05000000000000001
3,2025,1.6492472094821264,0.6492472094821264,0.6855949008776128,0.2365094993382358,2.771960123005616,-0.12982320008104864,0.7058823529411765,tc50_buf4,100000000,0.1,51,0.919535329345651,0.08367861702469448,4.267609468259418,8.17725222359552e-05,104.54901960784314,0.9582049307488161,0.001211189952474545,0.0617706875762018,0.0489862253305178,0.012784462245683999,0.013464829973876186,0.021960272548263174,0.1
3,2025,1.6491199113991153,0.6491199113991153,0.6854591287059761,0.2364889391380196,2.771626999110674,-0.1298214105904788,0.7058823529411765,tc50_buf4,100000000,0.2,51,0.9195158556778308,0.08369930780211099,4.268664697907661,8.151218847370913e-05,104.52941176470588,0.9581947081403248,0.0012112435318373097,0.0617734201237028,0.04898562058335646,0.012787799540346333,0.013482730364622464,0.022012230611400035,0.11155609357738261
3,2025,1.6424428474266788,0.6424428474266788,0.6783382211385116,0.23486241855922518,2.760502191520353,-0.1291921860057379,0.7058823529411765,tc50_buf4,300000000,0.05,51,0.8448255030637989,0.16844278719193745,8.59058214678881,0.01595774996845637,119.92156862745098,0.9079018821433036,0.0012658597065114147,0.06455884503208215,0.04642257005094227,0.018136274981139865,0.028079674573794025,0.039187311576455164,0.05000000000000001
3,2025,1.668595263314925,0.668595263314925,0.7062362218628067,0.23869266344731752,2.833083397270233,-0.13038890068976772,0.7058823529411765,tc50_buf4,300000000,0.1,51,0.9055613721238706,0.09901635785459866,5.0498342505845315,0.0008936192798369516,108.74509803921569,0.9501333731877926,0.0013701430030750499,0.06987729315682754,0.04861136676167098,0.021265926395156568,0.03673054823338451,0.0581273589577356,0.10000000000000002
3,2025,1.6359746300360125,0.6359746300360125,0.6714412454110603,0.23655821774721555,2.7115576517257156,-0.13027105377068415,0.7058823529411765,tc50_buf4,300000000,0.2,51,0.9192754444817324,0.08396059121929743,4.281990152184169,8.468034316382594e-05,104.7843137254902,0.9580625721582416,0.0013934837942179608,0.071067673505116,0.04897948797050061,0.022088185534615393,0.040032535214047565,0.06480375036037511,0.20000000000000004
3,2025,1.5888785381042723,0.5888785381042723,0.6212594026556937,0.21981504819418352,2.689804030765801,-0.11940961681146178,0.7058823529411765,tc50_buf4,500000000,0.05,51,0.7504592377432501,0.281044194826932,14.333253936173532,0.05695031102368136,132.5686274509804,0.831062701140499,0.0011925939067697262,0.06082228924525603,0.04240830385078309,0.018413985394472938,0.03401861729140686,0.04390276781755452,0.05000000000000001
3,2025,1.6483108733186136,0.6483108733186136,0.684596244555423,0.23762116980699183,2.7547892516778694,-0.13059992698632983,0.7058823529411765,tc50_buf4,500000000,0.1,51,0.8683918543817805,0.1412274834515864,7.2026016560309065,0.008194719294376313,115.90196078431373,0.9254012103012491,0.0014154164814599442,0.07218624055445716,0.047320136648494,0.02486610390596316,0.05132088114861056,0.0739079897687119,0.10000000000000002
3,2025,1.6426351068363534,0.6426351068363534,0.6785432429710201,0.23762748543676088,2.729243386045993,-0.13070629344983653,0.7058823529411765,tc50_buf4,500000000,0.2,51,0.9127048480703202,0.09114269482204,4.64827743592404,0.00039761347165857787,107.19607843137256,0.9543162105259078,0.0015053889148239142,0.07677483465601963,0.04880748141933439,0.027967353236685224,0.06362944203308367,0.10172074464398859,0.20000000000000004
3,2025,1.6586367460460572,0.6586367460460572,0.6956107449264206,0.23267217197838772,2.8607234774438233,-0.1314770335246943,0.7058823529411765,walk_forward_selected,100000000,0.05,51,0.9198038714843494,0.08310307692653712,4.2382569232533935,8.297906026545049e-05,105.25490196078431,0.9585600104752462,0.001201982379180138,0.06130110133818704,0.048719324376673964,0.012581776961513082,0.013048690110999754,0.020957109139038737,0.05000000000000001
3,2025,1.6599666026103266,0.6599666026103266,0.6970295065834091,0.23258141223572068,2.867939876069616,-0.1314403388504728,0.7058823529411765,walk_forward_selected,100000000,0.1,51,0.9215557626826585,0.08120569715519751,4.141490554915073,8.368976226765253e-05,104.50980392156863,0.95950809773579,0.0012049240921520982,0.06145112869975701,0.04876782671945527,0.012683301980301738,0.013379480510953038,0.02244814994800711,0.1
3,2025,1.6597363769532434,0.6597363769532434,0.6967838860714533,0.2325351391504046,2.867454306078768,-0.13142244828274896,0.7058823529411765,walk_forward_selected,100000000,0.2,51,0.9213496989717603,0.0814233473083189,4.1525907127242645,8.106519287371189e-05,104.49019607843137,0.9594004908426871,0.0012047625211606887,0.061442888579195123,0.048759435668455975,0.012683452910739143,0.013395813091098864,0.022502348528099632,0.11361097199741213
3,2025,1.6157837410958378,0.6157837410958378,0.6499196272685155,0.22987702532159288,2.696744602472829,-0.13110327621159212,0.7058823529411765,walk_forward_selected,300000000,0.05,51,0.8510791974679743,0.1583297266145521,8.074816057342158,0.01891413892365737,118.0,0.9115346162254319,0.0012511826052290442,0.06381031286668125,0.04592669298246502,0.017883619884216218,0.02802508614378816,0.03851080823668336,0.05000000000000001
3,2025,1.640777584068141,0.6407775840681409,0.6765624592573098,0.2327584955693719,2.7778253922620273,-0.13207646615005542,0.7058823529411765,walk_forward_selected,300000000,0.1,51,0.9109072797857044,0.09271615305048218,4.728523805574591,0.0008286243441263259,107.62745098039215,0.9533831296196563,0.0013645061633230432,0.0695898143294752,0.04842256228603638,0.021167252043438833,0.03672810007811513,0.05725641978273223,0.10000000000000002
3,2025,1.6444748468849142,0.6444748468849142,0.6805051601463237,0.23252262244620686,2.7975994477561654,-0.13186919784471074,0.7058823529411765,walk_forward_selected,300000000,0.2,51,0.9212015075774596,0.08158697769378748,4.160935862383162,8.463497718075614e-05,104.70588235294117,0.9593170217587053,0.0013858280394965963,0.07067723001432641,0.04876022751143137,0.021917002502895036,0.03979437005663016,0.06607375235719051,0.20000000000000004
3,2025,1.5655982486784,0.5655982486783999,0.596477590482186,0.21631321466494305,2.618784022786716,-0.12253125309146085,0.7058823529411765,walk_forward_selected,500000000,0.05,51,0.7569648015295858,0.26481079136314506,13.505350359520397,0.062195420020623136,129.50980392156862,0.8366098980530525,0.0011704610280799809,0.05969351243207902,0.041661878480916244,0.018031633951162786,0.033976528084122985,0.043456641929036546,0.05000000000000001
3,2025,1.617059767055052,0.6170597670550519,0.651279407474922,0.23186899696386745,2.6794414760492407,-0.1324850990346358,0.7058823529411765,walk_forward_selected,500000000,0.1,51,0.8753327094313988,0.13160475253737822,6.711842379406289,0.009709927433367264,114.68627450980392,0.9295005548196338,0.001404366795374813,0.07162270656411547,0.04697834111934217,0.024644365444773306,0.05134609616435891,0.07359004429352599,0.10000000000000002
3,2025,1.6317870187859609,0.6317870187859609,0.6669766835025885,0.23260493181017783,2.738448744596726,-0.13232017848098454,0.7058823529411765,walk_forward_selected,500000000,0.2,51,0.9164970981677805,0.0866919908906367,4.421291535422472,0.00022279510089322823,106.19607843137256,0.9566968476236445,0.0014985495383538733,0.07642602645604754,0.048617824745369465,0.027808201710678066,0.06345564087117737,0.10019678451552247,0.20000000000000004
