regime,start_date,end_date,weeks,geometric_strategy_return,arithmetic_strategy_return,arithmetic_style_return,arithmetic_residual_return,factor,total_contribution,contribution_pct_of_strategy_arithmetic,contribution_pct_of_style_arithmetic,avg_abs_exposure,avg_weekly_factor_return
steady_2020_to_2024_pre_jump,2020-02-17,2024-09-18,235,4.518928933502583,1.8756003388776894,0.714218527926984,1.1613818109507057,LIQUIDITY,0.19623120210958445,0.10462314281037298,0.27474952614173226,0.23705559348481978,-0.008562534661333684
steady_2020_to_2024_pre_jump,2020-02-17,2024-09-18,235,4.518928933502583,1.8756003388776894,0.714218527926984,1.1613818109507057,SIZE,0.10061816428459815,0.05364584458584895,0.14087868117429256,0.25167852908815896,-0.0014906388801162315
steady_2020_to_2024_pre_jump,2020-02-17,2024-09-18,235,4.518928933502583,1.8756003388776894,0.714218527926984,1.1613818109507057,BETA,0.08899770470503604,0.04745024985348956,0.12460850737567879,0.46731557953837427,0.000838220842450201
steady_2020_to_2024_pre_jump,2020-02-17,2024-09-18,235,4.518928933502583,1.8756003388776894,0.714218527926984,1.1613818109507057,RESMOM,0.08051685502107038,0.04292857777432989,0.11273420091014745,0.2968153189833756,0.0011836372735210677
steady_2020_to_2024_pre_jump,2020-02-17,2024-09-18,235,4.518928933502583,1.8756003388776894,0.714218527926984,1.1613818109507057,HISTVOL,0.0771514383547072,0.04113426339050067,0.10802217435977038,0.3879755198948214,0.0028223701617335387
steady_2020_to_2024_pre_jump,2020-02-17,2024-09-18,235,4.518928933502583,1.8756003388776894,0.714218527926984,1.1613818109507057,CAPX,0.0760416989265199,0.04054259180397743,0.10646839301023256,0.4754797174841595,-3.936316136112925e-06
steady_2020_to_2024_pre_jump,2020-02-17,2024-09-18,235,4.518928933502583,1.8756003388776894,0.714218527926984,1.1613818109507057,BTOP,0.0642729292579789,0.0342679236752741,0.08999056555495805,0.47099864109963924,-3.1835757679967144e-05
steady_2020_to_2024_pre_jump,2020-02-17,2024-09-18,235,4.518928933502583,1.8756003388776894,0.714218527926984,1.1613818109507057,STOM,0.05215008849730184,0.027804478073674855,0.07301699194036206,0.25275413675402203,0.0009695765469103153
steady_2020_to_2024_pre_jump,2020-02-17,2024-09-18,235,4.518928933502583,1.8756003388776894,0.714218527926984,1.1613818109507057,SEASON,0.04235452586148048,0.022581850186071267,0.059301914197625614,0.2896702356251931,0.00037105309051443843
steady_2020_to_2024_pre_jump,2020-02-17,2024-09-18,235,4.518928933502583,1.8756003388776894,0.714218527926984,1.1613818109507057,MOMENTUM,0.03825920442715312,0.02039837786020365,0.053567924845355504,0.3431512623172951,-0.0008948413571888078
steady_2020_to_2024_pre_jump,2020-02-17,2024-09-18,235,4.518928933502583,1.8756003388776894,0.714218527926984,1.1613818109507057,CFP,0.03746833162907232,0.01997671404319131,0.05246059877195287,0.4344412283188679,0.0002920353299728844
steady_2020_to_2024_pre_jump,2020-02-17,2024-09-18,235,4.518928933502583,1.8756003388776894,0.714218527926984,1.1613818109507057,ROA,0.035413342680157965,0.0188810707409812,0.04958334360625596,0.42760730222018617,0.0004777490032160998
steady_2020_to_2024_pre_jump,2020-02-17,2024-09-18,235,4.518928933502583,1.8756003388776894,0.714218527926984,1.1613818109507057,EYIELD,0.033122283990174195,0.017659563875955422,0.04637555971323157,0.5291140632752219,0.00025697810075977345
steady_2020_to_2024_pre_jump,2020-02-17,2024-09-18,235,4.518928933502583,1.8756003388776894,0.714218527926984,1.1613818109507057,LP,0.03312228399017392,0.017659563875955277,0.04637555971323118,0.5291140632752219,0.00025697810075978527
steady_2020_to_2024_pre_jump,2020-02-17,2024-09-18,235,4.518928933502583,1.8756003388776894,0.714218527926984,1.1613818109507057,SP,0.02183611598296905,0.011642200915806623,0.03057343814133228,0.4814010509931804,0.0002485649081118012
steady_2020_to_2024_pre_jump,2020-02-17,2024-09-18,235,4.518928933502583,1.8756003388776894,0.714218527926984,1.1613818109507057,SGRO,0.01235139368375317,0.006585301478002464,0.017293577806785598,0.40161180997793827,-0.0002090521293758671
steady_2020_to_2024_pre_jump,2020-02-17,2024-09-18,235,4.518928933502583,1.8756003388776894,0.714218527926984,1.1613818109507057,AGRO,0.003410737559086382,0.0018184777899577895,0.004775481768844659,0.35882436574201254,-9.675791889253939e-05
steady_2020_to_2024_pre_jump,2020-02-17,2024-09-18,235,4.518928933502583,1.8756003388776894,0.714218527926984,1.1613818109507057,EGRO,-0.003910808214489371,-0.002085096773244079,-0.005475646544539349,0.288645596973166,0.000354020068331476
steady_2020_to_2024_pre_jump,2020-02-17,2024-09-18,235,4.518928933502583,1.8756003388776894,0.714218527926984,1.1613818109507057,BLEV,-0.005823727705213846,-0.0031049939502029596,-0.008153985758556543,0.2384489174381268,0.00040518910901460244
steady_2020_to_2024_pre_jump,2020-02-17,2024-09-18,235,4.518928933502583,1.8756003388776894,0.714218527926984,1.1613818109507057,ROE,-0.006411974299266262,-0.0034186250483954493,-0.0089776084609244,0.40820084954226826,-0.0005805959852092227
steady_2020_to_2024_pre_jump,2020-02-17,2024-09-18,235,4.518928933502583,1.8756003388776894,0.714218527926984,1.1613818109507057,MLEV,-0.021611993780238245,-0.011522707333893052,-0.030259637541141585,0.2420615392379007,7.574274072985704e-05
steady_2020_to_2024_pre_jump,2020-02-17,2024-09-18,235,4.518928933502583,1.8756003388776894,0.714218527926984,1.1613818109507057,MIDCAP,-0.04018765236238388,-0.021426554223396614,-0.05626800592674115,0.35229687477101623,0.000678845806478901
steady_2020_to_2024_pre_jump,2020-02-17,2024-09-18,235,4.518928933502583,1.8756003388776894,0.714218527926984,1.1613818109507057,RESVOL,-0.04266305733248879,-0.02274634763502829,-0.05973389888990715,0.3560427721044509,-0.0032096881192301397
steady_2020_to_2024_pre_jump,2020-02-17,2024-09-18,235,4.518928933502583,1.8756003388776894,0.714218527926984,1.1613818109507057,TOPSI,-0.07319494828192344,-0.03902481075777657,-0.10248256719742546,0.30245335401758155,0.0008902184561874212
steady_2020_to_2024_pre_jump,2020-02-17,2024-09-18,235,4.518928933502583,1.8756003388776894,0.714218527926984,1.1613818109507057,STOQ,-0.08529561105782954,-0.045476431886799625,-0.11942508871255364,0.26878400891734394,0.001628258248973742
steady_2020_to_2024_pre_jump,2020-02-17,2024-09-18,235,4.518928933502583,1.8756003388776894,0.714218527926984,1.1613818109507057,STYLE_TOTAL,0.714218527926984,0.38079462512485673,1.0,,
steady_2020_to_2024_pre_jump,2020-02-17,2024-09-18,235,4.518928933502583,1.8756003388776894,0.714218527926984,1.1613818109507057,RESIDUAL,1.1613818109507057,0.6192053748751434,,,
steady_2020_to_2024_pre_jump,2020-02-17,2024-09-18,235,4.518928933502583,1.8756003388776894,0.714218527926984,1.1613818109507057,STRATEGY_TOTAL,1.8756003388776894,1.0,,,
jump_2024_q4,2024-09-23,2024-12-09,12,0.6289802147682058,0.5582838730743306,0.10183852282840909,0.45644535024592153,BETA,0.10349387150936436,0.18537857978853897,1.01625464151463,0.7869574291814935,0.009957883470924226
jump_2024_q4,2024-09-23,2024-12-09,12,0.6289802147682058,0.5582838730743306,0.10183852282840909,0.45644535024592153,TOPSI,0.05268451718686234,0.09436868899103568,0.5173338705592984,0.3706440249904123,-0.009538625499455436
jump_2024_q4,2024-09-23,2024-12-09,12,0.6289802147682058,0.5582838730743306,0.10183852282840909,0.45644535024592153,STOQ,0.031494850252021075,0.056413684455162136,0.30926263831504835,0.4586803704021374,0.00499982602072549
jump_2024_q4,2024-09-23,2024-12-09,12,0.6289802147682058,0.5582838730743306,0.10183852282840909,0.45644535024592153,STOM,0.02076128317539902,0.03718768206767606,0.20386473211498124,0.4488484515046594,0.004424465011475032
jump_2024_q4,2024-09-23,2024-12-09,12,0.6289802147682058,0.5582838730743306,0.10183852282840909,0.45644535024592153,RESVOL,0.01696450070755456,0.03038687220917787,0.1665823524967912,0.4317147651013234,0.0018370605218237062
jump_2024_q4,2024-09-23,2024-12-09,12,0.6289802147682058,0.5582838730743306,0.10183852282840909,0.45644535024592153,EYIELD,0.011286183768635156,0.02021585131321266,0.11082430749365443,0.8448654371068404,-0.0010488297518882472
jump_2024_q4,2024-09-23,2024-12-09,12,0.6289802147682058,0.5582838730743306,0.10183852282840909,0.45644535024592153,LP,0.011286183768634437,0.020215851313211373,0.11082430749364738,0.8448654371068404,-0.001048829751888164
jump_2024_q4,2024-09-23,2024-12-09,12,0.6289802147682058,0.5582838730743306,0.10183852282840909,0.45644535024592153,MLEV,0.010882006264651994,0.019491887173325444,0.1068554998876744,0.21012473538677925,-0.0001895323092248787
jump_2024_q4,2024-09-23,2024-12-09,12,0.6289802147682058,0.5582838730743306,0.10183852282840909,0.45644535024592153,CAPX,0.004495839925135327,0.008052963988334202,0.044146751153397105,0.3835165143397932,-0.0010975127060436907
jump_2024_q4,2024-09-23,2024-12-09,12,0.6289802147682058,0.5582838730743306,0.10183852282840909,0.45644535024592153,ROA,0.0016891934369583543,0.003025689113418924,0.01658697897459225,0.7872697417077781,-0.0012291074111512497
jump_2024_q4,2024-09-23,2024-12-09,12,0.6289802147682058,0.5582838730743306,0.10183852282840909,0.45644535024592153,CFP,0.0007304541156633478,0.001308391932657697,0.007172669981615039,0.43511637176590795,-0.00012195528430142266
jump_2024_q4,2024-09-23,2024-12-09,12,0.6289802147682058,0.5582838730743306,0.10183852282840909,0.45644535024592153,SP,-7.838748792813634e-05,-0.00014040793887968843,-0.0007697233399605949,0.30648345230148544,-0.0007145148449693254
jump_2024_q4,2024-09-23,2024-12-09,12,0.6289802147682058,0.5582838730743306,0.10183852282840909,0.45644535024592153,EGRO,-0.0006997793965680617,-0.0012534472699606213,-0.0068714605940145244,0.28224249879239566,0.00033176505748154045
jump_2024_q4,2024-09-23,2024-12-09,12,0.6289802147682058,0.5582838730743306,0.10183852282840909,0.45644535024592153,SGRO,-0.0008656487916324938,-0.0015505531027890543,-0.008500209621962532,0.42982204613113634,0.0002093775989666554
jump_2024_q4,2024-09-23,2024-12-09,12,0.6289802147682058,0.5582838730743306,0.10183852282840909,0.45644535024592153,AGRO,-0.0016493287009792508,-0.0029542832607662613,-0.016195528520756886,0.4019733373492664,-0.0004563911848318447
jump_2024_q4,2024-09-23,2024-12-09,12,0.6289802147682058,0.5582838730743306,0.10183852282840909,0.45644535024592153,SEASON,-0.001918835651179346,-0.0034370250399904886,-0.01884194308682631,0.42583548274825306,-0.0007481071801443787
jump_2024_q4,2024-09-23,2024-12-09,12,0.6289802147682058,0.5582838730743306,0.10183852282840909,0.45644535024592153,ROE,-0.001958553751034758,-0.003508168237512377,-0.019231953652104578,0.7603836634338107,-0.0001988142478510276
jump_2024_q4,2024-09-23,2024-12-09,12,0.6289802147682058,0.5582838730743306,0.10183852282840909,0.45644535024592153,MOMENTUM,-0.0024330217881450788,-0.004358037022898462,-0.0238909768187089,0.5199492582049458,-0.0017739920515603043
jump_2024_q4,2024-09-23,2024-12-09,12,0.6289802147682058,0.5582838730743306,0.10183852282840909,0.45644535024592153,MIDCAP,-0.00578311109687973,-0.010358728553331791,-0.0567870677643653,0.27914296714225734,-0.00069514528542818
jump_2024_q4,2024-09-23,2024-12-09,12,0.6289802147682058,0.5582838730743306,0.10183852282840909,0.45644535024592153,SIZE,-0.009613009769127101,-0.017218856271435254,-0.09439463085422362,0.48039712528883305,-0.0006092069093401412
jump_2024_q4,2024-09-23,2024-12-09,12,0.6289802147682058,0.5582838730743306,0.10183852282840909,0.45644535024592153,BLEV,-0.010205156260929363,-0.01827951111095526,-0.10020919370682889,0.24802286133280896,0.0012515281887907441
jump_2024_q4,2024-09-23,2024-12-09,12,0.6289802147682058,0.5582838730743306,0.10183852282840909,0.45644535024592153,HISTVOL,-0.012210522646791651,-0.021871530301513703,-0.11990082247525863,0.706873350381577,-0.0014396598134874723
jump_2024_q4,2024-09-23,2024-12-09,12,0.6289802147682058,0.5582838730743306,0.10183852282840909,0.45644535024592153,BTOP,-0.014797642502625113,-0.026505588315023632,-0.14530496016284647,0.36838420210215195,-0.00022824722609888584
jump_2024_q4,2024-09-23,2024-12-09,12,0.6289802147682058,0.5582838730743306,0.10183852282840909,0.45644535024592153,RESMOM,-0.049913651596145886,-0.0894055049831259,-0.4901254477173334,0.39827396682301536,0.010530125554698769
jump_2024_q4,2024-09-23,2024-12-09,12,0.6289802147682058,0.5582838730743306,0.10183852282840909,0.45644535024592153,LIQUIDITY,-0.05180371184250491,-0.09279098741870286,-0.5086848316701392,0.294787960419478,-0.015231936715514547
jump_2024_q4,2024-09-23,2024-12-09,12,0.6289802147682058,0.5582838730743306,0.10183852282840909,0.45644535024592153,STYLE_TOTAL,0.10183852282840909,0.18241351351886567,1.0,,
jump_2024_q4,2024-09-23,2024-12-09,12,0.6289802147682058,0.5582838730743306,0.10183852282840909,0.45644535024592153,RESIDUAL,0.45644535024592153,0.8175864864811344,,,
jump_2024_q4,2024-09-23,2024-12-09,12,0.6289802147682058,0.5582838730743306,0.10183852282840909,0.45644535024592153,STRATEGY_TOTAL,0.5582838730743306,1.0,,,
jump_2025_mid,2025-04-07,2025-09-29,26,0.5247841447035244,0.43379313384311696,0.061211913631548154,0.3725812202115688,LIQUIDITY,0.05183108250151913,0.11948340915940835,0.8467482786685138,0.21651062381153946,-0.008562071848706922
jump_2025_mid,2025-04-07,2025-09-29,26,0.5247841447035244,0.43379313384311696,0.061211913631548154,0.3725812202115688,BETA,0.03642402407861665,0.08396634533129688,0.5950479558254487,0.4658036024904346,0.005828659308348041
jump_2025_mid,2025-04-07,2025-09-29,26,0.5247841447035244,0.43379313384311696,0.061211913631548154,0.3725812202115688,RESVOL,0.030863324143980853,0.07114756259637502,0.5042045300161002,0.311562784516675,0.0055027856992851615
jump_2025_mid,2025-04-07,2025-09-29,26,0.5247841447035244,0.43379313384311696,0.061211913631548154,0.3725812202115688,SIZE,0.021090337847114247,0.04861842247309902,0.3445462916592179,0.43095179872219913,-0.0009946696711524321
jump_2025_mid,2025-04-07,2025-09-29,26,0.5247841447035244,0.43379313384311696,0.061211913631548154,0.3725812202115688,RESMOM,0.020174576490301185,0.04650736702899821,0.3295857831163011,0.38748481581957317,-0.002968358278400179
jump_2025_mid,2025-04-07,2025-09-29,26,0.5247841447035244,0.43379313384311696,0.061211913631548154,0.3725812202115688,AGRO,0.007321291712857109,0.01687738034946603,0.11960566625846789,0.5279099576403101,0.0008743331744400528
jump_2025_mid,2025-04-07,2025-09-29,26,0.5247841447035244,0.43379313384311696,0.061211913631548154,0.3725812202115688,ROE,0.0064725743564218036,0.01492087783658336,0.10574043470331711,0.33657883185971305,0.0003236790207659998
jump_2025_mid,2025-04-07,2025-09-29,26,0.5247841447035244,0.43379313384311696,0.061211913631548154,0.3725812202115688,EGRO,0.006305547761017287,0.014535840401977671,0.10301177314880507,0.3926416372071773,0.00014182169431738062
jump_2025_mid,2025-04-07,2025-09-29,26,0.5247841447035244,0.43379313384311696,0.061211913631548154,0.3725812202115688,MOMENTUM,0.006199778409423483,0.014292015999648482,0.10128385213933526,0.31843937960221236,-0.0024713915132648775
jump_2025_mid,2025-04-07,2025-09-29,26,0.5247841447035244,0.43379313384311696,0.061211913631548154,0.3725812202115688,MIDCAP,0.004013274111216976,0.009251585140737595,0.06556361128282982,0.22294611246087856,0.000941786648535059
jump_2025_mid,2025-04-07,2025-09-29,26,0.5247841447035244,0.43379313384311696,0.061211913631548154,0.3725812202115688,MLEV,0.003768837448992253,0.00868809843900219,0.06157032553626657,0.16658460052962043,-0.0002939830748102369
jump_2025_mid,2025-04-07,2025-09-29,26,0.5247841447035244,0.43379313384311696,0.061211913631548154,0.3725812202115688,CAPX,0.002984495730811374,0.006879997625528874,0.048756778766563307,0.4760416081320709,0.0005872911269026021
jump_2025_mid,2025-04-07,2025-09-29,26,0.5247841447035244,0.43379313384311696,0.061211913631548154,0.3725812202115688,EYIELD,0.001011217627764912,0.00233110565583692,0.01651994796064892,0.3790464629917639,-0.0002808072558111825
jump_2025_mid,2025-04-07,2025-09-29,26,0.5247841447035244,0.43379313384311696,0.061211913631548154,0.3725812202115688,LP,0.0010112176277643236,0.002331105655835564,0.01651994796063931,0.3790464629917639,-0.0002808072558111868
jump_2025_mid,2025-04-07,2025-09-29,26,0.5247841447035244,0.43379313384311696,0.061211913631548154,0.3725812202115688,CFP,0.00017619601631600876,0.00040617520788083927,0.00287845953283837,0.3347419760651219,-6.581859776187373e-05
jump_2025_mid,2025-04-07,2025-09-29,26,0.5247841447035244,0.43379313384311696,0.061211913631548154,0.3725812202115688,BLEV,-0.000289270862440307,-0.0006668405741639123,-0.00472572813491031,0.1697774297324267,5.131825877742789e-05
jump_2025_mid,2025-04-07,2025-09-29,26,0.5247841447035244,0.43379313384311696,0.061211913631548154,0.3725812202115688,SEASON,-0.0006849218988830661,-0.0015789136467309112,-0.011189356095053733,0.33563233765373796,-0.0005191443329065455
jump_2025_mid,2025-04-07,2025-09-29,26,0.5247841447035244,0.43379313384311696,0.061211913631548154,0.3725812202115688,SP,-0.0014598385955218703,-0.003365287464531024,-0.023848929218404317,0.27261823205281,0.00019277197591364233
jump_2025_mid,2025-04-07,2025-09-29,26,0.5247841447035244,0.43379313384311696,0.061211913631548154,0.3725812202115688,BTOP,-0.0036727649569088536,-0.008466627685806397,-0.060000819105513775,0.29225568675143343,-0.00030686026523075896
jump_2025_mid,2025-04-07,2025-09-29,26,0.5247841447035244,0.43379313384311696,0.061211913631548154,0.3725812202115688,SGRO,-0.0036890727146924886,-0.008504221083468455,-0.06026723387375311,0.3614233471399376,0.00020249902504897272
jump_2025_mid,2025-04-07,2025-09-29,26,0.5247841447035244,0.43379313384311696,0.061211913631548154,0.3725812202115688,ROA,-0.008057576141976842,-0.018574697276999542,-0.1316341160395291,0.3878767111906022,0.0002954715189840354
jump_2025_mid,2025-04-07,2025-09-29,26,0.5247841447035244,0.43379313384311696,0.061211913631548154,0.3725812202115688,STOM,-0.011837625945526797,-0.027288642954427032,-0.19338761432587814,0.16665219508458,0.0012436773008269687
jump_2025_mid,2025-04-07,2025-09-29,26,0.5247841447035244,0.43379313384311696,0.061211913631548154,0.3725812202115688,STOQ,-0.01290926187501209,-0.029759027674423212,-0.21089459729549698,0.2064214278732626,0.0018433789210046468
jump_2025_mid,2025-04-07,2025-09-29,26,0.5247841447035244,0.43379313384311696,0.061211913631548154,0.3725812202115688,TOPSI,-0.019921330326055905,-0.04592357225566538,-0.3254485792744209,0.2812212167840412,0.0075075842527296864
jump_2025_mid,2025-04-07,2025-09-29,26,0.5247841447035244,0.43379313384311696,0.061211913631548154,0.3725812202115688,HISTVOL,-0.07591419891555123,-0.17500092323500424,-1.240186663212333,0.3785041112142995,-0.008576606485738804
jump_2025_mid,2025-04-07,2025-09-29,26,0.5247841447035244,0.43379313384311696,0.061211913631548154,0.3725812202115688,STYLE_TOTAL,0.061211913631548154,0.14110853505045493,1.0,,
jump_2025_mid,2025-04-07,2025-09-29,26,0.5247841447035244,0.43379313384311696,0.061211913631548154,0.3725812202115688,RESIDUAL,0.3725812202115688,0.858891464949545,,,
jump_2025_mid,2025-04-07,2025-09-29,26,0.5247841447035244,0.43379313384311696,0.061211913631548154,0.3725812202115688,STRATEGY_TOTAL,0.43379313384311696,1.0,,,
