factor,total_contribution,contribution_pct_of_strategy_arithmetic,contribution_pct_of_style_arithmetic,avg_abs_exposure,avg_weekly_factor_return
LIQUIDITY,0.458616897944715,0.19758316018253622,0.364488367116017,0.27075410957220747,-0.008627229280313673
SIZE,0.2322319573933031,0.10005109764332376,0.18456765836972128,0.6073797727290468,-0.0013736659270309308
BETA,0.227315873280509,0.09793313068859087,0.1806605727849827,0.44633702285880844,0.0019382979793931018
RESVOL,0.20102307637667877,0.08660556311404714,0.15976422410411617,0.33884934005028783,-0.0021431552557552923
RESMOM,0.11068934082758831,0.04768762306240434,0.08797097812182973,0.26950620425908983,0.0017947833418446566
MIDCAP,0.10659027727123932,0.045921648160733505,0.08471322423388092,0.6270866634679932,0.0006270036428128918
CAPX,0.10253931458316679,0.0441763962668807,0.08149369878237551,0.5999818631988052,5.7018912315973827e-05
SEASON,0.05731651303106644,0.024693328628041078,0.04555262210594712,0.3890425052924213,0.00019632692946899632
ROE,0.044771626940618106,0.01928869079417845,0.035582503108467126,0.47647430411870273,-0.0004405357251118118
CFP,0.042605744427416534,0.018355576655863275,0.03386115576138978,0.4696868514178331,0.00024462175518120814
EYIELD,0.03545499000242916,0.015274860129040974,0.02817805333823076,0.5979001908564218,0.00016972813132861043
LP,0.03545499000242697,0.01527486012904003,0.02817805333822902,0.5979001908564218,0.00016972813132861672
BTOP,0.03020978893853099,0.013015101697456248,0.0240094001997546,0.47819153831923433,-0.00014860536998263983
MOMENTUM,0.024881110559032513,0.010719379235994341,0.019774402993733734,0.34172625783926297,-0.0011212584643447289
AGRO,0.023030531315083345,0.009922105309049412,0.01830364469880685,0.48428060140959317,2.405494592008184e-05
EGRO,0.021300863100301097,0.00917692275368452,0.01692898112647931,0.3693396271043548,0.00030116797638501724
SGRO,0.014477278716620341,0.006237158928274031,0.011505898939512076,0.49059685926136765,-7.877543890078109e-05
BLEV,0.011948514901751826,0.005147706821000833,0.009496149630591925,0.2597186312217406,0.00031128048959123
ROA,0.00186699368553081,0.0008043456621009327,0.0014838037649826667,0.4914883619057365,0.0003407535157868566
STOM,-0.001305781938328976,-0.0005625621799819027,-0.001037777562588829,0.28453574658477043,0.0011374623043563007
SP,-0.025281466975923296,-0.010891862383482234,-0.02009258851483185,0.46413391806586446,0.00021614443864876852
MLEV,-0.0455347097279392,-0.01961744516253139,-0.03618896745893363,0.2370764615677939,5.505231740559006e-05
STOQ,-0.09259716955576497,-0.03989308171325093,-0.07359212292917798,0.3101428481882314,0.0017011977711757615
TOPSI,-0.118048994005472,-0.05085833818269412,-0.09382010400744069,0.2635014674263357,0.0005291281076045488
HISTVOL,-0.2413091797443549,-0.10396178276163916,-0.19178183204607527,0.36660212993421987,0.0013827888813756455
STYLE_TOTAL,1.258248381350225,0.5420835834786609,1.0,,
RESIDUAL,1.062885148050884,0.457916416521339,,,
STRATEGY_TOTAL,2.3211335294011093,1.0,,,
