scenario,cost_bps,year,weeks,annual_return,net_annual_return,avg_turnover,win_rate
baseline,0,2020,46,0.5293724708510172,0.5293724708510172,0.6482608695652174,0.6086956521739131
baseline,0,2021,52,1.2633638940722127,1.2633638940722127,0.6815384615384613,0.7307692307692307
baseline,0,2022,50,0.32385415320564004,0.32385415320564004,0.7356000000000001,0.56
baseline,0,2023,50,0.2866627433668676,0.2866627433668676,0.7560000000000001,0.54
baseline,0,2024,52,0.30829126104974547,0.30829126104974547,0.7330769230769231,0.5769230769230769
baseline,0,2025,51,0.5590484853742446,0.5590484853742446,0.7262745098039215,0.5882352941176471
baseline,5,2020,46,0.5293724708510172,0.5067347242233522,0.6482608695652174,0.5869565217391305
baseline,5,2021,52,1.2633638940722127,1.223603242335448,0.6815384615384613,0.7307692307692307
baseline,5,2022,50,0.32385415320564004,0.29972635708496953,0.7356000000000001,0.56
baseline,5,2023,50,0.2866627433668676,0.2625684950544589,0.7560000000000001,0.54
baseline,5,2024,52,0.30829126104974547,0.28358666007723343,0.7330769230769231,0.5769230769230769
baseline,5,2025,51,0.5590484853742446,0.5304352256500449,0.7262745098039215,0.5686274509803921
baseline,10,2020,46,0.5293724708510172,0.4844242599006867,0.6482608695652174,0.5869565217391305
baseline,10,2021,52,1.2633638940722127,1.184527110478189,0.6815384615384613,0.7307692307692307
baseline,10,2022,50,0.32385415320564004,0.27602924185477473,0.7356000000000001,0.56
baseline,10,2023,50,0.2866627433668676,0.23891623817142826,0.7560000000000001,0.54
baseline,10,2024,52,0.30829126104974547,0.25933931703248514,0.7330769230769231,0.5769230769230769
baseline,10,2025,51,0.5590484853742446,0.5023364824984968,0.7262745098039215,0.5686274509803921
baseline,20,2020,46,0.5293724708510172,0.4407667655379415,0.6482608695652174,0.5869565217391305
baseline,20,2021,52,1.2633638940722127,1.1083824182360038,0.6815384615384613,0.7115384615384616
baseline,20,2022,50,0.32385415320564004,0.22989707835428952,0.7356000000000001,0.54
baseline,20,2023,50,0.2866627433668676,0.19290608099724738,0.7560000000000001,0.52
baseline,20,2024,52,0.30829126104974547,0.21218338212474586,0.7330769230769231,0.5576923076923077
baseline,20,2025,51,0.5590484853742446,0.44764645792019,0.7262745098039215,0.5686274509803921
baseline,50,2020,46,0.5293724708510172,0.31718156525026964,0.6482608695652174,0.5652173913043478
baseline,50,2021,52,1.2633638940722127,0.8952146792114104,0.6815384615384613,0.6923076923076923
baseline,50,2022,50,0.32385415320564004,0.10108019113080546,0.7356000000000001,0.54
baseline,50,2023,50,0.2866627433668676,0.06468587193699027,0.7560000000000001,0.5
baseline,50,2024,52,0.30829126104974547,0.08085705561577328,0.7330769230769231,0.5576923076923077
baseline,50,2025,51,0.5590484853742446,0.2950139576248443,0.7262745098039215,0.5686274509803921
baseline,100,2020,46,0.5293724708510172,0.1338307939083918,0.6482608695652174,0.5
baseline,100,2021,52,1.2633638940722127,0.5859264821216839,0.6815384615384613,0.5576923076923077
baseline,100,2022,50,0.32385415320564004,-0.08486066929060687,0.7356000000000001,0.44
baseline,100,2023,50,0.2866627433668676,-0.11965410545111199,0.7560000000000001,0.36
baseline,100,2024,52,0.30829126104974547,-0.10769963142242,0.7330769230769231,0.5
baseline,100,2025,51,0.5590484853742446,0.07492947313947163,0.7262745098039215,0.5490196078431373
tc20_buf1,0,2020,46,0.2543011848223522,0.2543011848223522,0.1956521739130434,0.5
tc20_buf1,0,2021,52,0.317240667150239,0.317240667150239,0.19999999999999993,0.6538461538461539
tc20_buf1,0,2022,50,0.0772903554773745,0.0772903554773745,0.19999999999999996,0.54
tc20_buf1,0,2023,50,0.19643968742838513,0.19643968742838513,0.19999999999999996,0.52
tc20_buf1,0,2024,52,-0.09477291870830817,-0.09477291870830817,0.19999999999999993,0.5
tc20_buf1,0,2025,51,0.44108446880928254,0.44108446880928254,0.19999999999999996,0.6470588235294118
tc20_buf1,5,2020,46,0.2543011848223522,0.2486692292925221,0.1956521739130434,0.5
tc20_buf1,5,2021,52,0.317240667150239,0.31040845321691246,0.19999999999999993,0.6346153846153846
tc20_buf1,5,2022,50,0.0772903554773745,0.07191707941673897,0.19999999999999996,0.54
tc20_buf1,5,2023,50,0.19643968742838513,0.19047212195472563,0.19999999999999996,0.52
tc20_buf1,5,2024,52,-0.09477291870830817,-0.09946811620096141,0.19999999999999993,0.5
tc20_buf1,5,2025,51,0.44108446880928254,0.4337532818707275,0.19999999999999996,0.6470588235294118
tc20_buf1,10,2020,46,0.2543011848223522,0.24306200239612608,0.1956521739130434,0.5
tc20_buf1,10,2021,52,0.317240667150239,0.30361099833819516,0.19999999999999993,0.6346153846153846
tc20_buf1,10,2022,50,0.0772903554773745,0.06657007062712395,0.19999999999999996,0.54
tc20_buf1,10,2023,50,0.19643968742838513,0.1845337289370974,0.19999999999999996,0.52
tc20_buf1,10,2024,52,-0.09477291870830817,-0.10413942676214083,0.19999999999999993,0.5
tc20_buf1,10,2025,51,0.44108446880928254,0.4264586630257876,0.19999999999999996,0.6470588235294118
tc20_buf1,20,2020,46,0.2543011848223522,0.23192131046565945,0.1956521739130434,0.5
tc20_buf1,20,2021,52,0.317240667150239,0.29011967304252884,0.19999999999999993,0.6346153846153846
tc20_buf1,20,2022,50,0.0772903554773745,0.05595435225253764,0.19999999999999996,0.54
tc20_buf1,20,2023,50,0.19643968742838513,0.17274390207255785,0.19999999999999996,0.52
tc20_buf1,20,2024,52,-0.09477291870830817,-0.1134108631250752,0.19999999999999993,0.5
tc20_buf1,20,2025,51,0.44108446880928254,0.41197841538452695,0.19999999999999996,0.6470588235294118
tc20_buf1,50,2020,46,0.2543011848223522,0.1990817765068187,0.1956521739130434,0.5
tc20_buf1,50,2021,52,0.317240667150239,0.2504620557774895,0.19999999999999993,0.6153846153846154
tc20_buf1,50,2022,50,0.0772903554773745,0.02472464933245888,0.19999999999999996,0.54
tc20_buf1,50,2023,50,0.19643968742838513,0.13806016448017622,0.19999999999999996,0.5
tc20_buf1,50,2024,52,-0.09477291870830817,-0.1406641586109192,0.19999999999999993,0.4807692307692308
tc20_buf1,50,2025,51,0.44108446880928254,0.3693968897812794,0.19999999999999996,0.6470588235294118
tc20_buf1,100,2020,46,0.2543011848223522,0.14624166437152497,0.1956521739130434,0.4782608695652174
tc20_buf1,100,2021,52,0.317240667150239,0.18700699201830062,0.19999999999999993,0.5961538461538461
tc20_buf1,100,2022,50,0.0772903554773745,-0.02532497881540874,0.19999999999999996,0.54
tc20_buf1,100,2023,50,0.19643968742838513,0.08247500013457487,0.19999999999999996,0.48
tc20_buf1,100,2024,52,-0.09477291870830817,-0.18427140791045393,0.19999999999999993,0.46153846153846156
tc20_buf1,100,2025,51,0.44108446880928254,0.3012089544549732,0.19999999999999996,0.6274509803921569
tc20_buf2,0,2020,46,0.28238666423251546,0.28238666423251546,0.1956521739130434,0.5
tc20_buf2,0,2021,52,0.32037175986151456,0.32037175986151456,0.19999999999999993,0.6538461538461539
tc20_buf2,0,2022,50,0.09836347200117235,0.09836347200117235,0.19999999999999996,0.54
tc20_buf2,0,2023,50,0.19677201454849658,0.19677201454849658,0.19999999999999996,0.58
tc20_buf2,0,2024,52,-0.09280479563135435,-0.09280479563135435,0.19999999999999993,0.5576923076923077
tc20_buf2,0,2025,51,0.4064376669798546,0.4064376669798546,0.19999999999999996,0.6274509803921569
tc20_buf2,5,2020,46,0.28238666423251546,0.27662860169347137,0.1956521739130434,0.5
tc20_buf2,5,2021,52,0.32037175986151456,0.313523305695266,0.19999999999999993,0.6538461538461539
tc20_buf2,5,2022,50,0.09836347200117235,0.09288508809104656,0.19999999999999996,0.54
tc20_buf2,5,2023,50,0.19677201454849658,0.19080279150373713,0.19999999999999996,0.56
tc20_buf2,5,2024,52,-0.09280479563135435,-0.09751020131013888,0.19999999999999993,0.5384615384615384
tc20_buf2,5,2025,51,0.4064376669798546,0.39928273770456113,0.19999999999999996,0.6274509803921569
tc20_buf2,10,2020,46,0.28238666423251546,0.2708958214950039,0.1956521739130434,0.5
tc20_buf2,10,2021,52,0.32037175986151456,0.306709693206209,0.19999999999999993,0.6538461538461539
tc20_buf2,10,2022,50,0.09836347200117235,0.08743348527187744,0.19999999999999996,0.54
tc20_buf2,10,2023,50,0.19677201454849658,0.1848627490180501,0.19999999999999996,0.56
tc20_buf2,10,2024,52,-0.09280479563135435,-0.10219166812305325,0.19999999999999993,0.5384615384615384
tc20_buf2,10,2025,51,0.4064376669798546,0.39216349734645584,0.19999999999999996,0.6274509803921569
tc20_buf2,20,2020,46,0.28238666423251546,0.259505674587045,0.1956521739130434,0.5
tc20_buf2,20,2021,52,0.32037175986151456,0.29318629891103787,0.19999999999999993,0.6538461538461539
tc20_buf2,20,2022,50,0.09836347200117235,0.07661011046636501,0.19999999999999996,0.54
tc20_buf2,20,2023,50,0.19677201454849658,0.17306964737146346,0.19999999999999996,0.56
tc20_buf2,20,2024,52,-0.09280479563135435,-0.11148326222125615,0.19999999999999993,0.5384615384615384
tc20_buf2,20,2025,51,0.4064376669798546,0.37803138632128386,0.19999999999999996,0.6274509803921569
tc20_buf2,50,2020,46,0.28238666423251546,0.22593081958569838,0.1956521739130434,0.5
tc20_buf2,50,2021,52,0.32037175986151456,0.25343441513915566,0.19999999999999993,0.6538461538461539
tc20_buf2,50,2022,50,0.09836347200117235,0.04476951637354776,0.19999999999999996,0.54
tc20_buf2,50,2023,50,0.19677201454849658,0.13837627590722912,0.19999999999999996,0.52
tc20_buf2,50,2024,52,-0.09280479563135435,-0.13879581117054252,0.19999999999999993,0.5192307692307693
tc20_buf2,50,2025,51,0.4064376669798546,0.3364736131149979,0.19999999999999996,0.6274509803921569
tc20_buf2,100,2020,46,0.28238666423251546,0.1719075467395932,0.1956521739130434,0.5
tc20_buf2,100,2021,52,0.32037175986151456,0.18982851813241863,0.19999999999999993,0.6346153846153846
tc20_buf2,100,2022,50,0.09836347200117235,-0.006259143695075631,0.19999999999999996,0.5
tc20_buf2,100,2023,50,0.19677201454849658,0.08277567203903136,0.19999999999999996,0.48
tc20_buf2,100,2024,52,-0.09280479563135435,-0.18249787030889353,0.19999999999999993,0.5
tc20_buf2,100,2025,51,0.4064376669798546,0.26992506391320137,0.19999999999999996,0.6274509803921569
tc20_buf3,0,2020,46,0.2839262918544958,0.2839262918544958,0.1956521739130434,0.5
tc20_buf3,0,2021,52,0.31342264559010435,0.31342264559010435,0.19999999999999993,0.6730769230769231
tc20_buf3,0,2022,50,0.10365339125847828,0.10365339125847828,0.19999999999999996,0.56
tc20_buf3,0,2023,50,0.20159064860399334,0.20159064860399334,0.19999999999999996,0.56
tc20_buf3,0,2024,52,-0.1145512209813947,-0.1145512209813947,0.19999999999999993,0.5384615384615384
tc20_buf3,0,2025,51,0.4070097749523025,0.4070097749523025,0.19999999999999996,0.6470588235294118
tc20_buf3,5,2020,46,0.2839262918544958,0.2781613162116412,0.1956521739130434,0.5
tc20_buf3,5,2021,52,0.31342264559010435,0.30661023482619965,0.19999999999999993,0.6538461538461539
tc20_buf3,5,2022,50,0.10365339125847828,0.09814862245001721,0.19999999999999996,0.56
tc20_buf3,5,2023,50,0.20159064860399334,0.1955973913228899,0.19999999999999996,0.56
tc20_buf3,5,2024,52,-0.1145512209813947,-0.11914383312595023,0.19999999999999993,0.5384615384615384
tc20_buf3,5,2025,51,0.4070097749523025,0.39985193520882656,0.19999999999999996,0.6274509803921569
tc20_buf3,10,2020,46,0.2839262918544958,0.27242165326322776,0.1956521739130434,0.5
tc20_buf3,10,2021,52,0.31342264559010435,0.29983248236779714,0.19999999999999993,0.6538461538461539
tc20_buf3,10,2022,50,0.10365339125847828,0.09267076371514249,0.19999999999999996,0.56
tc20_buf3,10,2023,50,0.20159064860399334,0.18963343209227213,0.19999999999999996,0.56
tc20_buf3,10,2024,52,-0.1145512209813947,-0.12371308024448557,0.19999999999999993,0.5384615384615384
tc20_buf3,10,2025,51,0.4070097749523025,0.39272979890000603,0.19999999999999996,0.6274509803921569
tc20_buf3,20,2020,46,0.2839262918544958,0.26101783139647017,0.1956521739130434,0.5
tc20_buf3,20,2021,52,0.31342264559010435,0.28638026167324004,0.19999999999999993,0.6538461538461539
tc20_buf3,20,2022,50,0.10365339125847828,0.08179526155809769,0.19999999999999996,0.56
tc20_buf3,20,2023,50,0.20159064860399334,0.17779284718193367,0.19999999999999996,0.56
tc20_buf3,20,2024,52,-0.1145512209813947,-0.13278194503761065,0.19999999999999993,0.5384615384615384
tc20_buf3,20,2025,51,0.4070097749523025,0.378591939242259,0.19999999999999996,0.6274509803921569
tc20_buf3,50,2020,46,0.2839262918544958,0.22740266657624786,0.1956521739130434,0.5
tc20_buf3,50,2021,52,0.31342264559010435,0.24683759199638078,0.19999999999999993,0.6538461538461539
tc20_buf3,50,2022,50,0.10365339125847828,0.04980131734380566,0.19999999999999996,0.56
tc20_buf3,50,2023,50,0.20159064860399334,0.14295978774104,0.19999999999999996,0.56
tc20_buf3,50,2024,52,-0.1145512209813947,-0.15943978339761622,0.19999999999999993,0.5192307692307693
tc20_buf3,50,2025,51,0.4070097749523025,0.33701726124600495,0.19999999999999996,0.6274509803921569
tc20_buf3,100,2020,46,0.2839262918544958,0.17331453363339988,0.1956521739130434,0.5
tc20_buf3,100,2021,52,0.31342264559010435,0.18356645271475758,0.19999999999999993,0.6346153846153846
tc20_buf3,100,2022,50,0.10365339125847828,-0.0014731060795282191,0.19999999999999996,0.54
tc20_buf3,100,2023,50,0.20159064860399334,0.08713531586786849,0.19999999999999996,0.52
tc20_buf3,100,2024,52,-0.1145512209813947,-0.2020942581107874,0.19999999999999993,0.5
tc20_buf3,100,2025,51,0.4070097749523025,0.27044164155509254,0.19999999999999996,0.6274509803921569
tc20_buf4,0,2020,46,0.27267929327764673,0.27267929327764673,0.1956521739130434,0.5
tc20_buf4,0,2021,52,0.30431089833039016,0.30431089833039016,0.19999999999999993,0.6346153846153846
tc20_buf4,0,2022,50,0.11462821146208979,0.11462821146208979,0.19999999999999996,0.54
tc20_buf4,0,2023,50,0.19655428128042884,0.19655428128042884,0.19999999999999996,0.56
tc20_buf4,0,2024,52,-0.11581979731904057,-0.11581979731904057,0.19999999999999993,0.5576923076923077
tc20_buf4,0,2025,51,0.410184127294807,0.410184127294807,0.19999999999999996,0.6470588235294118
tc20_buf4,5,2020,46,0.27267929327764673,0.2669648179425286,0.1956521739130434,0.5
tc20_buf4,5,2021,52,0.30431089833039016,0.2975457480315902,0.19999999999999993,0.6346153846153846
tc20_buf4,5,2022,50,0.11462821146208979,0.10906870277930403,0.19999999999999996,0.54
tc20_buf4,5,2023,50,0.19655428128042884,0.19058614423904063,0.19999999999999996,0.56
tc20_buf4,5,2024,52,-0.11581979731904057,-0.12040582965996105,0.19999999999999993,0.5576923076923077
tc20_buf4,5,2025,51,0.410184127294807,0.4030101387613505,0.19999999999999996,0.6470588235294118
tc20_buf4,10,2020,46,0.27267929327764673,0.26127543356650884,0.1956521739130434,0.5
tc20_buf4,10,2021,52,0.30431089833039016,0.2908150155995275,0.19999999999999993,0.6346153846153846
tc20_buf4,10,2022,50,0.11462821146208979,0.10353637176609265,0.19999999999999996,0.54
tc20_buf4,10,2023,50,0.19655428128042884,0.18464718244779488,0.19999999999999996,0.56
tc20_buf4,10,2024,52,-0.11581979731904057,-0.12496853044977352,0.19999999999999993,0.5576923076923077
tc20_buf4,10,2025,51,0.410184127294807,0.3958719342130077,0.19999999999999996,0.6470588235294118
tc20_buf4,20,2020,46,0.27267929327764673,0.24997150744074492,0.1956521739130434,0.5
tc20_buf4,20,2021,52,0.30431089833039016,0.2774561184329778,0.19999999999999993,0.6153846153846154
tc20_buf4,20,2022,50,0.11462821146208979,0.09255272272004977,0.19999999999999996,0.54
tc20_buf4,20,2023,50,0.19655428128042884,0.17285622636488296,0.19999999999999996,0.56
tc20_buf4,20,2024,52,-0.11581979731904057,-0.134024402343074,0.19999999999999993,0.5384615384615384
tc20_buf4,20,2025,51,0.410184127294807,0.3817021781543113,0.19999999999999996,0.6470588235294118
tc20_buf4,50,2020,46,0.27267929327764673,0.2166508063395789,0.1956521739130434,0.5
tc20_buf4,50,2021,52,0.30431089833039016,0.23818777234363897,0.19999999999999993,0.6153846153846154
tc20_buf4,50,2022,50,0.11462821146208979,0.060240628089931025,0.19999999999999996,0.54
tc20_buf4,50,2023,50,0.19655428128042884,0.13816916679719826,0.19999999999999996,0.56
tc20_buf4,50,2024,52,-0.11581979731904057,-0.16064404820255507,0.19999999999999993,0.5384615384615384
tc20_buf4,50,2025,51,0.410184127294807,0.3400337035982619,0.19999999999999996,0.6470588235294118
tc20_buf4,100,2020,46,0.27267929327764673,0.1630364771953543,0.1956521739130434,0.5
tc20_buf4,100,2021,52,0.30431089833039016,0.17535557069713592,0.19999999999999993,0.6153846153846154
tc20_buf4,100,2022,50,0.11462821146208979,0.008456327577855749,0.19999999999999996,0.54
tc20_buf4,100,2023,50,0.19655428128042884,0.08257867855757484,0.19999999999999996,0.54
tc20_buf4,100,2024,52,-0.11581979731904057,-0.20323741214501,0.19999999999999993,0.5192307692307693
tc20_buf4,100,2025,51,0.410184127294807,0.2733078827658366,0.19999999999999996,0.6274509803921569
tc30_buf1,0,2020,46,0.38211220048675587,0.38211220048675587,0.2934782608695653,0.5
tc30_buf1,0,2021,52,0.599675199457,0.599675199457,0.30000000000000004,0.6730769230769231
tc30_buf1,0,2022,50,0.2444813160396595,0.2444813160396595,0.30000000000000004,0.56
tc30_buf1,0,2023,50,0.10167566500386038,0.10167566500386038,0.30000000000000004,0.5
tc30_buf1,0,2024,52,-0.0405878422120074,-0.0405878422120074,0.30000000000000004,0.5576923076923077
tc30_buf1,0,2025,51,0.33469374320933865,0.33469374320933865,0.30000000000000004,0.6274509803921569
tc30_buf1,5,2020,46,0.38211220048675587,0.37281366359578016,0.2934782608695653,0.5
tc30_buf1,5,2021,52,0.599675199457,0.5872453401139666,0.30000000000000004,0.6730769230769231
tc30_buf1,5,2022,50,0.2444813160396595,0.2351819250080902,0.30000000000000004,0.56
tc30_buf1,5,2023,50,0.10167566500386038,0.09344338970427035,0.30000000000000004,0.5
tc30_buf1,5,2024,52,-0.0405878422120074,-0.0480427044098769,0.30000000000000004,0.5576923076923077
tc30_buf1,5,2025,51,0.33469374320933865,0.32452153146104856,0.30000000000000004,0.6274509803921569
tc30_buf1,10,2020,46,0.38211220048675587,0.3635763041125226,0.2934782608695653,0.5
tc30_buf1,10,2021,52,0.599675199457,0.574910220555388,0.30000000000000004,0.6538461538461539
tc30_buf1,10,2022,50,0.2444813160396595,0.22595064409974785,0.30000000000000004,0.56
tc30_buf1,10,2023,50,0.10167566500386038,0.08527140881354911,0.30000000000000004,0.48
tc30_buf1,10,2024,52,-0.0405878422120074,-0.05544074600999882,0.30000000000000004,0.5576923076923077
tc30_buf1,10,2025,51,0.33469374320933865,0.314425337274419,0.30000000000000004,0.6274509803921569
tc30_buf1,20,2020,46,0.38211220048675587,0.3452835461901467,0.2934782608695653,0.5
tc30_buf1,20,2021,52,0.599675199457,0.5505213737819843,0.30000000000000004,0.6538461538461539
tc30_buf1,20,2022,50,0.2444813160396595,0.207690461122511,0.30000000000000004,0.56
tc30_buf1,20,2023,50,0.10167566500386038,0.06910660266880342,0.30000000000000004,0.48
tc30_buf1,20,2024,52,-0.0405878422120074,-0.0700680629283178,0.30000000000000004,0.5576923076923077
tc30_buf1,20,2025,51,0.33469374320933865,0.29445877835996503,0.30000000000000004,0.6274509803921569
tc30_buf1,50,2020,46,0.38211220048675587,0.29183312061338795,0.2934782608695653,0.5
tc30_buf1,50,2021,52,0.599675199457,0.479556010306722,0.30000000000000004,0.6346153846153846
tc30_buf1,50,2022,50,0.2444813160396595,0.15449442765823052,0.30000000000000004,0.56
tc30_buf1,50,2023,50,0.10167566500386038,0.022014874744088697,0.30000000000000004,0.48
tc30_buf1,50,2024,52,-0.0405878422120074,-0.11262984829769918,0.30000000000000004,0.5192307692307693
tc30_buf1,50,2025,51,0.33469374320933865,0.23632643142286125,0.30000000000000004,0.6274509803921569
tc30_buf1,100,2020,46,0.38211220048675587,0.20732842237204951,0.2934782608695653,0.5
tc30_buf1,100,2021,52,0.599675199457,0.3682959578286238,0.30000000000000004,0.6346153846153846
tc30_buf1,100,2022,50,0.2444813160396595,0.07089353397534559,0.30000000000000004,0.56
tc30_buf1,100,2023,50,0.10167566500386038,-0.05199272099556018,0.30000000000000004,0.48
tc30_buf1,100,2024,52,-0.0405878422120074,-0.17935854863627365,0.30000000000000004,0.5192307692307693
tc30_buf1,100,2025,51,0.33469374320933865,0.14507701833307096,0.30000000000000004,0.6078431372549019
tc30_buf2,0,2020,46,0.40908094514024285,0.40908094514024285,0.2934782608695653,0.5
tc30_buf2,0,2021,52,0.6389054911731846,0.6389054911731846,0.30000000000000004,0.6538461538461539
tc30_buf2,0,2022,50,0.24649815015614562,0.24649815015614562,0.30000000000000004,0.58
tc30_buf2,0,2023,50,0.10500942376374645,0.10500942376374645,0.30000000000000004,0.5
tc30_buf2,0,2024,52,-0.05238765654299604,-0.05238765654299604,0.30000000000000004,0.5576923076923077
tc30_buf2,0,2025,51,0.365238330872631,0.365238330872631,0.30000000000000004,0.6274509803921569
tc30_buf2,5,2020,46,0.40908094514024285,0.39960096866210626,0.2934782608695653,0.5
tc30_buf2,5,2021,52,0.6389054911731846,0.626170803069797,0.30000000000000004,0.6538461538461539
tc30_buf2,5,2022,50,0.24649815015614562,0.23718368832451375,0.30000000000000004,0.58
tc30_buf2,5,2023,50,0.10500942376374645,0.09675223694004242,0.30000000000000004,0.5
tc30_buf2,5,2024,52,-0.05238765654299604,-0.059750831358040934,0.30000000000000004,0.5576923076923077
tc30_buf2,5,2025,51,0.365238330872631,0.3548333271336255,0.30000000000000004,0.6274509803921569
tc30_buf2,10,2020,46,0.40908094514024285,0.3901833633282681,0.2934782608695653,0.5
tc30_buf2,10,2021,52,0.6389054911731846,0.6135331781408804,0.30000000000000004,0.6538461538461539
tc30_buf2,10,2022,50,0.24649815015614562,0.22793744699689156,0.30000000000000004,0.58
tc30_buf2,10,2023,50,0.10500942376374645,0.08855552698091684,0.30000000000000004,0.5
tc30_buf2,10,2024,52,-0.05238765654299604,-0.06705788441211868,0.30000000000000004,0.5576923076923077
tc30_buf2,10,2025,51,0.365238330872631,0.3445060806250957,0.30000000000000004,0.6274509803921569
tc30_buf2,20,2020,46,0.40908094514024285,0.37153366425651035,0.2934782608695653,0.5
tc30_buf2,20,2021,52,0.6389054911731846,0.5885462214674988,0.30000000000000004,0.6538461538461539
tc30_buf2,20,2022,50,0.24649815015614562,0.20964767116074357,0.30000000000000004,0.58
tc30_buf2,20,2023,50,0.10500942376374645,0.07234180483865993,0.30000000000000004,0.48
tc30_buf2,20,2024,52,-0.05238765654299604,-0.08150529989558952,0.30000000000000004,0.5576923076923077
tc30_buf2,20,2025,51,0.365238330872631,0.32408258519452926,0.30000000000000004,0.6274509803921569
tc30_buf2,50,2020,46,0.40908094514024285,0.31704027640903765,0.2934782608695653,0.4782608695652174
tc30_buf2,50,2021,52,0.6389054911731846,0.5158405097566536,0.30000000000000004,0.6538461538461539
tc30_buf2,50,2022,50,0.24649815015614562,0.1563654270207624,0.30000000000000004,0.56
tc30_buf2,50,2023,50,0.10500942376374645,0.025107573575191333,0.30000000000000004,0.48
tc30_buf2,50,2024,52,-0.05238765654299604,-0.1235436176802851,0.30000000000000004,0.5192307692307693
tc30_buf2,50,2025,51,0.365238330872631,0.2646198742123942,0.30000000000000004,0.6078431372549019
tc30_buf2,100,2020,46,0.40908094514024285,0.2308866631027089,0.2934782608695653,0.4782608695652174
tc30_buf2,100,2021,52,0.6389054911731846,0.40185192568879535,0.30000000000000004,0.6346153846153846
tc30_buf2,100,2022,50,0.24649815015614562,0.07262904786905233,0.30000000000000004,0.56
tc30_buf2,100,2023,50,0.10500942376374645,-0.04912397507403998,0.30000000000000004,0.48
tc30_buf2,100,2024,52,-0.05238765654299604,-0.18945162144111583,0.30000000000000004,0.4807692307692308
tc30_buf2,100,2025,51,0.365238330872631,0.17128221000767652,0.30000000000000004,0.6078431372549019
tc30_buf3,0,2020,46,0.41957691931578567,0.41957691931578567,0.2934782608695653,0.5
tc30_buf3,0,2021,52,0.6073059777029657,0.6073059777029657,0.30000000000000004,0.6538461538461539
tc30_buf3,0,2022,50,0.21450045649167238,0.21450045649167238,0.30000000000000004,0.6
tc30_buf3,0,2023,50,0.1141909102509413,0.1141909102509413,0.30000000000000004,0.5
tc30_buf3,0,2024,52,-0.05728747794296363,-0.05728747794296363,0.30000000000000004,0.5576923076923077
tc30_buf3,0,2025,51,0.3490409438002713,0.3490409438002713,0.30000000000000004,0.6274509803921569
tc30_buf3,5,2020,46,0.41957691931578567,0.41002632830791597,0.2934782608695653,0.5
tc30_buf3,5,2021,52,0.6073059777029657,0.594816825385766,0.30000000000000004,0.6538461538461539
tc30_buf3,5,2022,50,0.21450045649167238,0.2054250975390146,0.30000000000000004,0.6
tc30_buf3,5,2023,50,0.1141909102509413,0.10586511473701843,0.30000000000000004,0.5
tc30_buf3,5,2024,52,-0.05728747794296363,-0.06461257997246472,0.30000000000000004,0.5576923076923077
tc30_buf3,5,2025,51,0.3490409438002713,0.3387593865462062,0.30000000000000004,0.6274509803921569
tc30_buf3,10,2020,46,0.41957691931578567,0.40053857303505414,0.2934782608695653,0.5
tc30_buf3,10,2021,52,0.6073059777029657,0.5824228647811942,0.30000000000000004,0.6538461538461539
tc30_buf3,10,2022,50,0.21450045649167238,0.19641620786531222,0.30000000000000004,0.58
tc30_buf3,10,2023,50,0.1141909102509413,0.0976002985879243,0.30000000000000004,0.5
tc30_buf3,10,2024,52,-0.05728747794296363,-0.07188185042992246,0.30000000000000004,0.5576923076923077
tc30_buf3,10,2025,51,0.3490409438002713,0.328554663999467,0.30000000000000004,0.6274509803921569
tc30_buf3,20,2020,46,0.41957691931578567,0.3817499559256119,0.2934782608695653,0.5
tc30_buf3,20,2021,52,0.6073059777029657,0.5579176782148949,0.30000000000000004,0.6538461538461539
tc30_buf3,20,2022,50,0.21450045649167238,0.1785959318389514,0.30000000000000004,0.58
tc30_buf3,20,2023,50,0.1141909102509413,0.08125185716856964,0.30000000000000004,0.5
tc30_buf3,20,2024,52,-0.05728747794296363,-0.08625456262776265,0.30000000000000004,0.5576923076923077
tc30_buf3,20,2025,51,0.3490409438002713,0.3083734759033636,0.30000000000000004,0.6274509803921569
tc30_buf3,50,2020,46,0.41957691931578567,0.32685065726545126,0.2934782608695653,0.5
tc30_buf3,50,2021,52,0.6073059777029657,0.48661379542520766,0.30000000000000004,0.6538461538461539
tc30_buf3,50,2022,50,0.21450045649167238,0.12668144658857128,0.30000000000000004,0.56
tc30_buf3,50,2023,50,0.1141909102509413,0.03362515825120527,0.30000000000000004,0.5
tc30_buf3,50,2024,52,-0.05728747794296363,-0.1280755127826243,0.30000000000000004,0.5576923076923077
tc30_buf3,50,2025,51,0.3490409438002713,0.2496162392141561,0.30000000000000004,0.6274509803921569
tc30_buf3,100,2020,46,0.41957691931578567,0.2400553021887062,0.2934782608695653,0.5
tc30_buf3,100,2021,52,0.6073059777029657,0.3748230097155236,0.30000000000000004,0.6346153846153846
tc30_buf3,100,2022,50,0.21450045649167238,0.04509458607700667,0.30000000000000004,0.54
tc30_buf3,100,2023,50,0.1141909102509413,-0.04122317786263052,0.30000000000000004,0.48
tc30_buf3,100,2024,52,-0.05728747794296363,-0.1936427258715232,0.30000000000000004,0.5
tc30_buf3,100,2025,51,0.3490409438002713,0.15738594669785821,0.30000000000000004,0.5882352941176471
tc30_buf4,0,2020,46,0.43536869391013133,0.43536869391013133,0.2934782608695653,0.5
tc30_buf4,0,2021,52,0.5857419165339088,0.5857419165339088,0.30000000000000004,0.6730769230769231
tc30_buf4,0,2022,50,0.19937467060374447,0.19937467060374447,0.30000000000000004,0.6
tc30_buf4,0,2023,50,0.11813840891690552,0.11813840891690552,0.30000000000000004,0.5
tc30_buf4,0,2024,52,-0.04252140392245096,-0.04252140392245096,0.30000000000000004,0.5576923076923077
tc30_buf4,0,2025,51,0.3511690308655664,0.3511690308655664,0.30000000000000004,0.6274509803921569
tc30_buf4,5,2020,46,0.43536869391013133,0.42571185943043055,0.2934782608695653,0.5
tc30_buf4,5,2021,52,0.5857419165339088,0.5734203221355203,0.30000000000000004,0.6730769230769231
tc30_buf4,5,2022,50,0.19937467060374447,0.19041233913958377,0.30000000000000004,0.6
tc30_buf4,5,2023,50,0.11813840891690552,0.10978311570525245,0.30000000000000004,0.5
tc30_buf4,5,2024,52,-0.04252140392245096,-0.049961241882838126,0.30000000000000004,0.5576923076923077
tc30_buf4,5,2025,51,0.3511690308655664,0.34087125464564605,0.30000000000000004,0.6274509803921569
tc30_buf4,10,2020,46,0.43536869391013133,0.41611855968820155,0.2934782608695653,0.5
tc30_buf4,10,2021,52,0.5857419165339088,0.5611926423314386,0.30000000000000004,0.6730769230769231
tc30_buf4,10,2022,50,0.19937467060374447,0.181515649124238,0.30000000000000004,0.58
tc30_buf4,10,2023,50,0.11813840891690552,0.10148901790395537,0.30000000000000004,0.5
tc30_buf4,10,2024,52,-0.04252140392245096,-0.057344373759486644,0.30000000000000004,0.5576923076923077
tc30_buf4,10,2025,51,0.3511690308655664,0.3306504343383787,0.30000000000000004,0.6274509803921569
tc30_buf4,20,2020,46,0.43536869391013133,0.39712093269539506,0.2934782608695653,0.5
tc30_buf4,20,2021,52,0.5857419165339088,0.5370162241200185,0.30000000000000004,0.6730769230769231
tc30_buf4,20,2022,50,0.19937467060374447,0.1639173126436364,0.30000000000000004,0.58
tc30_buf4,20,2023,50,0.11813840891690552,0.08508265512651003,0.30000000000000004,0.5
tc30_buf4,20,2024,52,-0.04252140392245096,-0.07194221135581591,0.30000000000000004,0.5576923076923077
tc30_buf4,20,2025,51,0.3511690308655664,0.3104374107923975,0.30000000000000004,0.6274509803921569
tc30_buf4,50,2020,46,0.43536869391013133,0.34161091873123683,0.2934782608695653,0.5
tc30_buf4,50,2021,52,0.5857419165339088,0.4666689739263632,0.30000000000000004,0.6538461538461539
tc30_buf4,50,2022,50,0.19937467060374447,0.11264938737121377,0.30000000000000004,0.54
tc30_buf4,50,2023,50,0.11813840891690552,0.03728721822294356,0.30000000000000004,0.5
tc30_buf4,50,2024,52,-0.04252140392245096,-0.11441821936887442,0.30000000000000004,0.5576923076923077
tc30_buf4,50,2025,51,0.3511690308655664,0.2515874856522087,0.30000000000000004,0.6274509803921569
tc30_buf4,100,2020,46,0.43536869391013133,0.2538500276102251,0.2934782608695653,0.5
tc30_buf4,100,2021,52,0.5857419165339088,0.35637800429067057,0.30000000000000004,0.6153846153846154
tc30_buf4,100,2022,50,0.19937467060374447,0.03207863630347174,0.30000000000000004,0.54
tc30_buf4,100,2023,50,0.11813840891690552,-0.03782630018976152,0.30000000000000004,0.5
tc30_buf4,100,2024,52,-0.04252140392245096,-0.18101243729661598,0.30000000000000004,0.5
tc30_buf4,100,2025,51,0.3511690308655664,0.1592117015602581,0.30000000000000004,0.5882352941176471
tc40_buf1,0,2020,46,0.45266391170017006,0.45266391170017006,0.3913043478260868,0.5217391304347826
tc40_buf1,0,2021,52,0.9037449533763786,0.9037449533763786,0.39884615384615374,0.6730769230769231
tc40_buf1,0,2022,50,0.2316307103910349,0.2316307103910349,0.3999999999999999,0.58
tc40_buf1,0,2023,50,0.08777943423687562,0.08777943423687562,0.3999999999999999,0.5
tc40_buf1,0,2024,52,0.045381968168871634,0.045381968168871634,0.39999999999999986,0.5576923076923077
tc40_buf1,0,2025,51,0.34976988308896106,0.34976988308896106,0.3999999999999999,0.5882352941176471
tc40_buf1,5,2020,46,0.45266391170017006,0.4396472974251038,0.3913043478260868,0.5217391304347826
tc40_buf1,5,2021,52,0.9037449533763786,0.8841031774404156,0.39884615384615374,0.6730769230769231
tc40_buf1,5,2022,50,0.2316307103910349,0.21937456052523685,0.3999999999999999,0.58
tc40_buf1,5,2023,50,0.08777943423687562,0.07695477092305958,0.3999999999999999,0.5
tc40_buf1,5,2024,52,0.045381968168871634,0.03456525838792546,0.39999999999999986,0.5576923076923077
tc40_buf1,5,2025,51,0.34976988308896106,0.33607084421250977,0.3999999999999999,0.5882352941176471
tc40_buf1,10,2020,46,0.45266391170017006,0.42674474952465524,0.3913043478260868,0.5217391304347826
tc40_buf1,10,2021,52,0.9037449533763786,0.8646601950258188,0.39884615384615374,0.6730769230769231
tc40_buf1,10,2022,50,0.2316307103910349,0.20723795807954848,0.3999999999999999,0.58
tc40_buf1,10,2023,50,0.08777943423687562,0.06623569220039816,0.3999999999999999,0.5
tc40_buf1,10,2024,52,0.045381968168871634,0.02385834009842025,0.39999999999999986,0.5576923076923077
tc40_buf1,10,2025,51,0.34976988308896106,0.32250814015950313,0.3999999999999999,0.5882352941176471
tc40_buf1,20,2020,46,0.45266391170017006,0.4012779527985564,0.3913043478260868,0.5217391304347826
tc40_buf1,20,2021,52,0.9037449533763786,0.8263627383325869,0.39884615384615374,0.6538461538461539
tc40_buf1,20,2022,50,0.2316307103910349,0.18331883612265654,0.3999999999999999,0.58
tc40_buf1,20,2023,50,0.08777943423687562,0.045110261720143985,0.3999999999999999,0.5
tc40_buf1,20,2024,52,0.045381968168871634,0.0027695175770581226,0.39999999999999986,0.5384615384615384
tc40_buf1,20,2025,51,0.34976988308896106,0.2957864294256469,0.3999999999999999,0.5882352941176471
tc40_buf1,50,2020,46,0.45266391170017006,0.3275152093199092,0.3913043478260868,0.5
tc40_buf1,50,2021,52,0.9037449533763786,0.7160401384441861,0.39884615384615374,0.6346153846153846
tc40_buf1,50,2022,50,0.2316307103910349,0.11431396618233802,0.3999999999999999,0.58
tc40_buf1,50,2023,50,0.08777943423687562,-0.01583501818395716,0.3999999999999999,0.46
tc40_buf1,50,2024,52,0.045381968168871634,-0.05797343151357759,0.39999999999999986,0.5
tc40_buf1,50,2025,51,0.34976988308896106,0.2187576067488899,0.3999999999999999,0.5882352941176471
tc40_buf1,100,2020,46,0.45266391170017006,0.212928991253873,0.3913043478260868,0.4782608695652174
tc40_buf1,100,2021,52,0.9037449533763786,0.5465213059459035,0.39884615384615374,0.5961538461538461
tc40_buf1,100,2022,50,0.2316307103910349,0.007969591711968205,0.3999999999999999,0.52
tc40_buf1,100,2023,50,0.08777943423687562,-0.10975864522548007,0.3999999999999999,0.44
tc40_buf1,100,2024,52,0.045381968168871634,-0.15128749198449265,0.39999999999999986,0.4807692307692308
tc40_buf1,100,2025,51,0.34976988308896106,0.10023636024812266,0.3999999999999999,0.5490196078431373
tc40_buf2,0,2020,46,0.4835188296626016,0.4835188296626016,0.3913043478260868,0.5217391304347826
tc40_buf2,0,2021,52,0.9516384871671535,0.9516384871671535,0.39884615384615374,0.7307692307692307
tc40_buf2,0,2022,50,0.27431440186547085,0.27431440186547085,0.3999999999999999,0.58
tc40_buf2,0,2023,50,0.07598951249999786,0.07598951249999786,0.3999999999999999,0.48
tc40_buf2,0,2024,52,0.05460452537727534,0.05460452537727534,0.39999999999999986,0.5961538461538461
tc40_buf2,0,2025,51,0.34965242201904534,0.34965242201904534,0.3999999999999999,0.6078431372549019
tc40_buf2,5,2020,46,0.4835188296626016,0.4702257394853171,0.3913043478260868,0.5217391304347826
tc40_buf2,5,2021,52,0.9516384871671535,0.9315025725295569,0.39884615384615374,0.7307692307692307
tc40_buf2,5,2022,50,0.27431440186547085,0.2616334999087062,0.3999999999999999,0.58
tc40_buf2,5,2023,50,0.07598951249999786,0.0652821725417092,0.3999999999999999,0.48
tc40_buf2,5,2024,52,0.05460452537727534,0.043692388539236404,0.39999999999999986,0.5961538461538461
tc40_buf2,5,2025,51,0.34965242201904534,0.3359545752745132,0.3999999999999999,0.6078431372549019
tc40_buf2,10,2020,46,0.4835188296626016,0.45704913847886997,0.3913043478260868,0.5217391304347826
tc40_buf2,10,2021,52,0.9516384871671535,0.9115704525686665,0.39884615384615374,0.7307692307692307
tc40_buf2,10,2022,50,0.27431440186547085,0.24907628843632867,0.3999999999999999,0.58
tc40_buf2,10,2023,50,0.07598951249999786,0.054679272793621614,0.3999999999999999,0.48
tc40_buf2,10,2024,52,0.05460452537727534,0.03289101179391474,0.39999999999999986,0.5769230769230769
tc40_buf2,10,2025,51,0.34965242201904534,0.32239305148915975,0.3999999999999999,0.6078431372549019
tc40_buf2,20,2020,46,0.4835188296626016,0.43104142109147947,0.3913043478260868,0.5217391304347826
tc40_buf2,20,2021,52,0.9516384871671535,0.8723095261979554,0.39884615384615374,0.7307692307692307
tc40_buf2,20,2022,50,0.27431440186547085,0.22432821960978244,0.3999999999999999,0.58
tc40_buf2,20,2023,50,0.07598951249999786,0.03378281076430589,0.3999999999999999,0.48
tc40_buf2,20,2024,52,0.05460452537727534,0.011616139696338346,0.39999999999999986,0.5769230769230769
tc40_buf2,20,2025,51,0.34965242201904534,0.295673666159634,0.3999999999999999,0.6078431372549019
tc40_buf2,50,2020,46,0.4835188296626016,0.35571193985581506,0.3913043478260868,0.5
tc40_buf2,50,2021,52,0.9516384871671535,0.7592114814390221,0.39884615384615374,0.7115384615384616
tc40_buf2,50,2022,50,0.27431440186547085,0.15293190022450065,0.3999999999999999,0.58
tc40_buf2,50,2023,50,0.07598951249999786,-0.02650191235991317,0.3999999999999999,0.42
tc40_buf2,50,2024,52,0.05460452537727534,-0.049662695166250104,0.39999999999999986,0.5192307692307693
tc40_buf2,50,2025,51,0.34965242201904534,0.2186515467647041,0.3999999999999999,0.5882352941176471
tc40_buf2,100,2020,46,0.4835188296626016,0.23869188397665897,0.3913043478260868,0.4782608695652174
tc40_buf2,100,2021,52,0.9516384871671535,0.5854279726677836,0.39884615384615374,0.5961538461538461
tc40_buf2,100,2022,50,0.27431440186547085,0.04290202941854937,0.3999999999999999,0.54
tc40_buf2,100,2023,50,0.07598951249999786,-0.11940754606821957,0.3999999999999999,0.42
tc40_buf2,100,2024,52,0.05460452537727534,-0.14379998990678644,0.39999999999999986,0.5
tc40_buf2,100,2025,51,0.34965242201904534,0.10014061434235466,0.3999999999999999,0.5686274509803921
tc40_buf3,0,2020,46,0.48632847440824145,0.48632847440824145,0.3913043478260868,0.5217391304347826
tc40_buf3,0,2021,52,0.973949790281337,0.973949790281337,0.39884615384615374,0.75
tc40_buf3,0,2022,50,0.27973856594983504,0.27973856594983504,0.3999999999999999,0.6
tc40_buf3,0,2023,50,0.0957737577211708,0.0957737577211708,0.3999999999999999,0.54
tc40_buf3,0,2024,52,0.08028528966660353,0.08028528966660353,0.39999999999999986,0.5961538461538461
tc40_buf3,0,2025,51,0.35712404403777653,0.35712404403777653,0.3999999999999999,0.6078431372549019
tc40_buf3,5,2020,46,0.48632847440824145,0.4730102083718952,0.3913043478260868,0.5217391304347826
tc40_buf3,5,2021,52,0.973949790281337,0.9535836800937372,0.39884615384615374,0.75
tc40_buf3,5,2022,50,0.27973856594983504,0.2670036872877535,0.3999999999999999,0.6
tc40_buf3,5,2023,50,0.0957737577211708,0.08486954164379257,0.3999999999999999,0.54
tc40_buf3,5,2024,52,0.08028528966660353,0.06910743045843604,0.39999999999999986,0.5961538461538461
tc40_buf3,5,2025,51,0.35712404403777653,0.34335036655958695,0.3999999999999999,0.6078431372549019
tc40_buf3,10,2020,46,0.48632847440824145,0.45980865212589017,0.3913043478260868,0.5217391304347826
tc40_buf3,10,2021,52,0.973949790281337,0.9334236943815413,0.39884615384615374,0.75
tc40_buf3,10,2022,50,0.27973856594983504,0.2543930256029572,0.3999999999999999,0.6
tc40_buf3,10,2023,50,0.0957737577211708,0.07407168612128956,0.3999999999999999,0.54
tc40_buf3,10,2024,52,0.08028528966660353,0.058043028471404634,0.39999999999999986,0.5769230769230769
tc40_buf3,10,2025,51,0.35712404403777653,0.32971376671904173,0.3999999999999999,0.6078431372549019
tc40_buf3,20,2020,46,0.48632847440824145,0.43375167857468044,0.3913043478260868,0.5217391304347826
tc40_buf3,20,2021,52,0.973949790281337,0.8937139336418822,0.39884615384615374,0.75
tc40_buf3,20,2022,50,0.27973856594983504,0.22953961575076587,0.3999999999999999,0.58
tc40_buf3,20,2023,50,0.0957737577211708,0.052791000338638705,0.3999999999999999,0.54
tc40_buf3,20,2024,52,0.08028528966660353,0.0362500901580316,0.39999999999999986,0.5769230769230769
tc40_buf3,20,2025,51,0.35712404403777653,0.30284646393721704,0.3999999999999999,0.6078431372549019
tc40_buf3,50,2020,46,0.48632847440824145,0.35827953040623806,0.3913043478260868,0.5
tc40_buf3,50,2021,52,0.973949790281337,0.779322942071935,0.39884615384615374,0.6923076923076923
tc40_buf3,50,2022,50,0.27973856594983504,0.1578393954201609,0.3999999999999999,0.58
tc40_buf3,50,2023,50,0.0957737577211708,-0.008602179449446412,0.3999999999999999,0.46
tc40_buf3,50,2024,52,0.08028528966660353,-0.026520950812308652,0.39999999999999986,0.5192307692307693
tc40_buf3,50,2025,51,0.35712404403777653,0.22539795315898625,0.3999999999999999,0.6078431372549019
tc40_buf3,100,2020,46,0.48632847440824145,0.24103784957796504,0.3913043478260868,0.4782608695652174
tc40_buf3,100,2021,52,0.973949790281337,0.6035527249190282,0.39884615384615374,0.5961538461538461
tc40_buf3,100,2022,50,0.27973856594983504,0.04734117859806286,0.3999999999999999,0.54
tc40_buf3,100,2023,50,0.0957737577211708,-0.10321607129443533,0.3999999999999999,0.44
tc40_buf3,100,2024,52,0.08028528966660353,-0.12295059080539505,0.39999999999999986,0.5
tc40_buf3,100,2025,51,0.35712404403777653,0.10623094893792695,0.3999999999999999,0.5686274509803921
tc40_buf4,0,2020,46,0.4906720555271109,0.4906720555271109,0.3913043478260868,0.5217391304347826
tc40_buf4,0,2021,52,0.9706802871565676,0.9706802871565676,0.39884615384615374,0.7307692307692307
tc40_buf4,0,2022,50,0.2725230998746291,0.2725230998746291,0.3999999999999999,0.6
tc40_buf4,0,2023,50,0.09260038240361834,0.09260038240361834,0.3999999999999999,0.52
tc40_buf4,0,2024,52,0.08347285817880179,0.08347285817880179,0.39999999999999986,0.5961538461538461
tc40_buf4,0,2025,51,0.3529887778552756,0.3529887778552756,0.3999999999999999,0.6078431372549019
tc40_buf4,5,2020,46,0.4906720555271109,0.4773148687744577,0.3913043478260868,0.5217391304347826
tc40_buf4,5,2021,52,0.9706802871565676,0.950347909874043,0.39884615384615374,0.7307692307692307
tc40_buf4,5,2022,50,0.2725230998746291,0.25986002344419323,0.3999999999999999,0.6
tc40_buf4,5,2023,50,0.09260038240361834,0.08172774508044234,0.3999999999999999,0.52
tc40_buf4,5,2024,52,0.08347285817880179,0.07226201676455779,0.39999999999999986,0.5961538461538461
tc40_buf4,5,2025,51,0.3529887778552756,0.3392570698808577,0.3999999999999999,0.6078431372549019
tc40_buf4,10,2020,46,0.4906720555271109,0.464074732879715,0.3913043478260868,0.5217391304347826
tc40_buf4,10,2021,52,0.9706802871565676,0.9302213156577213,0.39884615384615374,0.7307692307692307
tc40_buf4,10,2022,50,0.2725230998746291,0.24732046362660132,0.3999999999999999,0.6
tc40_buf4,10,2023,50,0.09260038240361834,0.07096116029056687,0.3999999999999999,0.52
tc40_buf4,10,2024,52,0.08347285817880179,0.06116496734659416,0.39999999999999986,0.5769230769230769
tc40_buf4,10,2025,51,0.3529887778552756,0.32566202185748905,0.3999999999999999,0.6078431372549019
tc40_buf4,20,2020,46,0.4906720555271109,0.43794161157228495,0.3913043478260868,0.5217391304347826
tc40_buf4,20,2021,52,0.9706802871565676,0.8905773272023736,0.39884615384615374,0.7307692307692307
tc40_buf4,20,2022,50,0.2725230998746291,0.2226071831261489,0.3999999999999999,0.6
tc40_buf4,20,2023,50,0.09260038240361834,0.04974210365583853,0.3999999999999999,0.52
tc40_buf4,20,2024,52,0.08347285817880179,0.039307725201058075,0.39999999999999986,0.5576923076923077
tc40_buf4,20,2025,51,0.3529887778552756,0.2988765859095013,0.3999999999999999,0.6078431372549019
tc40_buf4,50,2020,46,0.4906720555271109,0.3622489069094821,0.3913043478260868,0.5
tc40_buf4,50,2021,52,0.9706802871565676,0.7763758043343287,0.39884615384615374,0.6730769230769231
tc40_buf4,50,2022,50,0.2725230998746291,0.15131122544820252,0.3999999999999999,0.6
tc40_buf4,50,2023,50,0.09260038240361834,-0.011473280670333708,0.3999999999999999,0.46
tc40_buf4,50,2024,52,0.08347285817880179,-0.023648532577831838,0.39999999999999986,0.5576923076923077
tc40_buf4,50,2025,51,0.3529887778552756,0.22166406697660945,0.3999999999999999,0.6078431372549019
tc40_buf4,100,2020,46,0.4906720555271109,0.24466460413730062,0.3913043478260868,0.4782608695652174
tc40_buf4,100,2021,52,0.9706802871565676,0.6008967198520965,0.39884615384615374,0.5961538461538461
tc40_buf4,100,2022,50,0.2725230998746291,0.041436023479343165,0.3999999999999999,0.58
tc40_buf4,100,2023,50,0.09260038240361834,-0.10581316943123575,0.3999999999999999,0.44
tc40_buf4,100,2024,52,0.08347285817880179,-0.12036270489494916,0.39999999999999986,0.5192307692307693
tc40_buf4,100,2025,51,0.3529887778552756,0.10286017420788274,0.3999999999999999,0.5686274509803921
tc50_buf1,0,2020,46,0.47907950500061514,0.47907950500061514,0.4804347826086957,0.5434782608695652
tc50_buf1,0,2021,52,1.0344181609454632,1.0344181609454632,0.4919230769230769,0.6730769230769231
tc50_buf1,0,2022,50,0.3061682349951149,0.3061682349951149,0.49439999999999995,0.6
tc50_buf1,0,2023,50,0.16960142696486136,0.16960142696486136,0.498,0.5
tc50_buf1,0,2024,52,0.1527980029236684,0.1527980029236684,0.49769230769230777,0.5576923076923077
tc50_buf1,0,2025,51,0.46154393864384136,0.46154393864384136,0.49333333333333335,0.6078431372549019
tc50_buf1,5,2020,46,0.47907950500061514,0.4628236525453131,0.4804347826086957,0.5434782608695652
tc50_buf1,5,2021,52,1.0344181609454632,1.0085604752147557,0.4919230769230769,0.6730769230769231
tc50_buf1,5,2022,50,0.3061682349951149,0.29012138274720534,0.49439999999999995,0.6
tc50_buf1,5,2023,50,0.16960142696486136,0.1551283683773157,0.498,0.5
tc50_buf1,5,2024,52,0.1527980029236684,0.13797506266449266,0.49769230769230777,0.5576923076923077
tc50_buf1,5,2025,51,0.46154393864384136,0.44327063512227727,0.49333333333333335,0.6078431372549019
tc50_buf1,10,2020,46,0.47907950500061514,0.4467425190686709,0.4804347826086957,0.5434782608695652
tc50_buf1,10,2021,52,1.0344181609454632,0.9830251830625178,0.4919230769230769,0.6730769230769231
tc50_buf1,10,2022,50,0.3061682349951149,0.2742677714394046,0.49439999999999995,0.6
tc50_buf1,10,2023,50,0.16960142696486136,0.14083086489694874,0.498,0.5
tc50_buf1,10,2024,52,0.1527980029236684,0.12333909817623079,0.49769230769230777,0.5384615384615384
tc50_buf1,10,2025,51,0.46154393864384136,0.4252213593218688,0.49333333333333335,0.6078431372549019
tc50_buf1,20,2020,46,0.47907950500061514,0.4150970858313625,0.4804347826086957,0.5434782608695652
tc50_buf1,20,2021,52,1.0344181609454632,0.93290606066691,0.4919230769230769,0.6538461538461539
tc50_buf1,20,2022,50,0.3061682349951149,0.24313117775775428,0.49439999999999995,0.58
tc50_buf1,20,2023,50,0.16960142696486136,0.1127542015828169,0.498,0.5
tc50_buf1,20,2024,52,0.1527980029236684,0.09461887333284635,0.49769230769230777,0.5384615384615384
tc50_buf1,20,2025,51,0.46154393864384136,0.3897841541625775,0.49333333333333335,0.6078431372549019
tc50_buf1,50,2020,46,0.47907950500061514,0.3241669814901669,0.4804347826086957,0.5217391304347826
tc50_buf1,50,2021,52,1.0344181609454632,0.7898858134029434,0.4919230769230769,0.6538461538461539
tc50_buf1,50,2022,50,0.3061682349951149,0.15412740638573386,0.49439999999999995,0.56
tc50_buf1,50,2023,50,0.16960142696486136,0.03252547329249067,0.498,0.46
tc50_buf1,50,2024,52,0.1527980029236684,0.012710779198805477,0.49769230769230777,0.5192307692307693
tc50_buf1,50,2025,51,0.46154393864384136,0.28857566328809336,0.49333333333333335,0.6078431372549019
tc50_buf1,100,2020,46,0.47907950500061514,0.18515498770510552,0.4804347826086957,0.5
tc50_buf1,100,2021,52,1.0344181609454632,0.5742463870985728,0.4919230769230769,0.5961538461538461
tc50_buf1,100,2022,50,0.3061682349951149,0.019470860475504725,0.49439999999999995,0.54
tc50_buf1,100,2023,50,0.16960142696486136,-0.08876937522219897,0.498,0.44
tc50_buf1,100,2024,52,0.1527980029236684,-0.11064115504121896,0.49769230769230777,0.5
tc50_buf1,100,2025,51,0.46154393864384136,0.13572219397889973,0.49333333333333335,0.5490196078431373
tc50_buf2,0,2020,46,0.5487554230978968,0.5487554230978968,0.4804347826086956,0.5434782608695652
tc50_buf2,0,2021,52,1.0709970825942632,1.0709970825942632,0.49269230769230765,0.7115384615384616
tc50_buf2,0,2022,50,0.3174503096632115,0.3174503096632115,0.4952,0.58
tc50_buf2,0,2023,50,0.14503542384748802,0.14503542384748802,0.498,0.48
tc50_buf2,0,2024,52,0.16378541046793837,0.16378541046793837,0.49769230769230777,0.5576923076923077
tc50_buf2,0,2025,51,0.42664882811435434,0.42664882811435434,0.49333333333333335,0.5882352941176471
tc50_buf2,5,2020,46,0.5487554230978968,0.5317337971639746,0.4804347826086956,0.5434782608695652
tc50_buf2,5,2021,52,1.0709970825942632,1.0446335741751498,0.49269230769230765,0.7115384615384616
tc50_buf2,5,2022,50,0.3174503096632115,0.30123882165412286,0.4952,0.58
tc50_buf2,5,2023,50,0.14503542384748802,0.13086635360518795,0.498,0.48
tc50_buf2,5,2024,52,0.16378541046793837,0.14882119161076135,0.49769230769230777,0.5576923076923077
tc50_buf2,5,2025,51,0.42664882811435434,0.4088118090788502,0.49333333333333335,0.5882352941176471
tc50_buf2,10,2020,46,0.5487554230978968,0.5148951229043333,0.4804347826086956,0.5434782608695652
tc50_buf2,10,2021,52,1.0709970825942632,1.0185992822036938,0.49269230769230765,0.7115384615384616
tc50_buf2,10,2022,50,0.3174503096632115,0.28522287317213046,0.4952,0.58
tc50_buf2,10,2023,50,0.14503542384748802,0.11686915115641239,0.498,0.48
tc50_buf2,10,2024,52,0.16378541046793837,0.1340457306051317,0.49769230769230777,0.5576923076923077
tc50_buf2,10,2025,51,0.42664882811435434,0.3911934689878507,0.49333333333333335,0.5882352941176471
tc50_buf2,20,2020,46,0.5487554230978968,0.48175896094206005,0.4804347826086956,0.5434782608695652
tc50_buf2,20,2021,52,1.0709970825942632,0.9675022707087049,0.49269230769230765,0.7115384615384616
tc50_buf2,20,2022,50,0.3174503096632115,0.25376837778471595,0.4952,0.58
tc50_buf2,20,2023,50,0.14503542384748802,0.08938220275079334,0.498,0.48
tc50_buf2,20,2024,52,0.16378541046793837,0.1050517710620722,0.49769230769230777,0.5576923076923077
tc50_buf2,20,2025,51,0.42664882811435434,0.3566023452621683,0.49333333333333335,0.5882352941176471
tc50_buf2,50,2020,46,0.5487554230978968,0.38654543648177153,0.4804347826086956,0.5434782608695652
tc50_buf2,50,2021,52,1.0709970825942632,0.8217029992879297,0.49269230769230765,0.6923076923076923
tc50_buf2,50,2022,50,0.3174503096632115,0.163862937163328,0.4952,0.56
tc50_buf2,50,2023,50,0.14503542384748802,0.010838577730560406,0.498,0.44
tc50_buf2,50,2024,52,0.16378541046793837,0.022363004503942463,0.49769230769230777,0.5384615384615384
tc50_buf2,50,2025,51,0.42664882811435434,0.2578102589734159,0.49333333333333335,0.5686274509803921
tc50_buf2,100,2020,46,0.5487554230978968,0.2409851712851483,0.4804347826086956,0.5
tc50_buf2,100,2021,52,1.0709970825942632,0.6019081939875845,0.49269230769230765,0.6153846153846154
tc50_buf2,100,2022,50,0.3174503096632115,0.02786361387579639,0.4952,0.54
tc50_buf2,100,2023,50,0.14503542384748802,-0.10790862544270252,0.498,0.42
tc50_buf2,100,2024,52,0.16378541046793837,-0.10216460662781057,0.49769230769230777,0.5
tc50_buf2,100,2025,51,0.42664882811435434,0.10860624457647794,0.49333333333333335,0.5686274509803921
tc50_buf3,0,2020,46,0.5670569939753696,0.5670569939753696,0.4804347826086956,0.5869565217391305
tc50_buf3,0,2021,52,1.0633986686681411,1.0633986686681411,0.49269230769230765,0.7115384615384616
tc50_buf3,0,2022,50,0.3315477778274716,0.3315477778274716,0.4952,0.6
tc50_buf3,0,2023,50,0.1337067988369529,0.1337067988369529,0.498,0.46
tc50_buf3,0,2024,52,0.16354533130343674,0.16354533130343674,0.49769230769230777,0.5576923076923077
tc50_buf3,0,2025,51,0.43376616921776057,0.43376616921776057,0.4937254901960784,0.5882352941176471
tc50_buf3,5,2020,46,0.5670569939753696,0.5498342242786338,0.4804347826086956,0.5869565217391305
tc50_buf3,5,2021,52,1.0633986686681411,1.037131887014696,0.49269230769230765,0.6923076923076923
tc50_buf3,5,2022,50,0.3315477778274716,0.3151628176696224,0.4952,0.6
tc50_buf3,5,2023,50,0.1337067988369529,0.11967791297688213,0.498,0.46
tc50_buf3,5,2024,52,0.16354533130343674,0.1485841994390391,0.49769230769230777,0.5576923076923077
tc50_buf3,5,2025,51,0.43376616921776057,0.41582600211814236,0.4937254901960784,0.5882352941176471
tc50_buf3,10,2020,46,0.5670569939753696,0.5327965681876148,0.4804347826086956,0.5869565217391305
tc50_buf3,10,2021,52,1.0633986686681411,1.0111931139255876,0.49269230769230765,0.6923076923076923
tc50_buf3,10,2022,50,0.3315477778274716,0.2989754894231025,0.4952,0.6
tc50_buf3,10,2023,50,0.1337067988369529,0.10581919450374433,0.498,0.46
tc50_buf3,10,2024,52,0.16354533130343674,0.1338117864870314,0.49769230769230777,0.5576923076923077
tc50_buf3,10,2025,51,0.43376616921776057,0.39810595241395097,0.4937254901960784,0.5882352941176471
tc50_buf3,20,2020,46,0.5670569939753696,0.49926883773898445,0.4804347826086956,0.5869565217391305
tc50_buf3,20,2021,52,1.0633986686681411,0.9602835755308696,0.49269230769230765,0.6923076923076923
tc50_buf3,20,2022,50,0.3315477778274716,0.26718441303214324,0.4952,0.6
tc50_buf3,20,2023,50,0.1337067988369529,0.07860419343240577,0.498,0.46
tc50_buf3,20,2024,52,0.16354533130343674,0.10482380815452697,0.49769230769230777,0.5576923076923077
tc50_buf3,20,2025,51,0.43376616921776057,0.3633156475553114,0.4937254901960784,0.5882352941176471
tc50_buf3,50,2020,46,0.5670569939753696,0.4029301794838982,0.4804347826086956,0.5869565217391305
tc50_buf3,50,2021,52,1.0633986686681411,0.8150192364012581,0.49269230769230765,0.6923076923076923
tc50_buf3,50,2022,50,0.3315477778274716,0.1763169330247849,0.4952,0.6
tc50_buf3,50,2023,50,0.1337067988369529,0.0008376546544748287,0.498,0.44
tc50_buf3,50,2024,52,0.16354533130343674,0.022152099595072583,0.49769230769230777,0.5384615384615384
tc50_buf3,50,2025,51,0.43376616921776057,0.26395857665700273,0.4937254901960784,0.5686274509803921
tc50_buf3,100,2020,46,0.5670569939753696,0.255649835396373,0.4804347826086956,0.5434782608695652
tc50_buf3,100,2021,52,1.0633986686681411,0.5960308503486837,0.49269230769230765,0.6153846153846154
tc50_buf3,100,2022,50,0.3315477778274716,0.038862339571581916,0.4952,0.56
tc50_buf3,100,2023,50,0.1337067988369529,-0.11673470055532387,0.498,0.42
tc50_buf3,100,2024,52,0.16354533130343674,-0.10234982253545355,0.49769230769230777,0.5192307692307693
tc50_buf3,100,2025,51,0.43376616921776057,0.11391301590984715,0.4937254901960784,0.5686274509803921
tc50_buf4,0,2020,46,0.5670942433185577,0.5670942433185577,0.4804347826086956,0.5869565217391305
tc50_buf4,0,2021,52,1.061668199401915,1.061668199401915,0.49269230769230765,0.7115384615384616
tc50_buf4,0,2022,50,0.314077524299613,0.314077524299613,0.4952,0.6
tc50_buf4,0,2023,50,0.13300163814872534,0.13300163814872534,0.498,0.46
tc50_buf4,0,2024,52,0.17686481335655535,0.17686481335655535,0.4969230769230769,0.5576923076923077
tc50_buf4,0,2025,51,0.436450419898198,0.436450419898198,0.4937254901960784,0.5882352941176471
tc50_buf4,5,2020,46,0.5670942433185577,0.5498710642322082,0.4804347826086956,0.5869565217391305
tc50_buf4,5,2021,52,1.061668199401915,1.0354234463845606,0.49269230769230765,0.6923076923076923
tc50_buf4,5,2022,50,0.314077524299613,0.2979075390850343,0.4952,0.6
tc50_buf4,5,2023,50,0.13300163814872534,0.11898147819452287,0.498,0.46
tc50_buf4,5,2024,52,0.17686481335655535,0.16175565677297987,0.4969230769230769,0.5576923076923077
tc50_buf4,5,2025,51,0.436450419898198,0.41847666579758935,0.4937254901960784,0.5882352941176471
tc50_buf4,10,2020,46,0.5670942433185577,0.5328330031517721,0.4804347826086956,0.5869565217391305
tc50_buf4,10,2021,52,1.061668199401915,1.0095064268471572,0.49269230769230765,0.6923076923076923
tc50_buf4,10,2022,50,0.314077524299613,0.28193259279965344,0.4952,0.6
tc50_buf4,10,2023,50,0.13300163814872534,0.10513137978387888,0.498,0.46
tc50_buf4,10,2024,52,0.17686481335655535,0.14683679264154348,0.4969230769230769,0.5576923076923077
tc50_buf4,10,2025,51,0.436450419898198,0.40072344118908254,0.4937254901960784,0.5882352941176471
tc50_buf4,20,2020,46,0.5670942433185577,0.49930447574046366,0.4804347826086956,0.5869565217391305
tc50_buf4,20,2021,52,1.061668199401915,0.958639583736143,0.49269230769230765,0.6923076923076923
tc50_buf4,20,2022,50,0.314077524299613,0.2505586236080921,0.4952,0.6
tc50_buf4,20,2023,50,0.13300163814872534,0.0779333063246046,0.498,0.46
tc50_buf4,20,2024,52,0.17686481335655535,0.11756056941387505,0.4969230769230769,0.5576923076923077
tc50_buf4,20,2025,51,0.436450419898198,0.3658680030461632,0.4937254901960784,0.5882352941176471
tc50_buf4,50,2020,46,0.5670942433185577,0.40296352749097597,0.4804347826086956,0.5869565217391305
tc50_buf4,50,2021,52,1.061668199401915,0.8134970705426221,0.49269230769230765,0.6730769230769231
tc50_buf4,50,2022,50,0.314077524299613,0.16088334859675402,0.4952,0.6
tc50_buf4,50,2023,50,0.13300163814872534,0.0002151379948915899,0.498,0.44
tc50_buf4,50,2024,52,0.17686481335655535,0.03406027535682976,0.4969230769230769,0.5576923076923077
tc50_buf4,50,2025,51,0.436450419898198,0.26632491905109457,0.4937254901960784,0.5686274509803921
tc50_buf4,100,2020,46,0.5670942433185577,0.25567968251222384,0.4804347826086956,0.5434782608695652
tc50_buf4,100,2021,52,1.061668199401915,0.5946923390971197,0.49269230769230765,0.6153846153846154
tc50_buf4,100,2022,50,0.314077524299613,0.025232195197437468,0.4952,0.56
tc50_buf4,100,2023,50,0.13300163814872534,-0.11728408772234378,0.498,0.44
tc50_buf4,100,2024,52,0.17686481335655535,-0.09170920686307826,0.4969230769230769,0.5384615384615384
tc50_buf4,100,2025,51,0.436450419898198,0.11599844785481639,0.4937254901960784,0.5686274509803921
tc60_buf1,0,2020,46,0.5155674388721958,0.5155674388721958,0.5534782608695653,0.5652173913043478
tc60_buf1,0,2021,52,1.1692218849028357,1.1692218849028357,0.5726923076923078,0.7307692307692307
tc60_buf1,0,2022,50,0.39107247845192417,0.39107247845192417,0.5828,0.62
tc60_buf1,0,2023,50,0.22620903113670088,0.22620903113670088,0.5908000000000001,0.52
tc60_buf1,0,2024,52,0.2208939003312238,0.2208939003312238,0.5876923076923077,0.5576923076923077
tc60_buf1,0,2025,51,0.5065075590606871,0.5065075590606871,0.5792156862745098,0.5686274509803921
tc60_buf1,5,2020,46,0.5155674388721958,0.4963938208592924,0.5534782608695653,0.5652173913043478
tc60_buf1,5,2021,52,1.1692218849028357,1.1371568554822509,0.5726923076923078,0.7307692307692307
tc60_buf1,5,2022,50,0.39107247845192417,0.37094855873995125,0.5828,0.62
tc60_buf1,5,2023,50,0.22620903113670088,0.20822837449381448,0.5908000000000001,0.52
tc60_buf1,5,2024,52,0.2208939003312238,0.20237772879289695,0.5876923076923077,0.5576923076923077
tc60_buf1,5,2025,51,0.5065075590606871,0.4844167563413073,0.5792156862745098,0.5686274509803921
tc60_buf1,10,2020,46,0.5155674388721958,0.4774573851448147,0.5534782608695653,0.5434782608695652
tc60_buf1,10,2021,52,1.1692218849028357,1.1055567421010326,0.5726923076923078,0.7307692307692307
tc60_buf1,10,2022,50,0.39107247845192417,0.35110998172246655,0.5828,0.6
tc60_buf1,10,2023,50,0.22620903113670088,0.1905061673424413,0.5908000000000001,0.52
tc60_buf1,10,2024,52,0.2208939003312238,0.18413702372310592,0.5876923076923077,0.5576923076923077
tc60_buf1,10,2025,51,0.5065075590606871,0.4626435664778541,0.5792156862745098,0.5686274509803921
tc60_buf1,20,2020,46,0.5155674388721958,0.44028462497601906,0.5534782608695653,0.5217391304347826
tc60_buf1,20,2021,52,1.1692218849028357,1.0437249177704495,0.5726923076923078,0.7115384615384616
tc60_buf1,20,2022,50,0.39107247845192417,0.3122730538042282,0.5828,0.6
tc60_buf1,20,2023,50,0.22620903113670088,0.15582259197582515,0.5908000000000001,0.5
tc60_buf1,20,2024,52,0.2208939003312238,0.1484659964865842,0.5876923076923077,0.5576923076923077
tc60_buf1,20,2025,51,0.5065075590606871,0.42003218449830193,0.5792156862745098,0.5686274509803921
tc60_buf1,50,2020,46,0.5155674388721958,0.3341673902939901,0.5534782608695653,0.5217391304347826
tc60_buf1,50,2021,52,1.1692218849028357,0.8687187053994734,0.5726923076923078,0.6923076923076923
tc60_buf1,50,2022,50,0.39107247845192417,0.20220917162000362,0.5828,0.6
tc60_buf1,50,2023,50,0.22620903113670088,0.05760627409643204,0.5908000000000001,0.5
tc60_buf1,50,2024,52,0.2208939003312238,0.0476578230574809,0.5876923076923077,0.5576923076923077
tc60_buf1,50,2025,51,0.5065075590606871,0.2993677994187913,0.5792156862745098,0.5686274509803921
tc60_buf1,100,2020,46,0.5155674388721958,0.17404907143981796,0.5534782608695653,0.4782608695652174
tc60_buf1,100,2021,52,1.1692218849028357,0.6091479133475561,0.5726923076923078,0.5769230769230769
tc60_buf1,100,2022,50,0.39107247845192417,0.03854076717187338,0.5828,0.54
tc60_buf1,100,2023,50,0.22620903113670088,-0.08821514204551983,0.5908000000000001,0.46
tc60_buf1,100,2024,52,0.2208939003312238,-0.10140565415492553,0.5876923076923077,0.46153846153846156
tc60_buf1,100,2025,51,0.5065075590606871,0.12022253365569546,0.5792156862745098,0.5490196078431373
tc60_buf2,0,2020,46,0.5458122354040638,0.5458122354040638,0.5526086956521741,0.5869565217391305
tc60_buf2,0,2021,52,1.170288018220675,1.170288018220675,0.5711538461538462,0.7115384615384616
tc60_buf2,0,2022,50,0.36640607091584876,0.36640607091584876,0.5824,0.58
tc60_buf2,0,2023,50,0.22512226086086584,0.22512226086086584,0.5908000000000001,0.54
tc60_buf2,0,2024,52,0.21520621819276986,0.21520621819276986,0.5873076923076923,0.5769230769230769
tc60_buf2,0,2025,51,0.5374062488768945,0.5374062488768945,0.5792156862745098,0.5882352941176471
tc60_buf2,5,2020,46,0.5458122354040638,0.5262865217291712,0.5526086956521741,0.5869565217391305
tc60_buf2,5,2021,52,1.170288018220675,1.1382927799504277,0.5711538461538462,0.6923076923076923
tc60_buf2,5,2022,50,0.36640607091584876,0.3466524576822625,0.5824,0.58
tc60_buf2,5,2023,50,0.22512226086086584,0.20715754019845578,0.5908000000000001,0.54
tc60_buf2,5,2024,52,0.21520621819276986,0.1967882789147728,0.5873076923076923,0.5769230769230769
tc60_buf2,5,2025,51,0.5374062488768945,0.5148623604194043,0.5792156862745098,0.5882352941176471
tc60_buf2,10,2020,46,0.5458122354040638,0.507001969771925,0.5526086956521741,0.5869565217391305
tc60_buf2,10,2021,52,1.170288018220675,1.106760200159155,0.5711538461538462,0.6923076923076923
tc60_buf2,10,2022,50,0.36640607091584876,0.32717874558201365,0.5824,0.56
tc60_buf2,10,2023,50,0.22512226086086584,0.18945103996773383,0.5908000000000001,0.54
tc60_buf2,10,2024,52,0.21520621819276986,0.17864416875789302,0.5873076923076923,0.5769230769230769
tc60_buf2,10,2025,51,0.5374062488768945,0.4926425988092493,0.5792156862745098,0.5882352941176471
tc60_buf2,20,2020,46,0.5458122354040638,0.4691447415097678,0.5526086956521741,0.5652173913043478
tc60_buf2,20,2021,52,1.170288018220675,1.0450568688935755,0.5711538461538462,0.6923076923076923
tc60_buf2,20,2022,50,0.36640607091584876,0.2890555346905668,0.5824,0.56
tc60_buf2,20,2023,50,0.22512226086086584,0.15479820412253065,0.5908000000000001,0.52
tc60_buf2,20,2024,52,0.21520621819276986,0.14316152457018028,0.5873076923076923,0.5769230769230769
tc60_buf2,20,2025,51,0.5374062488768945,0.4491572494425604,0.5792156862745098,0.5882352941176471
tc60_buf2,50,2020,46,0.5458122354040638,0.3610651699838121,0.5526086956521741,0.5652173913043478
tc60_buf2,50,2021,52,1.170288018220675,0.8703869511602136,0.5711538461538462,0.6730769230769231
tc60_buf2,50,2022,50,0.36640607091584876,0.18101012056992039,0.5824,0.56
tc60_buf2,50,2023,50,0.22512226086086584,0.056668933860763104,0.5908000000000001,0.5
tc60_buf2,50,2024,52,0.21520621819276986,0.042881867975719246,0.5873076923076923,0.5384615384615384
tc60_buf2,50,2025,51,0.5374062488768945,0.32601800920831825,0.5792156862745098,0.5490196078431373
tc60_buf2,100,2020,46,0.5458122354040638,0.1979605255198409,0.5526086956521741,0.4782608695652174
tc60_buf2,100,2021,52,1.170288018220675,0.6112334636079251,0.5711538461538462,0.6153846153846154
tc60_buf2,100,2022,50,0.36640607091584876,0.020330685845850516,0.5824,0.52
tc60_buf2,100,2023,50,0.22512226086086584,-0.08902324299439623,0.5908000000000001,0.46
tc60_buf2,100,2024,52,0.21520621819276986,-0.10541157821264258,0.5873076923076923,0.4807692307692308
tc60_buf2,100,2025,51,0.5374062488768945,0.1431984149838501,0.5792156862745098,0.5294117647058824
tc60_buf3,0,2020,46,0.551891233443313,0.551891233443313,0.5530434782608696,0.5869565217391305
tc60_buf3,0,2021,52,1.177576050590765,1.177576050590765,0.5711538461538462,0.7115384615384616
tc60_buf3,0,2022,50,0.3540275363317382,0.3540275363317382,0.5824,0.58
tc60_buf3,0,2023,50,0.22496558691445512,0.22496558691445512,0.5908000000000001,0.52
tc60_buf3,0,2024,52,0.22787137449689876,0.22787137449689876,0.5873076923076923,0.5769230769230769
tc60_buf3,0,2025,51,0.5256618980169137,0.5256618980169137,0.5792156862745098,0.5686274509803921
tc60_buf3,5,2020,46,0.551891233443313,0.5322734067189556,0.5530434782608696,0.5869565217391305
tc60_buf3,5,2021,52,1.177576050590765,1.145473369285193,0.5711538461538462,0.6923076923076923
tc60_buf3,5,2022,50,0.3540275363317382,0.334452874867893,0.5824,0.58
tc60_buf3,5,2023,50,0.22496558691445512,0.20700316365841043,0.5908000000000001,0.52
tc60_buf3,5,2024,52,0.22787137449689876,0.20926147925598437,0.5873076923076923,0.5769230769230769
tc60_buf3,5,2025,51,0.5256618980169137,0.5032902238560586,0.5792156862745098,0.5686274509803921
tc60_buf3,10,2020,46,0.551891233443313,0.5128980692308942,0.5530434782608696,0.5869565217391305
tc60_buf3,10,2021,52,1.177576050590765,1.1138349001095187,0.5711538461538462,0.6923076923076923
tc60_buf3,10,2022,50,0.3540275363317382,0.3151555788593492,0.5824,0.56
tc60_buf3,10,2023,50,0.22496558691445512,0.18929892781170832,0.5908000000000001,0.52
tc60_buf3,10,2024,52,0.22787137449689876,0.1909282670457273,0.5873076923076923,0.5769230769230769
tc60_buf3,10,2025,51,0.5256618980169137,0.48124020051551675,0.5792156862745098,0.5686274509803921
tc60_buf3,20,2020,46,0.551891233443313,0.47486317941982215,0.5530434782608696,0.5652173913043478
tc60_buf3,20,2021,52,1.177576050590765,1.051924363223379,0.5711538461538462,0.6923076923076923
tc60_buf3,20,2022,50,0.3540275363317382,0.27737773344491656,0.5824,0.56
tc60_buf3,20,2023,50,0.22496558691445512,0.1546505235213944,0.5908000000000001,0.5
tc60_buf3,20,2024,52,0.22787137449689876,0.15507581464933984,0.5873076923076923,0.5769230769230769
tc60_buf3,20,2025,51,0.5256618980169137,0.4380870386891107,0.5792156862745098,0.5686274509803921
tc60_buf3,50,2020,46,0.551891233443313,0.36628062756635127,0.5530434782608696,0.5652173913043478
tc60_buf3,50,2021,52,1.177576050590765,0.8766678873908946,0.5711538461538462,0.6730769230769231
tc60_buf3,50,2022,50,0.3540275363317382,0.1703111234468615,0.5824,0.54
tc60_buf3,50,2023,50,0.22496558691445512,0.05653380245616102,0.5908000000000001,0.48
tc60_buf3,50,2024,52,0.22787137449689876,0.05375102060752224,0.5873076923076923,0.5384615384615384
tc60_buf3,50,2025,51,0.5256618980169137,0.31588846748297916,0.5792156862745098,0.5490196078431373
tc60_buf3,100,2020,46,0.551891233443313,0.2024297358844862,0.5530434782608696,0.5
tc60_buf3,100,2021,52,1.177576050590765,0.6166441379239409,0.5711538461538462,0.6153846153846154
tc60_buf3,100,2022,50,0.3540275363317382,0.011087314529806935,0.5824,0.52
tc60_buf3,100,2023,50,0.22496558691445512,-0.08913974265175117,0.5908000000000001,0.44
tc60_buf3,100,2024,52,0.22787137449689876,-0.09608797369171529,0.5873076923076923,0.5
tc60_buf3,100,2025,51,0.5256618980169137,0.13446544456828602,0.5792156862745098,0.5294117647058824
tc60_buf4,0,2020,46,0.5464996508609141,0.5464996508609141,0.5530434782608696,0.5869565217391305
tc60_buf4,0,2021,52,1.1578203117378378,1.1578203117378378,0.5711538461538462,0.7115384615384616
tc60_buf4,0,2022,50,0.3486512462592444,0.3486512462592444,0.5824,0.58
tc60_buf4,0,2023,50,0.22215623905770987,0.22215623905770987,0.5908000000000001,0.52
tc60_buf4,0,2024,52,0.21697599792724764,0.21697599792724764,0.5876923076923077,0.5769230769230769
tc60_buf4,0,2025,51,0.5178308731477905,0.5178308731477905,0.5792156862745098,0.5686274509803921
tc60_buf4,5,2020,46,0.5464996508609141,0.5269499804161923,0.5530434782608696,0.5869565217391305
tc60_buf4,5,2021,52,1.1578203117378378,1.1260088772928212,0.5711538461538462,0.6923076923076923
tc60_buf4,5,2022,50,0.3486512462592444,0.3291543077775949,0.5824,0.58
tc60_buf4,5,2023,50,0.22215623905770987,0.20423501099589547,0.5908000000000001,0.52
tc60_buf4,5,2024,52,0.21697599792724764,0.19851924667968857,0.5876923076923077,0.5769230769230769
tc60_buf4,5,2025,51,0.5178308731477905,0.4955740298920961,0.5792156862745098,0.5686274509803921
tc60_buf4,10,2020,46,0.5464996508609141,0.5076419567513415,0.5530434782608696,0.5869565217391305
tc60_buf4,10,2021,52,1.1578203117378378,1.0946574434813368,0.5711538461538462,0.6923076923076923
tc60_buf4,10,2022,50,0.3486512462592444,0.3099336334463607,0.5824,0.56
tc60_buf4,10,2023,50,0.22215623905770987,0.18657137821393222,0.5908000000000001,0.52
tc60_buf4,10,2024,52,0.21697599792724764,0.18033708001153448,0.5876923076923077,0.5769230769230769
tc60_buf4,10,2025,51,0.5178308731477905,0.47363718646472375,0.5792156862745098,0.5686274509803921
tc60_buf4,20,2020,46,0.5464996508609141,0.46973920780491873,0.5530434782608696,0.5652173913043478
tc60_buf4,20,2021,52,1.1578203117378378,1.0333085808470046,0.5711538461538462,0.6923076923076923
tc60_buf4,20,2022,50,0.3486512462592444,0.2723057884195197,0.5824,0.56
tc60_buf4,20,2023,50,0.22215623905770987,0.15200243690721016,0.5908000000000001,0.5
tc60_buf4,20,2024,52,0.21697599792724764,0.1447805349388116,0.5876923076923077,0.5769230769230769
tc60_buf4,20,2025,51,0.5178308731477905,0.4307055242273705,0.5792156862745098,0.5686274509803921
tc60_buf4,50,2020,46,0.5464996508609141,0.3615338935971719,0.5530434782608696,0.5434782608695652
tc60_buf4,50,2021,52,1.1578203117378378,0.8596420936479341,0.5711538461538462,0.6730769230769231
tc60_buf4,50,2022,50,0.3486512462592444,0.1656642961808783,0.5824,0.56
tc60_buf4,50,2023,50,0.22215623905770987,0.054110737673594755,0.5908000000000001,0.48
tc60_buf4,50,2024,52,0.21697599792724764,0.04429593730976622,0.5876923076923077,0.5384615384615384
tc60_buf4,50,2025,51,0.5178308731477905,0.30913418245610313,0.5792156862745098,0.5490196078431373
tc60_buf4,100,2020,46,0.5464996508609141,0.19825225290059878,0.5530434782608696,0.5
tc60_buf4,100,2021,52,1.1578203117378378,0.6019773714529022,0.5711538461538462,0.6153846153846154
tc60_buf4,100,2022,50,0.3486512462592444,0.007072699947995309,0.5824,0.52
tc60_buf4,100,2023,50,0.22215623905770987,-0.09122871832511681,0.5908000000000001,0.44
tc60_buf4,100,2024,52,0.21697599792724764,-0.10428895749134326,0.5876923076923077,0.5
tc60_buf4,100,2025,51,0.5178308731477905,0.12864238041421516,0.5792156862745098,0.5294117647058824
