scenario,description,max_turnover,buffer_multiplier,cost_bps,periods,avg_turnover,avg_baseline_overlap,avg_similarity,avg_rank,avg_retained_outside_candidate_count,gross_final_nav,gross_annual_return,gross_sharpe_ratio,gross_max_drawdown,net_final_nav,net_annual_return,net_sharpe_ratio,net_max_drawdown,annual_return_drag
baseline,Barra Top500 -> Alpha Top50,,,0,301,0.7142857142857143,1.0,0.22661829901763944,25.5,0.0,12.026425967023508,0.5303361315313542,1.6406375413142034,-0.26312742292429525,12.026425967023508,0.5303361315313542,1.6406375413142034,-0.26312742292429525,0.0
baseline,Barra Top500 -> Alpha Top50,,,5,301,0.7142857142857143,1.0,0.22661829901763944,25.5,0.0,12.026425967023508,0.5303361315313542,1.6406375413142034,-0.26312742292429525,10.800431781335556,0.5024440184185714,1.5497819157664514,-0.2659814884540789,0.027892113112782724
baseline,Barra Top500 -> Alpha Top50,,,10,301,0.7142857142857143,1.0,0.22661829901763944,25.5,0.0,12.026425967023508,0.5303361315313542,1.6406375413142034,-0.26312742292429525,9.699023919380616,0.47505003040553606,1.4604839739149733,-0.2688255746622289,0.05528610112581811
baseline,Barra Top500 -> Alpha Top50,,,20,301,0.7142857142857143,1.0,0.22661829901763944,25.5,0.0,12.026425967023508,0.5303361315313542,1.6406375413142034,-0.26312742292429525,7.820759452536316,0.42172172564887167,1.2864587643101892,-0.27448393367162593,0.1086144058824825
baseline,Barra Top500 -> Alpha Top50,,,50,301,0.7142857142857143,1.0,0.22661829901763944,25.5,0.0,12.026425967023508,0.5303361315313542,1.6406375413142034,-0.26312742292429525,4.096257101003918,0.2728157473531898,0.7991786945955535,-0.3192438196800088,0.25752038417816436
baseline,Barra Top500 -> Alpha Top50,,,100,301,0.7142857142857143,1.0,0.22661829901763944,25.5,0.0,12.026425967023508,0.5303361315313542,1.6406375413142034,-0.26312742292429525,1.3895139341127773,0.057890209575263585,0.09209979637583846,-0.47353708283762097,0.4724459219560906
tc20_buf1,"max_turnover=20%, buffer=1x",0.2,1.0,0,301,0.19933554817275745,0.3623255813953489,0.25843546634413167,18.390626448385788,31.88372093023256,2.778033771159151,0.1910045198023249,0.5372114654143473,-0.36934712932983427,2.778033771159151,0.1910045198023249,0.5372114654143472,-0.36934712932983427,0.0
tc20_buf1,"max_turnover=20%, buffer=1x",0.2,1.0,5,301,0.19933554817275745,0.3623255813953489,0.25843546634413167,18.390626448385788,31.88372093023256,2.778033771159151,0.1910045198023249,0.5372114654143473,-0.36934712932983427,2.695926421106052,0.18490726032562055,0.5169098185853612,-0.371487814898412,0.006097259476704364
tc20_buf1,"max_turnover=20%, buffer=1x",0.2,1.0,10,301,0.19933554817275745,0.3623255813953489,0.25843546634413167,18.390626448385788,31.88372093023256,2.778033771159151,0.1910045198023249,0.5372114654143473,-0.36934712932983427,2.616237979208723,0.178840610177738,0.4967069614833192,-0.3736214471438474,0.01216390962458691
tc20_buf1,"max_turnover=20%, buffer=1x",0.2,1.0,20,301,0.19933554817275745,0.3623255813953489,0.25843546634413167,18.390626448385788,31.88372093023256,2.778033771159151,0.1910045198023249,0.5372114654143473,-0.36934712932983427,2.4638357769896237,0.16679853609162887,0.4565957110511884,-0.37786764174725607,0.024205983710696044
tc20_buf1,"max_turnover=20%, buffer=1x",0.2,1.0,50,301,0.19933554817275745,0.3623255813953489,0.25843546634413167,18.390626448385788,31.88372093023256,2.778033771159151,0.1910045198023249,0.5372114654143473,-0.36934712932983427,2.0577091498647095,0.1313914213938958,0.3385837756749728,-0.390439275426433,0.0596130984084291
tc20_buf1,"max_turnover=20%, buffer=1x",0.2,1.0,100,301,0.19933554817275745,0.3623255813953489,0.25843546634413167,18.390626448385788,31.88372093023256,2.778033771159151,0.1910045198023249,0.5372114654143473,-0.36934712932983427,1.5237015423020013,0.07470685553775391,0.1494156539512756,-0.416827506755417,0.116297664264571
tc20_buf2,"max_turnover=20%, buffer=2x",0.2,2.0,0,301,0.19933554817275745,0.36212624584717606,0.2552972972528244,19.692775250614524,30.641196013289036,2.8398405834139115,0.19549647378258217,0.5572901647728894,-0.3545783057487927,2.8398405834139115,0.19549647378258217,0.5572901647728894,-0.3545783057487927,0.0
tc20_buf2,"max_turnover=20%, buffer=2x",0.2,2.0,5,301,0.19933554817275745,0.36212624584717606,0.2552972972528244,19.692775250614524,30.641196013289036,2.8398405834139115,0.19549647378258217,0.5572901647728894,-0.3545783057487927,2.7559064760254013,0.18937621807998584,0.5367249919822649,-0.35664045707776526,0.006120255702596333
tc20_buf2,"max_turnover=20%, buffer=2x",0.2,2.0,10,301,0.19933554817275745,0.36212624584717606,0.2552972972528244,19.692775250614524,30.641196013289036,2.8398405834139115,0.19549647378258217,0.5572901647728894,-0.3545783057487927,2.6744450936338455,0.18328668715136298,0.5162599081571646,-0.35869622499882536,0.012209786631219188
tc20_buf2,"max_turnover=20%, buffer=2x",0.2,2.0,20,301,0.19933554817275745,0.36212624584717606,0.2552972972528244,19.692775250614524,30.641196013289036,2.8398405834139115,0.19549647378258217,0.5572901647728894,-0.3545783057487927,2.518652185946168,0.17119919556958352,0.4756280769138757,-0.3627886870593827,0.024297278212998652
tc20_buf2,"max_turnover=20%, buffer=2x",0.2,2.0,50,301,0.19933554817275745,0.36212624584717606,0.2552972972528244,19.692775250614524,30.641196013289036,2.8398405834139115,0.19549647378258217,0.5572901647728894,-0.3545783057487927,2.103489890336961,0.13565854054756832,0.35608493404164415,-0.3749148490161124,0.05983793323501385
tc20_buf2,"max_turnover=20%, buffer=2x",0.2,2.0,100,301,0.19933554817275745,0.36212624584717606,0.2552972972528244,19.692775250614524,30.641196013289036,2.8398405834139115,0.19549647378258217,0.5572901647728894,-0.3545783057487927,1.5576014668223739,0.07876018502313942,0.16446367471846768,-0.41109393953289386,0.11673628875944275
tc20_buf3,"max_turnover=20%, buffer=3x",0.2,3.0,0,301,0.19933554817275745,0.36073089700996674,0.25287881186563566,20.910833736727326,29.91362126245847,2.7860851932103827,0.19159434015563348,0.5498110920048106,-0.3429901944576691,2.7860851932103827,0.19159434015563348,0.5498110920048105,-0.3429901944576691,0.0
tc20_buf3,"max_turnover=20%, buffer=3x",0.2,3.0,5,301,0.19933554817275745,0.36073089700996674,0.25287881186563566,20.910833736727326,29.91362126245847,2.7860851932103827,0.19159434015563348,0.5498110920048106,-0.3429901944576691,2.7037398759534046,0.1854940611372906,0.5290986523937206,-0.34522034590000583,0.006100279018342869
tc20_buf3,"max_turnover=20%, buffer=3x",0.2,3.0,10,301,0.19933554817275745,0.36073089700996674,0.25287881186563566,20.910833736727326,29.91362126245847,2.7860851932103827,0.19159434015563348,0.5498110920048106,-0.3429901944576691,2.623820477440301,0.17942440660640746,0.5084870288760062,-0.347443149239001,0.01216993354922602
tc20_buf3,"max_turnover=20%, buffer=3x",0.2,3.0,20,301,0.19933554817275745,0.36073089700996674,0.25287881186563566,20.910833736727326,29.91362126245847,2.7860851932103827,0.19159434015563348,0.5498110920048106,-0.3429901944576691,2.470976576324535,0.16737636893218877,0.4675642855755835,-0.35186680545373594,0.024217971223444712
tc20_buf3,"max_turnover=20%, buffer=3x",0.2,3.0,50,301,0.19933554817275745,0.36073089700996674,0.25287881186563566,20.910833736727326,29.91362126245847,2.7860851932103827,0.19159434015563348,0.5498110920048106,-0.3429901944576691,2.063672894796914,0.13195171959327445,0.3471654951415982,-0.3742142788378886,0.05964262056235903
tc20_buf3,"max_turnover=20%, buffer=3x",0.2,3.0,100,301,0.19933554817275745,0.36073089700996674,0.25287881186563566,20.910833736727326,29.91362126245847,2.7860851932103827,0.19159434015563348,0.5498110920048106,-0.3429901944576691,1.5281176024394112,0.07523908187837458,0.1541734889069615,-0.413653822273237,0.1163552582772589
tc20_buf4,"max_turnover=20%, buffer=4x",0.2,4.0,0,301,0.19933554817275745,0.35953488372093023,0.25217743603634657,21.308149555285464,29.59468438538206,2.7604453003332807,0.18971110195900898,0.5413909514767357,-0.3375425833571697,2.7604453003332807,0.18971110195900898,0.5413909514767357,-0.3375425833571697,0.0
tc20_buf4,"max_turnover=20%, buffer=4x",0.2,4.0,5,301,0.19933554817275745,0.35953488372093023,0.25217743603634657,21.308149555285464,29.59468438538206,2.7604453003332807,0.18971110195900898,0.5413909514767357,-0.3375425833571697,2.6788577937558014,0.18362046403920984,0.5207874535715775,-0.33979122614872215,0.006090637919799136
tc20_buf4,"max_turnover=20%, buffer=4x",0.2,4.0,10,301,0.19933554817275745,0.35953488372093023,0.25217743603634657,21.308149555285464,29.59468438538206,2.7604453003332807,0.18971110195900898,0.5413909514767357,-0.3375425833571697,2.599673880583075,0.17756040220683733,0.5002842344651475,-0.34203245990997566,0.012150699752171645
tc20_buf4,"max_turnover=20%, buffer=4x",0.2,4.0,20,301,0.19933554817275745,0.35953488372093023,0.25217743603634657,21.308149555285464,29.59468438538206,2.7604453003332807,0.18971110195900898,0.5413909514767357,-0.3375425833571697,2.448236577248702,0.16553140568108526,0.45957669847573474,-0.34649279496648266,0.024179696277923712
tc20_buf4,"max_turnover=20%, buffer=4x",0.2,4.0,50,301,0.19933554817275745,0.35953488372093023,0.25217743603634657,21.308149555285464,29.59468438538206,2.7604453003332807,0.18971110195900898,0.5413909514767357,-0.3375425833571697,2.0446812458391164,0.1301627427215024,0.33981090238820116,-0.37074389561131094,0.059548359237506565
tc20_buf4,"max_turnover=20%, buffer=4x",0.2,4.0,100,301,0.19933554817275745,0.35953488372093023,0.25217743603634657,21.308149555285464,29.59468438538206,2.7604453003332807,0.18971110195900898,0.5413909514767357,-0.3375425833571697,1.514054582498151,0.07353973568205685,0.14783299749889098,-0.4104021566130297,0.11617136627695213
tc30_buf1,"max_turnover=30%, buffer=1x",0.3,1.0,0,301,0.2990033222591362,0.5082392026578073,0.252461442882609,18.40615706182121,24.588039867109636,3.8815402301322584,0.2611455735529402,0.7660554133156369,-0.3627101870416527,3.8815402301322584,0.2611455735529402,0.7660554133156369,-0.3627101870416527,0.0
tc30_buf1,"max_turnover=30%, buffer=1x",0.3,1.0,5,301,0.2990033222591362,0.5082392026578073,0.252461442882609,18.40615706182121,24.588039867109636,3.8815402301322584,0.2611455735529402,0.7660554133156369,-0.3627101870416527,3.710730160652383,0.2514732259196393,0.7340909062388606,-0.36633267676470527,0.009672347633300937
tc30_buf1,"max_turnover=30%, buffer=1x",0.3,1.0,10,301,0.2990033222591362,0.5082392026578073,0.252461442882609,18.40615706182121,24.588039867109636,3.8815402301322584,0.2611455735529402,0.7660554133156369,-0.3627101870416527,3.547412763226898,0.24187362578088756,0.7023595700040365,-0.36993511435942605,0.019271947772052656
tc30_buf1,"max_turnover=30%, buffer=1x",0.3,1.0,20,301,0.2990033222591362,0.5082392026578073,0.252461442882609,18.40615706182121,24.588039867109636,3.8815402301322584,0.2611455735529402,0.7660554133156369,-0.3627101870416527,3.2419597880068234,0.22289052644287288,0.6395896759510338,-0.3770802646536503,0.03825504711006733
tc30_buf1,"max_turnover=30%, buffer=1x",0.3,1.0,50,301,0.2990033222591362,0.5082392026578073,0.252461442882609,18.40615706182121,24.588039867109636,3.8815402301322584,0.2611455735529402,0.7660554133156369,-0.3627101870416527,2.4741433218414244,0.16763217875455205,0.4567031360909638,-0.3980455820769101,0.09351339479838816
tc30_buf1,"max_turnover=30%, buffer=1x",0.3,1.0,100,301,0.2990033222591362,0.5082392026578073,0.252461442882609,18.40615706182121,24.588039867109636,3.8815402301322584,0.2611455735529402,0.7660554133156369,-0.3627101870416527,1.5759832060261425,0.08092755628192738,0.16920170770405757,-0.45476342824276184,0.18021801727101283
tc30_buf2,"max_turnover=30%, buffer=2x",0.3,2.0,0,301,0.2990033222591362,0.5092358803986711,0.24979329233120703,19.63915779498538,23.196013289036546,4.115159329999666,0.27381864042686055,0.804571784810832,-0.34993115993681423,4.115159329999666,0.27381864042686055,0.804571784810832,-0.34993115993681423,0.0
tc30_buf2,"max_turnover=30%, buffer=2x",0.3,2.0,5,301,0.2990033222591362,0.5092358803986711,0.24979329233120703,19.63915779498538,23.196013289036546,4.115159329999666,0.27381864042686055,0.804571784810832,-0.34993115993681423,3.934068677989584,0.2640490967910081,0.7724297523209073,-0.35362628834546384,0.009769543635852473
tc30_buf2,"max_turnover=30%, buffer=2x",0.3,2.0,10,301,0.2990033222591362,0.5092358803986711,0.24979329233120703,19.63915779498538,23.196013289036546,4.115159329999666,0.27381864042686055,0.804571784810832,-0.34993115993681423,3.760921661104537,0.25435303167860734,0.7405221998927273,-0.35730096253761723,0.019465608748253205
tc30_buf2,"max_turnover=30%, buffer=2x",0.3,2.0,20,301,0.2990033222591362,0.5092358803986711,0.24979329233120703,19.63915779498538,23.196013289036546,4.115159329999666,0.27381864042686055,0.804571784810832,-0.34993115993681423,3.4370843217166502,0.23517917395993426,0.6774037633689909,-0.36854191812628434,0.03863946646692629
tc30_buf2,"max_turnover=30%, buffer=2x",0.3,2.0,50,301,0.2990033222591362,0.5092358803986711,0.24979329233120703,19.63915779498538,23.196013289036546,4.115159329999666,0.27381864042686055,0.804571784810832,-0.34993115993681423,2.6230551201282246,0.17936554324142095,0.49350204794050406,-0.4049954090822875,0.0944530971854396
tc30_buf2,"max_turnover=30%, buffer=2x",0.3,2.0,100,301,0.2990033222591362,0.5092358803986711,0.24979329233120703,19.63915779498538,23.196013289036546,4.115159329999666,0.27381864042686055,0.804571784810832,-0.34993115993681423,1.670837247506846,0.09178963873608215,0.20440586311098688,-0.4611992425535366,0.1820290016907784
tc30_buf3,"max_turnover=30%, buffer=3x",0.3,3.0,0,301,0.2990033222591362,0.5082392026578074,0.24727272328776068,20.963578324148354,22.40531561461794,3.926622851240722,0.26363948899732903,0.7727020929502073,-0.35285691889946535,3.926622851240722,0.26363948899732903,0.7727020929502073,-0.35285691889946535,0.0
tc30_buf3,"max_turnover=30%, buffer=3x",0.3,3.0,5,301,0.2990033222591362,0.5082392026578074,0.24727272328776068,20.963578324148354,22.40531561461794,3.926622851240722,0.26363948899732903,0.7727020929502073,-0.35285691889946535,3.753828887433525,0.2539480142960264,0.7407422509617756,-0.3565354166770287,0.009691474701302605
tc30_buf3,"max_turnover=30%, buffer=3x",0.3,3.0,10,301,0.2990033222591362,0.5082392026578074,0.24727272328776068,20.963578324148354,22.40531561461794,3.926622851240722,0.26363948899732903,0.7727020929502073,-0.35285691889946535,3.588614620231594,0.2443294309474462,0.7090155449588105,-0.36086715472845654,0.01931005804988284
tc30_buf3,"max_turnover=30%, buffer=3x",0.3,3.0,20,301,0.2990033222591362,0.5082392026578074,0.24727272328776068,20.963578324148354,22.40531561461794,3.926622851240722,0.26363948899732903,0.7727020929502073,-0.35285691889946535,3.279613924279068,0.22530879252939684,0.6462548078313153,-0.3734031106441118,0.03833069646793219
tc30_buf3,"max_turnover=30%, buffer=3x",0.3,3.0,50,301,0.2990033222591362,0.5082392026578074,0.24727272328776068,20.963578324148354,22.40531561461794,3.926622851240722,0.26363948899732903,0.7727020929502073,-0.35285691889946535,2.502879560379089,0.1699411714553376,0.46339492866648535,-0.4095759694527559,0.09369831754199143
tc30_buf3,"max_turnover=30%, buffer=3x",0.3,3.0,100,301,0.2990033222591362,0.5082392026578074,0.24727272328776068,20.963578324148354,22.40531561461794,3.926622851240722,0.26363948899732903,0.7727020929502073,-0.35285691889946535,1.5942876546568772,0.08306509058677602,0.17593535183813125,-0.4667292762579561,0.180574398410553
tc30_buf4,"max_turnover=30%, buffer=4x",0.3,4.0,0,301,0.2990033222591362,0.5069767441860465,0.24581105364623473,21.73541824602982,22.046511627906977,3.9489821602921316,0.26486758439263514,0.7807024393986047,-0.34603388495304355,3.9489821602921316,0.26486758439263514,0.7807024393986047,-0.34603388495304355,0.0
tc30_buf4,"max_turnover=30%, buffer=4x",0.3,4.0,5,301,0.2990033222591362,0.5069767441860465,0.24581105364623473,21.73541824602982,22.046511627906977,3.9489821602921316,0.26486758439263514,0.7807024393986047,-0.34603388495304355,3.7752042584329764,0.255166690821822,0.7485495423945243,-0.3497511662947693,0.009700893570813163
tc30_buf4,"max_turnover=30%, buffer=4x",0.3,4.0,10,301,0.2990033222591362,0.5069767441860465,0.24581105364623473,21.73541824602982,22.046511627906977,3.9489821602921316,0.26486758439263514,0.7807024393986047,-0.34603388495304355,3.6090492141307315,0.245538759444772,0.7166312071717781,-0.35353552479394357,0.019328824947863144
tc30_buf4,"max_turnover=30%, buffer=4x",0.3,4.0,20,301,0.2990033222591362,0.5069767441860465,0.24581105364623473,21.73541824602982,22.046511627906977,3.9489821602921316,0.26486758439263514,0.7807024393986047,-0.34603388495304355,3.2982889801936186,0.2264996354074773,0.6534914477708024,-0.3662152833483281,0.03836794898515783
tc30_buf4,"max_turnover=30%, buffer=4x",0.3,4.0,50,301,0.2990033222591362,0.5069767441860465,0.24581105364623473,21.73541824602982,22.046511627906977,3.9489821602921316,0.26486758439263514,0.7807024393986047,-0.34603388495304355,2.517131669565306,0.17107820411216235,0.4695276621760535,-0.40280308877788384,0.09378938028047279
tc30_buf4,"max_turnover=30%, buffer=4x",0.3,4.0,100,301,0.2990033222591362,0.5069767441860465,0.24581105364623473,21.73541824602982,22.046511627906977,3.9489821602921316,0.26486758439263514,0.7807024393986047,-0.34603388495304355,1.60336598271073,0.08411769084353238,0.18033407712156993,-0.4602338543398624,0.18074989354910276
tc40_buf1,"max_turnover=40%, buffer=1x",0.4,1.0,0,301,0.39847176079734214,0.6394019933554816,0.24487845186519705,20.134408945785626,18.029900332225914,5.227932890760629,0.3270581259966503,0.9769571922913464,-0.34324944294731585,5.227932890760629,0.3270581259966503,0.9769571922913461,-0.34324944294731585,0.0
tc40_buf1,"max_turnover=40%, buffer=1x",0.4,1.0,5,301,0.39847176079734214,0.6394019933554816,0.24487845186519705,20.134408945785626,18.029900332225914,5.227932890760629,0.3270581259966503,0.9769571922913464,-0.34324944294731585,4.923599968849262,0.3135114228658884,0.932560743098349,-0.34822232360057315,0.013546703130761895
tc40_buf1,"max_turnover=40%, buffer=1x",0.4,1.0,10,301,0.39847176079734214,0.6394019933554816,0.24487845186519705,20.134408945785626,18.029900332225914,5.227932890760629,0.3270581259966503,0.9769571922913464,-0.34324944294731585,4.6369275222776825,0.30010033782589085,0.888595560475535,-0.35315853345644066,0.026957788170759445
tc40_buf1,"max_turnover=40%, buffer=1x",0.4,1.0,20,301,0.39847176079734214,0.6394019933554816,0.24487845186519705,20.134408945785626,18.029900332225914,5.227932890760629,0.3270581259966503,0.9769571922913464,-0.34324944294731585,4.11253652212289,0.2736797109112963,0.801942426496904,-0.3629867029752073,0.053378415085354014
tc40_buf1,"max_turnover=40%, buffer=1x",0.4,1.0,50,301,0.39847176079734214,0.6394019933554816,0.24487845186519705,20.134408945785626,18.029900332225914,5.227932890760629,0.3270581259966503,0.9769571922913464,-0.34324944294731585,2.8682890839246085,0.19753684943324346,0.5519095965077225,-0.41367488627433513,0.12952127656340684
tc40_buf1,"max_turnover=40%, buffer=1x",0.4,1.0,100,301,0.39847176079734214,0.6394019933554816,0.24487845186519705,20.134408945785626,18.029900332225914,5.227932890760629,0.3270581259966503,0.9769571922913464,-0.34324944294731585,1.5717847673315177,0.08043437657630514,0.1664198296506526,-0.49018607929703617,0.24662374942034515
tc40_buf2,"max_turnover=40%, buffer=2x",0.4,2.0,0,301,0.39847176079734214,0.6404651162790698,0.2422624706722343,21.335516251856735,16.3953488372093,5.650522852886184,0.34482347248732825,1.043318992282398,-0.341153308444909,5.650522852886184,0.34482347248732825,1.0433189922823982,-0.341153308444909,0.0
tc40_buf2,"max_turnover=40%, buffer=2x",0.4,2.0,5,301,0.39847176079734214,0.6404651162790698,0.2422624706722343,21.335516251856735,16.3953488372093,5.650522852886184,0.34482347248732825,1.043318992282398,-0.341153308444909,5.321589760958971,0.3310954194441469,0.9979906128421755,-0.34614206091829924,0.013728053043181365
tc40_buf2,"max_turnover=40%, buffer=2x",0.4,2.0,10,301,0.39847176079734214,0.6404651162790698,0.2422624706722343,21.335516251856735,16.3953488372093,5.650522852886184,0.34482347248732825,1.043318992282398,-0.341153308444909,5.011744695137972,0.3175048000130898,0.9531026554139478,-0.3510940255530236,0.02731867247423847
tc40_buf2,"max_turnover=40%, buffer=2x",0.4,2.0,20,301,0.39847176079734214,0.6404651162790698,0.2422624706722343,21.335516251856735,16.3953488372093,5.650522852886184,0.34482347248732825,1.043318992282398,-0.341153308444909,4.444965550849584,0.2907304797805892,0.8646310863737913,-0.3624098633689462,0.05409299270673906
tc40_buf2,"max_turnover=40%, buffer=2x",0.4,2.0,50,301,0.39847176079734214,0.6404651162790698,0.2422624706722343,21.335516251856735,16.3953488372093,5.650522852886184,0.34482347248732825,1.043318992282398,-0.341153308444909,3.1001417493409935,0.21356829270522404,0.6093536832526001,-0.4137209015127261,0.13125517978210421
tc40_buf2,"max_turnover=40%, buffer=2x",0.4,2.0,100,301,0.39847176079734214,0.6404651162790698,0.2422624706722343,21.335516251856735,16.3953488372093,5.650522852886184,0.34482347248732825,1.043318992282398,-0.341153308444909,1.6988369845606326,0.0948981673359619,0.21578597483170048,-0.4905281287533253,0.24992530515136635
tc40_buf3,"max_turnover=40%, buffer=3x",0.4,3.0,0,301,0.39847176079734214,0.6398671096345516,0.24006236620485027,22.454199735740655,15.687707641196013,6.0318573230667205,0.3599327956326823,1.0956102967581247,-0.3307405830494202,6.0318573230667205,0.3599327956326823,1.0956102967581247,-0.3307405830494202,0.0
tc40_buf3,"max_turnover=40%, buffer=3x",0.4,3.0,5,301,0.39847176079734214,0.6398671096345516,0.24006236620485027,22.454199735740655,15.687707641196013,6.0318573230667205,0.3599327956326823,1.0956102967581247,-0.3307405830494202,5.680725661272505,0.34605050555108696,1.0496859680047428,-0.3358081801314834,0.013882290081595361
tc40_buf3,"max_turnover=40%, buffer=3x",0.4,3.0,10,301,0.39847176079734214,0.6398671096345516,0.24006236620485027,22.454199735740655,15.687707641196013,6.0318573230667205,0.3599327956326823,1.0956102967581247,-0.3307405830494202,5.349970211211119,0.33230719317189905,1.0042079149144572,-0.34083840796244214,0.027625602460783272
tc40_buf3,"max_turnover=40%, buffer=3x",0.4,3.0,20,301,0.39847176079734214,0.6398671096345516,0.24006236620485027,22.454199735740655,15.687707641196013,6.0318573230667205,0.3599327956326823,1.0956102967581247,-0.3307405830494202,4.744941080094318,0.3052320588439683,0.9145734906749414,-0.3549986125876945,0.05470073678871401
tc40_buf3,"max_turnover=40%, buffer=3x",0.4,3.0,50,301,0.39847176079734214,0.6398671096345516,0.24006236620485027,22.454199735740655,15.687707641196013,6.0318573230667205,0.3599327956326823,1.0956102967581247,-0.3307405830494202,3.309359717703985,0.22720294131789642,0.6559422583410195,-0.40686589486421565,0.1327298543147859
tc40_buf3,"max_turnover=40%, buffer=3x",0.4,3.0,100,301,0.39847176079734214,0.6398671096345516,0.24006236620485027,22.454199735740655,15.687707641196013,6.0318573230667205,0.3599327956326823,1.0956102967581247,-0.3307405830494202,1.813485684919332,0.10719953666805515,0.2572087564462788,-0.4845711825247515,0.25273325896462717
tc40_buf4,"max_turnover=40%, buffer=4x",0.4,4.0,0,301,0.39847176079734214,0.6393355481727575,0.23864731805419107,23.232561688433055,15.29235880398671,5.987389842413224,0.35821238476712036,1.0950793795206004,-0.33124208639106245,5.987389842413224,0.35821238476712036,1.0950793795206004,-0.33124208639106245,0.0
tc40_buf4,"max_turnover=40%, buffer=4x",0.4,4.0,5,301,0.39847176079734214,0.6393355481727575,0.23864731805419107,23.232561688433055,15.29235880398671,5.987389842413224,0.35821238476712036,1.0950793795206004,-0.33124208639106245,5.638846759814666,0.3443476567612187,1.0489939951976794,-0.33630588611621726,0.013864728005901661
tc40_buf4,"max_turnover=40%, buffer=4x",0.4,4.0,10,301,0.39847176079734214,0.6393355481727575,0.23864731805419107,23.232561688433055,15.29235880398671,5.987389842413224,0.35821238476712036,1.0950793795206004,-0.33124208639106245,5.310529673393005,0.3306217306411321,1.0033564709949356,-0.34133234459256945,0.027590654125988268
tc40_buf4,"max_turnover=40%, buffer=4x",0.4,4.0,20,301,0.39847176079734214,0.6393355481727575,0.23864731805419107,23.232561688433055,15.29235880398671,5.987389842413224,0.35821238476712036,1.0950793795206004,-0.33124208639106245,4.709960880069651,0.3035808482669995,0.9134077969147203,-0.353715856783384,0.05463153650012087
tc40_buf4,"max_turnover=40%, buffer=4x",0.4,4.0,50,301,0.39847176079734214,0.6393355481727575,0.23864731805419107,23.232561688433055,15.29235880398671,5.987389842413224,0.35821238476712036,1.0950793795206004,-0.33124208639106245,3.2849627730581434,0.22565044307587057,0.6538702820230555,-0.4056862908649901,0.1325619416912498
tc40_buf4,"max_turnover=40%, buffer=4x",0.4,4.0,100,301,0.39847176079734214,0.6393355481727575,0.23864731805419107,23.232561688433055,15.29235880398671,5.987389842413224,0.35821238476712036,1.0950793795206004,-0.33124208639106245,1.8001164795004347,0.10579885119348886,0.2537410316025656,-0.4835461160361696,0.2524135335736315
tc50_buf1,"max_turnover=50%, buffer=1x",0.5,1.0,0,301,0.49282392026578076,0.7549501661129568,0.23895558079285065,21.70097128977085,12.252491694352159,7.745221498396552,0.4193630481128068,1.2934832190559664,-0.28343899334207245,7.745221498396552,0.4193630481128068,1.2934832190559662,-0.28343899334207245,0.0
tc50_buf1,"max_turnover=50%, buffer=1x",0.5,1.0,5,301,0.49282392026578076,0.7549501661129568,0.23895558079285065,21.70097128977085,12.252491694352159,7.745221498396552,0.4193630481128068,1.2934832190559664,-0.28343899334207245,7.191479220314823,0.40146460919957083,1.234270451553927,-0.285392779274524,0.017898438913235948
tc50_buf1,"max_turnover=50%, buffer=1x",0.5,1.0,10,301,0.49282392026578076,0.7549501661129568,0.23895558079285065,21.70097128977085,12.252491694352159,7.745221498396552,0.4193630481128068,1.2934832190559664,-0.28343899334207245,6.677203827289848,0.38378752097034186,1.1757693889941148,-0.28868035122401425,0.035575527142464924
tc50_buf1,"max_turnover=50%, buffer=1x",0.5,1.0,20,301,0.49282392026578076,0.7549501661129568,0.23895558079285065,21.70097128977085,12.252491694352159,7.745221498396552,0.4193630481128068,1.2934832190559664,-0.28343899334207245,5.756035629688609,0.3490866940169839,1.0608686473718925,-0.2991550601194737,0.07027635409582289
tc50_buf1,"max_turnover=50%, buffer=1x",0.5,1.0,50,301,0.49282392026578076,0.7549501661129568,0.23895558079285065,21.70097128977085,12.252491694352159,7.745221498396552,0.4193630481128068,1.2934832190559664,-0.28343899334207245,3.685682890636141,0.2500240095685584,0.7323877578449804,-0.36619299579374087,0.16933903854424837
tc50_buf1,"max_turnover=50%, buffer=1x",0.5,1.0,100,301,0.49282392026578076,0.7549501661129568,0.23895558079285065,21.70097128977085,12.252491694352159,7.745221498396552,0.4193630481128068,1.2934832190559664,-0.28343899334207245,1.7506531889098198,0.10054046565329866,0.2352701726136902,-0.4679752396384843,0.3188225824595081
tc50_buf2,"max_turnover=50%, buffer=2x",0.5,2.0,0,301,0.4930897009966778,0.7562126245847175,0.2359173246932785,23.13204572054158,10.461794019933555,8.033512728977154,0.42826492913853165,1.3264255179629483,-0.288257791598595,8.033512728977154,0.42826492913853165,1.3264255179629483,-0.288257791598595,0.0
tc50_buf2,"max_turnover=50%, buffer=2x",0.5,2.0,5,301,0.4930897009966778,0.7562126245847175,0.2359173246932785,23.13204572054158,10.461794019933555,8.033512728977154,0.42826492913853165,1.3264255179629483,-0.288257791598595,7.458860742835478,0.41024458362792315,1.266660396326864,-0.2935341558913911,0.018020345510608493
tc50_buf2,"max_turnover=50%, buffer=2x",0.5,2.0,10,301,0.4930897009966778,0.7562126245847175,0.2359173246932785,23.13204572054158,10.461794019933555,8.033512728977154,0.42826492913853165,1.3264255179629483,-0.288257791598595,6.925187263822478,0.3924472172284299,1.207614191356007,-0.29877270012009205,0.035817711910101746
tc50_buf2,"max_turnover=50%, buffer=2x",0.5,2.0,20,301,0.4930897009966778,0.7562126245847175,0.2359173246932785,23.13204572054158,10.461794019933555,8.033512728977154,0.42826492913853165,1.3264255179629483,-0.288257791598595,5.969329896569718,0.3575106345860457,1.091644430042473,-0.3095427866533067,0.07075429455248594
tc50_buf2,"max_turnover=50%, buffer=2x",0.5,2.0,50,301,0.4930897009966778,0.7562126245847175,0.2359173246932785,23.13204572054158,10.461794019933555,8.033512728977154,0.42826492913853165,1.3264255179629483,-0.288257791598595,3.8213391507156773,0.2577776127068261,0.7601201476252119,-0.3652567205819165,0.17048731643170556
tc50_buf2,"max_turnover=50%, buffer=2x",0.5,2.0,100,301,0.4930897009966778,0.7562126245847175,0.2359173246932785,23.13204572054158,10.461794019933555,8.033512728977154,0.42826492913853165,1.3264255179629483,-0.288257791598595,1.8143584422531833,0.10729067708408113,0.25843524496436876,-0.4671893196472299,0.3209742520544505
tc50_buf3,"max_turnover=50%, buffer=3x",0.5,3.0,0,301,0.493156146179402,0.7556810631229235,0.23414602707335136,24.06564693985148,9.813953488372093,8.143049596010426,0.43157788028235955,1.338846710168897,-0.29328032866137044,8.143049596010426,0.43157788028235955,1.338846710168897,-0.29328032866137044,0.0
tc50_buf3,"max_turnover=50%, buffer=3x",0.5,3.0,5,301,0.493156146179402,0.7556810631229235,0.23414602707335136,24.06564693985148,9.813953488372093,8.143049596010426,0.43157788028235955,1.338846710168897,-0.29328032866137044,7.560486611918538,0.4135133166418741,1.2788740345751084,-0.29851945933937696,0.018064563640485476
tc50_buf3,"max_turnover=50%, buffer=3x",0.5,3.0,10,301,0.493156146179402,0.7556810631229235,0.23414602707335136,24.06564693985148,9.813953488372093,8.143049596010426,0.43157788028235955,1.338846710168897,-0.29328032866137044,7.0194716643779405,0.39567230921062313,1.2196229138895651,-0.30372103683738016,0.03590557107173642
tc50_buf3,"max_turnover=50%, buffer=3x",0.5,3.0,20,301,0.493156146179402,0.7556810631229235,0.23414602707335136,24.06564693985148,9.813953488372093,8.143049596010426,0.43157788028235955,1.338846710168897,-0.29328032866137044,6.0504793895516285,0.36065014643451065,1.103251105582075,-0.31441512231551694,0.0709277338478489
tc50_buf3,"max_turnover=50%, buffer=3x",0.5,3.0,50,301,0.493156146179402,0.7556810631229235,0.23414602707335136,24.06564693985148,9.813953488372093,8.143049596010426,0.43157788028235955,1.338846710168897,-0.29328032866137044,3.8730547962748005,0.2606734872861938,0.7705806823815792,-0.36160335105295605,0.17090439299616578
tc50_buf3,"max_turnover=50%, buffer=3x",0.5,3.0,100,301,0.493156146179402,0.7556810631229235,0.23414602707335136,24.06564693985148,9.813953488372093,8.143049596010426,0.43157788028235955,1.338846710168897,-0.29328032866137044,1.8387276082762116,0.1098209474097731,0.2671712230287504,-0.4641226399872408,0.32175693287258644
tc50_buf4,"max_turnover=50%, buffer=4x",0.5,4.0,0,301,0.4930232558139535,0.7554152823920266,0.23292671179545102,24.76904734371698,9.44186046511628,8.13172402821105,0.43123705585354544,1.336613838378769,-0.29484158532652227,8.13172402821105,0.43123705585354544,1.336613838378769,-0.29484158532652227,0.0
tc50_buf4,"max_turnover=50%, buffer=4x",0.5,4.0,5,301,0.4930232558139535,0.7554152823920266,0.23292671179545102,24.76904734371698,9.44186046511628,8.13172402821105,0.43123705585354544,1.336613838378769,-0.29484158532652227,7.550122323731696,0.41318162932286406,1.2767252338516044,-0.30005513995017985,0.018055426530681373
tc50_buf4,"max_turnover=50%, buffer=4x",0.5,4.0,10,301,0.4930232558139535,0.7554152823920266,0.23292671179545102,24.76904734371698,9.44186046511628,8.13172402821105,0.43123705585354544,1.336613838378769,-0.29484158532652227,7.009989321354686,0.3953495859051839,1.2175565938393527,-0.3052314253337848,0.03588746994836156
tc50_buf4,"max_turnover=50%, buffer=4x",0.5,4.0,20,301,0.4930232558139535,0.7554152823920266,0.23292671179545102,24.76904734371698,9.44186046511628,8.13172402821105,0.43123705585354544,1.336613838378769,-0.29484158532652227,6.042548053110855,0.3603448431461418,1.1013450708805312,-0.3158749106328482,0.07089221270740365
tc50_buf4,"max_turnover=50%, buffer=4x",0.5,4.0,50,301,0.4930232558139535,0.7554152823920266,0.23292671179545102,24.76904734371698,9.44186046511628,8.13172402821105,0.43123705585354544,1.336613838378769,-0.29484158532652227,3.8684434442364655,0.2604165755083281,0.7691197495239787,-0.36425482866503367,0.17082048034521735
tc50_buf4,"max_turnover=50%, buffer=4x",0.5,4.0,100,301,0.4930232558139535,0.7554152823920266,0.23292671179545102,24.76904734371698,9.44186046511628,8.13172402821105,0.43123705585354544,1.336613838378769,-0.29484158532652227,1.8369082680552502,0.10963300709147794,0.26634325676028864,-0.46624895595937144,0.3216040487620675
tc60_buf1,"max_turnover=60%, buffer=1x",0.6,1.0,0,301,0.5781395348837208,0.8513621262458472,0.23356570138068747,23.38284070963178,7.431893687707642,10.314371066784771,0.49065462797762116,1.5245420281490267,-0.2686654461624348,10.314371066784771,0.49065462797762116,1.5245420281490267,-0.2686654461624348,0.0
tc60_buf1,"max_turnover=60%, buffer=1x",0.6,1.0,5,301,0.5781395348837208,0.8513621262458472,0.23356570138068747,23.38284070963178,7.431893687707642,10.314371066784771,0.49065462797762116,1.5245420281490267,-0.2686654461624348,9.45473293056362,0.46862672159388774,1.4520031696787246,-0.27096585860454714,0.02202790638373342
tc60_buf1,"max_turnover=60%, buffer=1x",0.6,1.0,10,301,0.5781395348837208,0.8513621262458472,0.23356570138068747,23.38284070963178,7.431893687707642,10.314371066784771,0.49065462797762116,1.5245420281490267,-0.2686654461624348,8.666519734037246,0.4469180309102716,1.3804842494573333,-0.2757617450723029,0.04373659706734956
tc60_buf1,"max_turnover=60%, buffer=1x",0.6,1.0,20,301,0.5781395348837208,0.8513621262458472,0.23356570138068747,23.38284070963178,7.431893687707642,10.314371066784771,0.49065462797762116,1.5245420281490267,-0.2686654461624348,7.281192006861174,0.404440221407399,1.2404498740216128,-0.28655360469555646,0.08621440657022217
tc60_buf1,"max_turnover=60%, buffer=1x",0.6,1.0,50,301,0.5781395348837208,0.8513621262458472,0.23356570138068747,23.38284070963178,7.431893687707642,10.314371066784771,0.49065462797762116,1.5245420281490267,-0.2686654461624348,4.315288837779331,0.28420916039810096,0.8433940522054941,-0.32447837569466276,0.2064454675795202
tc60_buf1,"max_turnover=60%, buffer=1x",0.6,1.0,100,301,0.5781395348837208,0.8513621262458472,0.23356570138068747,23.38284070963178,7.431893687707642,10.314371066784771,0.49065462797762116,1.5245420281490267,-0.2686654461624348,1.8008026724269273,0.10587095289358417,0.25232965154890047,-0.45107451991922787,0.384783675084037
tc60_buf2,"max_turnover=60%, buffer=2x",0.6,2.0,0,301,0.5776079734219268,0.8516279069767443,0.23113254657969873,24.511863698647826,5.737541528239203,10.492330268052031,0.4950234345552753,1.5410691360221196,-0.27019090717126204,10.492330268052031,0.4950234345552753,1.5410691360221196,-0.27019090717126204,0.0
tc60_buf2,"max_turnover=60%, buffer=2x",0.6,2.0,5,301,0.5776079734219268,0.8516279069767443,0.23113254657969873,24.511863698647826,5.737541528239203,10.492330268052031,0.4950234345552753,1.5410691360221196,-0.27019090717126204,9.618630023696614,0.472951133429077,1.4682975727436829,-0.2724865212765992,0.02207230112619829
tc60_buf2,"max_turnover=60%, buffer=2x",0.6,2.0,10,301,0.5776079734219268,0.8516279069767443,0.23113254657969873,24.511863698647826,5.737541528239203,10.492330268052031,0.4950234345552753,1.5410691360221196,-0.27019090717126204,8.817459171340749,0.4511983988324275,1.3965475880962153,-0.27758881175149996,0.043825035722847794
tc60_buf2,"max_turnover=60%, buffer=2x",0.6,2.0,20,301,0.5776079734219268,0.8516279069767443,0.23113254657969873,24.511863698647826,5.737541528239203,10.492330268052031,0.4950234345552753,1.5410691360221196,-0.27019090717126204,7.4091914138966395,0.4086335506484109,1.256055990275339,-0.28835344629103177,0.08638988390686442
tc60_buf2,"max_turnover=60%, buffer=2x",0.6,2.0,50,301,0.5776079734219268,0.8516279069767443,0.23113254657969873,24.511863698647826,5.737541528239203,10.492330268052031,0.4950234345552753,1.5410691360221196,-0.27019090717126204,4.3932658251853125,0.2881496985606151,0.8576674524036845,-0.32823701668398064,0.2068737359946602
tc60_buf2,"max_turnover=60%, buffer=2x",0.6,2.0,100,301,0.5776079734219268,0.8516279069767443,0.23113254657969873,24.511863698647826,5.737541528239203,10.492330268052031,0.4950234345552753,1.5410691360221196,-0.27019090717126204,1.834822731086499,0.10941737837861232,0.2645092829345572,-0.4531960546692836,0.385606056176663
tc60_buf3,"max_turnover=60%, buffer=3x",0.6,3.0,0,301,0.5776744186046512,0.8512292358803988,0.22967862204845677,25.26518963972581,5.196013289036545,10.500190321548143,0.4952149743839489,1.5392666260070353,-0.27135946746192297,10.500190321548143,0.4952149743839489,1.5392666260070353,-0.27135946746192297,0.0
tc60_buf3,"max_turnover=60%, buffer=3x",0.6,3.0,5,301,0.5776744186046512,0.8512292358803988,0.22967862204845677,25.26518963972581,5.196013289036545,10.500190321548143,0.4952149743839489,1.5392666260070353,-0.27135946746192297,9.625739283261868,0.4731373244938102,1.4665921894001084,-0.2768046193894552,0.022077649890138717
tc60_buf3,"max_turnover=60%, buffer=3x",0.6,3.0,10,301,0.5776744186046512,0.8512292358803988,0.22967862204845677,25.26518963972581,5.196013289036545,10.500190321548143,0.4952149743839489,1.5392666260070353,-0.27135946746192297,8.823887962525916,0.45137935517093974,1.3949381245137558,-0.28221064796776885,0.04383561921300916
tc60_buf3,"max_turnover=60%, buffer=3x",0.6,3.0,20,301,0.5776744186046512,0.8512292358803988,0.22967862204845677,25.26518963972581,5.196013289036545,10.500190321548143,0.4952149743839489,1.5392666260070353,-0.27135946746192297,7.414444904605112,0.4088043711275262,1.2546348027090317,-0.2929064126190998,0.08641060325642269
tc60_buf3,"max_turnover=60%, buffer=3x",0.6,3.0,50,301,0.5776744186046512,0.8512292358803988,0.22967862204845677,25.26518963972581,5.196013289036545,10.500190321548143,0.4952149743839489,1.5392666260070353,-0.27135946746192297,4.396116078852576,0.2882926333559248,0.8567835861155457,-0.32408244412807186,0.2069223410280241
tc60_buf3,"max_turnover=60%, buffer=3x",0.6,3.0,100,301,0.5776744186046512,0.8512292358803988,0.22967862204845677,25.26518963972581,5.196013289036545,10.500190321548143,0.4952149743839489,1.5392666260070353,-0.27135946746192297,1.835828007010914,0.10952134163700711,0.26443558849217425,-0.44899238335201375,0.3856936327469418
tc60_buf4,"max_turnover=60%, buffer=4x",0.6,4.0,0,301,0.5777408637873754,0.8513621262458472,0.22865558273506592,25.86953986555577,4.900332225913621,10.16007433543636,0.4868158555171622,1.5117433516553498,-0.2707735590407677,10.16007433543636,0.4868158555171622,1.5117433516553498,-0.2707735590407677,0.0
tc60_buf4,"max_turnover=60%, buffer=4x",0.6,4.0,5,301,0.5777408637873754,0.8513621262458472,0.22865558273506592,25.86953986555577,4.900332225913621,10.16007433543636,0.4868158555171622,1.5117433516553498,-0.2707735590407677,9.313854834117679,0.4648597163315602,1.4394498243006075,-0.2762230894790012,0.02195613918560202
tc60_buf4,"max_turnover=60%, buffer=4x",0.6,4.0,10,301,0.5777408637873754,0.8513621262458472,0.22865558273506592,25.86953986555577,4.900332225913621,10.16007433543636,0.4868158555171622,1.5117433516553498,-0.2707735590407677,8.537898915521351,0.44322153455705027,1.3681714952828459,-0.28163346510847065,0.043594320960111954
tc60_buf4,"max_turnover=60%, buffer=4x",0.6,4.0,20,301,0.5777408637873754,0.8513621262458472,0.22865558273506592,25.86953986555577,4.900332225913621,10.16007433543636,0.4868158555171622,1.5117433516553498,-0.2707735590407677,7.173993263751744,0.40088105158920273,1.2286044012631319,-0.29233783034994143,0.08593480392795949
tc60_buf4,"max_turnover=60%, buffer=4x",0.6,4.0,50,301,0.5777408637873754,0.8513621262458472,0.22865558273506592,25.86953986555577,4.900332225913621,10.16007433543636,0.4868158555171622,1.5117433516553498,-0.2707735590407677,4.253293064564758,0.2810338853586618,0.8328447279778379,-0.32808876533632125,0.20578197015850042
tc60_buf4,"max_turnover=60%, buffer=4x",0.6,4.0,100,301,0.5777408637873754,0.8513621262458472,0.22865558273506592,25.86953986555577,4.900332225913621,10.16007433543636,0.4868158555171622,1.5117433516553498,-0.2707735590407677,1.7760056013000998,0.10325081902069377,0.2436223199497806,-0.4582151877900196,0.38356503649646845
