signal_date,apply_year,factor_data_date,num_factors,used_factors,pool_size,min_required_factors
2020-01-03,2020,2020-01-03,51,49,500,11
2020-01-10,2020,2020-01-10,51,49,500,11
2020-01-17,2020,2020-01-17,51,49,500,11
2020-01-23,2020,2020-01-23,51,49,500,11
2020-02-07,2020,2020-02-07,51,49,500,11
2020-02-14,2020,2020-02-14,51,49,500,11
2020-02-21,2020,2020-02-21,51,49,500,11
2020-02-28,2020,2020-02-28,51,49,500,11
2020-03-06,2020,2020-03-06,51,49,500,11
2020-03-13,2020,2020-03-13,51,49,500,11
2020-03-20,2020,2020-03-20,51,49,500,11
2020-03-27,2020,2020-03-27,51,49,500,11
2020-04-03,2020,2020-04-03,51,49,500,11
2020-04-10,2020,2020-04-10,51,49,500,11
2020-04-17,2020,2020-04-17,51,49,500,11
2020-04-24,2020,2020-04-24,51,49,500,11
2020-04-30,2020,2020-04-30,51,49,500,11
2020-05-08,2020,2020-05-08,51,49,500,11
2020-05-15,2020,2020-05-15,51,49,500,11
2020-05-22,2020,2020-05-22,51,49,500,11
2020-05-29,2020,2020-05-29,51,49,500,11
2020-06-05,2020,2020-06-05,51,49,500,11
2020-06-12,2020,2020-06-12,51,49,500,11
2020-06-19,2020,2020-06-19,51,49,500,11
2020-06-24,2020,2020-06-24,51,49,500,11
2020-07-03,2020,2020-07-03,51,50,500,11
2020-07-10,2020,2020-07-10,51,50,500,11
2020-07-17,2020,2020-07-17,51,50,500,11
2020-07-24,2020,2020-07-24,51,50,500,11
2020-07-31,2020,2020-07-31,51,50,500,11
2020-08-07,2020,2020-08-07,51,50,500,11
2020-08-14,2020,2020-08-14,51,50,500,11
2020-08-21,2020,2020-08-21,51,50,500,11
2020-08-28,2020,2020-08-28,51,50,500,11
2020-09-04,2020,2020-09-04,51,50,500,11
2020-09-11,2020,2020-09-11,51,50,500,11
2020-09-18,2020,2020-09-18,51,50,500,11
2020-09-25,2020,2020-09-25,51,50,500,11
2020-09-30,2020,2020-09-30,51,50,500,11
2020-10-09,2020,2020-10-09,51,50,500,11
2020-10-16,2020,2020-10-16,51,50,500,11
2020-10-23,2020,2020-10-23,51,50,500,11
2020-10-30,2020,2020-10-30,51,50,500,11
2020-11-06,2020,2020-11-06,51,50,500,11
2020-11-13,2020,2020-11-13,51,50,500,11
2020-11-20,2020,2020-11-20,51,50,500,11
2020-11-27,2020,2020-11-27,51,50,500,11
2020-12-04,2020,2020-12-04,51,50,500,11
2020-12-11,2020,2020-12-11,51,50,500,11
2020-12-18,2020,2020-12-18,51,50,500,11
2020-12-25,2020,2020-12-25,51,50,500,11
2020-12-31,2020,2020-12-31,51,50,500,11
2021-01-08,2021,2021-01-08,40,40,500,8
2021-01-15,2021,2021-01-15,40,40,500,8
2021-01-22,2021,2021-01-22,40,40,500,8
2021-01-29,2021,2021-01-29,40,40,500,8
2021-02-05,2021,2021-02-05,40,40,500,8
2021-02-10,2021,2021-02-10,40,40,500,8
2021-02-19,2021,2021-02-19,40,40,500,8
2021-02-26,2021,2021-02-26,40,40,500,8
2021-03-05,2021,2021-03-05,40,40,500,8
2021-03-12,2021,2021-03-12,40,40,500,8
2021-03-19,2021,2021-03-19,40,40,500,8
2021-03-26,2021,2021-03-26,40,40,500,8
2021-04-02,2021,2021-04-02,40,40,500,8
2021-04-09,2021,2021-04-09,40,40,500,8
2021-04-16,2021,2021-04-16,40,40,500,8
2021-04-23,2021,2021-04-23,40,40,500,8
2021-04-30,2021,2021-04-30,40,40,500,8
2021-05-07,2021,2021-05-07,40,40,500,8
2021-05-14,2021,2021-05-14,40,40,500,8
2021-05-21,2021,2021-05-21,40,40,500,8
2021-05-28,2021,2021-05-28,40,40,500,8
2021-06-04,2021,2021-06-04,40,40,500,8
2021-06-11,2021,2021-06-11,40,40,500,8
2021-06-18,2021,2021-06-18,40,40,500,8
2021-06-25,2021,2021-06-25,40,40,500,8
2021-07-02,2021,2021-07-02,40,40,500,8
2021-07-09,2021,2021-07-09,40,40,500,8
2021-07-16,2021,2021-07-16,40,40,500,8
2021-07-23,2021,2021-07-23,40,40,500,8
2021-07-30,2021,2021-07-30,40,40,500,8
2021-08-06,2021,2021-08-06,40,40,500,8
2021-08-13,2021,2021-08-13,40,40,500,8
2021-08-20,2021,2021-08-20,40,40,500,8
2021-08-27,2021,2021-08-27,40,40,500,8
2021-09-03,2021,2021-09-03,40,40,500,8
2021-09-10,2021,2021-09-10,40,40,500,8
2021-09-17,2021,2021-09-17,40,40,500,8
2021-09-24,2021,2021-09-24,40,40,500,8
2021-09-30,2021,2021-09-30,40,40,500,8
2021-10-08,2021,2021-10-08,40,40,500,8
2021-10-15,2021,2021-10-15,40,40,500,8
2021-10-22,2021,2021-10-22,40,40,500,8
2021-10-29,2021,2021-10-29,40,40,500,8
2021-11-05,2021,2021-11-05,40,40,500,8
2021-11-12,2021,2021-11-12,40,40,500,8
2021-11-19,2021,2021-11-19,40,40,500,8
2021-11-26,2021,2021-11-26,40,40,500,8
2021-12-03,2021,2021-12-03,40,40,500,8
2021-12-10,2021,2021-12-10,40,40,500,8
2021-12-17,2021,2021-12-17,40,40,500,8
2021-12-24,2021,2021-12-24,40,40,500,8
2021-12-31,2021,2021-12-31,40,40,500,8
2022-01-07,2022,2022-01-07,46,46,500,10
2022-01-14,2022,2022-01-14,46,46,500,10
2022-01-21,2022,2022-01-21,46,46,500,10
2022-01-28,2022,2022-01-28,46,46,500,10
2022-02-11,2022,2022-02-11,46,46,500,10
2022-02-18,2022,2022-02-18,46,46,500,10
2022-02-25,2022,2022-02-25,46,46,500,10
2022-03-04,2022,2022-03-04,46,46,500,10
2022-03-11,2022,2022-03-11,46,46,500,10
2022-03-18,2022,2022-03-18,46,46,500,10
2022-03-25,2022,2022-03-25,46,46,500,10
2022-04-01,2022,2022-04-01,46,46,500,10
2022-04-08,2022,2022-04-08,46,46,500,10
2022-04-15,2022,2022-04-15,46,46,500,10
2022-04-22,2022,2022-04-22,46,46,500,10
2022-04-29,2022,2022-04-29,46,46,500,10
2022-05-06,2022,2022-05-06,46,46,500,10
2022-05-13,2022,2022-05-13,46,46,500,10
2022-05-20,2022,2022-05-20,46,46,500,10
2022-05-27,2022,2022-05-27,46,46,500,10
2022-06-02,2022,2022-06-02,46,46,500,10
2022-06-10,2022,2022-06-10,46,46,500,10
2022-06-17,2022,2022-06-17,46,46,500,10
2022-06-24,2022,2022-06-24,46,46,500,10
2022-07-01,2022,2022-07-01,46,46,500,10
2022-07-08,2022,2022-07-08,46,46,500,10
2022-07-15,2022,2022-07-15,46,46,500,10
2022-07-22,2022,2022-07-22,46,46,500,10
2022-07-29,2022,2022-07-29,46,46,500,10
2022-08-05,2022,2022-08-05,46,46,500,10
2022-08-12,2022,2022-08-12,46,46,500,10
2022-08-19,2022,2022-08-19,46,46,500,10
2022-08-26,2022,2022-08-26,46,46,500,10
2022-09-02,2022,2022-09-02,46,46,500,10
2022-09-09,2022,2022-09-09,46,46,500,10
2022-09-16,2022,2022-09-16,46,46,500,10
2022-09-23,2022,2022-09-23,46,46,500,10
2022-09-30,2022,2022-09-30,46,46,500,10
2022-10-14,2022,2022-10-14,46,46,500,10
2022-10-21,2022,2022-10-21,46,46,500,10
2022-10-28,2022,2022-10-28,46,46,500,10
2022-11-04,2022,2022-11-04,46,46,500,10
2022-11-11,2022,2022-11-11,46,46,500,10
2022-11-18,2022,2022-11-18,46,46,500,10
2022-11-25,2022,2022-11-25,46,46,500,10
2022-12-02,2022,2022-12-02,46,46,500,10
2022-12-09,2022,2022-12-09,46,46,500,10
2022-12-16,2022,2022-12-16,46,46,500,10
2022-12-23,2022,2022-12-23,46,46,500,10
2022-12-30,2022,2022-12-30,46,46,500,10
2023-01-06,2023,2023-01-06,45,44,500,9
2023-01-13,2023,2023-01-13,45,44,500,9
2023-01-20,2023,2023-01-20,45,44,500,9
2023-02-03,2023,2023-02-03,45,44,500,9
2023-02-10,2023,2023-02-10,45,44,500,9
2023-02-17,2023,2023-02-17,45,44,500,9
2023-02-24,2023,2023-02-24,45,44,500,9
2023-03-03,2023,2023-03-03,45,44,500,9
2023-03-10,2023,2023-03-10,45,44,500,9
2023-03-17,2023,2023-03-17,45,44,500,9
2023-03-24,2023,2023-03-24,45,44,500,9
2023-03-31,2023,2023-03-31,45,44,500,9
2023-04-07,2023,2023-04-07,45,45,500,9
2023-04-14,2023,2023-04-14,45,45,500,9
2023-04-21,2023,2023-04-21,45,45,500,9
2023-04-28,2023,2023-04-28,45,45,500,9
2023-05-05,2023,2023-05-05,45,45,500,9
2023-05-12,2023,2023-05-12,45,45,500,9
2023-05-19,2023,2023-05-19,45,45,500,9
2023-05-26,2023,2023-05-26,45,45,500,9
2023-06-02,2023,2023-06-02,45,45,500,9
2023-06-09,2023,2023-06-09,45,45,500,9
2023-06-16,2023,2023-06-16,45,45,500,9
2023-06-21,2023,2023-06-21,45,45,500,9
2023-06-30,2023,2023-06-30,45,45,500,9
2023-07-07,2023,2023-07-07,45,44,500,9
2023-07-14,2023,2023-07-14,45,44,500,9
2023-07-21,2023,2023-07-21,45,44,500,9
2023-07-28,2023,2023-07-28,45,44,500,9
2023-08-04,2023,2023-08-04,45,44,500,9
2023-08-11,2023,2023-08-11,45,44,500,9
2023-08-18,2023,2023-08-18,45,44,500,9
2023-08-25,2023,2023-08-25,45,44,500,9
2023-09-01,2023,2023-09-01,45,44,500,9
2023-09-08,2023,2023-09-08,45,44,500,9
2023-09-15,2023,2023-09-15,45,44,500,9
2023-09-22,2023,2023-09-22,45,44,500,9
2023-09-28,2023,2023-09-28,45,44,500,9
2023-10-13,2023,2023-10-13,45,45,500,9
2023-10-20,2023,2023-10-20,45,45,500,9
2023-10-27,2023,2023-10-27,45,45,500,9
2023-11-03,2023,2023-11-03,45,45,500,9
2023-11-10,2023,2023-11-10,45,45,500,9
2023-11-17,2023,2023-11-17,45,45,500,9
2023-11-24,2023,2023-11-24,45,45,500,9
2023-12-01,2023,2023-12-01,45,45,500,9
2023-12-08,2023,2023-12-08,45,45,500,9
2023-12-15,2023,2023-12-15,45,45,500,9
2023-12-22,2023,2023-12-22,45,45,500,9
2023-12-29,2023,2023-12-29,45,45,500,9
2024-01-05,2024,2024-01-05,45,45,500,9
2024-01-12,2024,2024-01-12,45,45,500,9
2024-01-19,2024,2024-01-19,45,45,500,9
2024-01-26,2024,2024-01-26,45,45,500,9
2024-02-02,2024,2024-02-02,45,45,500,9
2024-02-08,2024,2024-02-08,45,45,500,9
2024-02-23,2024,2024-02-23,45,45,500,9
2024-03-01,2024,2024-03-01,45,45,500,9
2024-03-08,2024,2024-03-08,45,45,500,9
2024-03-15,2024,2024-03-15,45,45,500,9
2024-03-22,2024,2024-03-22,45,45,500,9
2024-03-29,2024,2024-03-29,45,45,500,9
2024-04-03,2024,2024-04-03,45,45,500,9
2024-04-12,2024,2024-04-12,45,45,500,9
2024-04-19,2024,2024-04-19,45,45,500,9
2024-04-26,2024,2024-04-26,45,45,500,9
2024-04-30,2024,2024-04-30,45,45,500,9
2024-05-10,2024,2024-05-10,45,45,500,9
2024-05-17,2024,2024-05-17,45,45,500,9
2024-05-24,2024,2024-05-24,45,45,500,9
2024-05-31,2024,2024-05-31,45,45,500,9
2024-06-07,2024,2024-06-07,45,45,500,9
2024-06-14,2024,2024-06-14,45,45,500,9
2024-06-21,2024,2024-06-21,45,45,500,9
2024-06-28,2024,2024-06-28,45,45,500,9
2024-07-05,2024,2024-07-05,45,45,500,9
2024-07-12,2024,2024-07-12,45,45,500,9
2024-07-19,2024,2024-07-19,45,45,500,9
2024-07-26,2024,2024-07-26,45,45,500,9
2024-08-02,2024,2024-08-02,45,45,500,9
2024-08-09,2024,2024-08-09,45,45,500,9
2024-08-16,2024,2024-08-16,45,45,500,9
2024-08-23,2024,2024-08-23,45,45,500,9
2024-08-30,2024,2024-08-30,45,45,500,9
2024-09-06,2024,2024-09-06,45,45,500,9
2024-09-13,2024,2024-09-13,45,45,500,9
2024-09-20,2024,2024-09-20,45,45,500,9
2024-09-27,2024,2024-09-27,45,45,500,9
2024-09-30,2024,2024-09-30,45,45,500,9
2024-10-11,2024,2024-10-11,45,45,500,9
2024-10-18,2024,2024-10-18,45,45,500,9
2024-10-25,2024,2024-10-25,45,45,500,9
2024-11-01,2024,2024-11-01,45,45,500,9
2024-11-08,2024,2024-11-08,45,45,500,9
2024-11-15,2024,2024-11-15,45,45,500,9
2024-11-22,2024,2024-11-22,45,45,500,9
2024-11-29,2024,2024-11-29,45,45,500,9
2024-12-06,2024,2024-12-06,45,45,500,9
2024-12-13,2024,2024-12-13,45,45,500,9
2024-12-20,2024,2024-12-20,45,45,500,9
2024-12-27,2024,2024-12-27,45,45,500,9
2025-01-03,2025,2025-01-03,35,35,500,7
2025-01-10,2025,2025-01-10,35,35,500,7
2025-01-17,2025,2025-01-17,35,35,500,7
2025-01-24,2025,2025-01-24,35,35,500,7
2025-01-27,2025,2025-01-27,35,35,500,7
2025-02-07,2025,2025-02-07,35,35,500,7
2025-02-14,2025,2025-02-14,35,35,500,7
2025-02-21,2025,2025-02-21,35,35,500,7
2025-02-28,2025,2025-02-28,35,35,500,7
2025-03-07,2025,2025-03-07,35,35,500,7
2025-03-14,2025,2025-03-14,35,35,500,7
2025-03-21,2025,2025-03-21,35,35,500,7
2025-03-28,2025,2025-03-28,35,35,500,7
2025-04-03,2025,2025-04-03,35,35,500,7
2025-04-11,2025,2025-04-11,35,35,500,7
2025-04-18,2025,2025-04-18,35,35,500,7
2025-04-25,2025,2025-04-25,35,35,500,7
2025-04-30,2025,2025-04-30,35,35,500,7
2025-05-09,2025,2025-05-09,35,35,500,7
2025-05-16,2025,2025-05-16,35,35,500,7
2025-05-23,2025,2025-05-23,35,35,500,7
2025-05-30,2025,2025-05-30,35,35,500,7
2025-06-06,2025,2025-06-06,35,35,500,7
2025-06-13,2025,2025-06-13,35,35,500,7
2025-06-20,2025,2025-06-20,35,35,500,7
2025-06-27,2025,2025-06-27,35,35,500,7
2025-07-04,2025,2025-07-04,35,35,500,7
2025-07-11,2025,2025-07-11,35,35,500,7
2025-07-18,2025,2025-07-18,35,35,500,7
2025-07-25,2025,2025-07-25,35,35,500,7
2025-08-01,2025,2025-08-01,35,35,500,7
2025-08-08,2025,2025-08-08,35,35,500,7
2025-08-15,2025,2025-08-15,35,35,500,7
2025-08-22,2025,2025-08-22,35,35,500,7
2025-08-29,2025,2025-08-29,35,35,500,7
2025-09-05,2025,2025-09-05,35,35,500,7
2025-09-12,2025,2025-09-12,35,35,500,7
2025-09-19,2025,2025-09-19,35,35,500,7
2025-09-26,2025,2025-09-26,35,35,500,7
2025-09-30,2025,2025-09-30,35,35,500,7
2025-10-10,2025,2025-10-10,35,10,500,7
2025-10-17,2025,2025-10-17,35,10,500,7
2025-10-24,2025,2025-10-24,35,10,500,7
2025-10-31,2025,2025-10-31,35,10,500,7
2025-11-07,2025,2025-11-07,35,10,500,7
2025-11-14,2025,2025-11-14,35,10,500,7
2025-11-21,2025,2025-11-21,35,10,500,7
2025-11-28,2025,2025-11-28,35,10,500,7
2025-12-05,2025,2025-12-05,35,10,500,7
2025-12-12,2025,2025-12-12,35,10,500,7
2025-12-19,2025,2025-12-19,35,10,500,7
