signal_date,apply_year,factor_data_date,num_factors,used_factors,pool_size,min_required_factors,pre_market_filter_count,post_market_filter_count,market_filter_date,float_cap_threshold,amount_threshold
2020-01-03,2020,2020-01-03,51,49,500,11,1805,1150,2020-01-03,3297704000.0000005,44894280.0
2020-01-10,2020,2020-01-10,51,49,500,11,1805,1150,2020-01-10,3375824000.0,38544740.0
2020-01-17,2020,2020-01-17,51,49,500,11,1805,1149,2020-01-17,3379484000.0,31056000.0
2020-01-23,2020,2020-01-23,51,49,500,11,1805,1149,2020-01-23,3224410000.0,47288940.0
2020-02-07,2020,2020-02-07,51,49,500,11,1799,1149,2020-02-07,3154112000.0,50994320.0
2020-02-14,2020,2020-02-14,51,49,500,11,1799,1149,2020-02-14,3233904000.0,37799500.0
2020-02-21,2020,2020-02-21,51,49,500,11,1799,1149,2020-02-21,3498966000.0,71532020.0
2020-02-28,2020,2020-02-28,51,49,500,11,1799,1149,2020-02-28,3314876000.0,80451139.99999999
2020-03-06,2020,2020-03-06,51,49,500,11,1799,1149,2020-03-06,3629312000.0,76442280.0
2020-03-13,2020,2020-03-13,51,49,500,11,1799,1149,2020-03-13,3435416000.0,70071280.0
2020-03-20,2020,2020-03-20,51,49,500,11,1799,1149,2020-03-20,3281142000.0000005,39259440.0
2020-03-27,2020,2020-03-27,51,49,500,11,1799,1149,2020-03-27,3256050000.0000005,39047880.0
2020-04-03,2020,2020-04-03,51,49,500,11,1799,1149,2020-04-03,3218960000.0,30140040.0
2020-04-10,2020,2020-04-10,51,49,500,11,1799,1149,2020-04-10,3314260000.0,41815400.0
2020-04-17,2020,2020-04-17,51,49,500,11,1799,1149,2020-04-17,3314780000.0,39419400.0
2020-04-24,2020,2020-04-24,51,49,500,11,1799,1147,2020-04-24,3288282000.0,39797100.0
2020-04-30,2020,2020-04-30,51,49,500,11,1799,1143,2020-04-30,3273830000.0,41117280.0
2020-05-08,2020,2020-05-08,51,49,500,11,1799,1137,2020-05-08,3354536000.0,38629400.0
2020-05-15,2020,2020-05-15,51,49,500,11,1799,1137,2020-05-15,3359304000.0,31951200.0
2020-05-22,2020,2020-05-22,51,49,500,11,1799,1137,2020-05-22,3256012000.0,35114000.0
2020-05-29,2020,2020-05-29,51,49,500,11,1799,1137,2020-05-29,3343904000.0,29786100.0
2020-06-05,2020,2020-06-05,51,49,500,11,1799,1137,2020-06-05,3454940000.0,36546100.0
2020-06-12,2020,2020-06-12,51,49,500,11,1799,1137,2020-06-12,3426210000.0,39947200.0
2020-06-19,2020,2020-06-19,51,49,500,11,1799,1134,2020-06-19,3483742000.0,42974500.0
2020-06-24,2020,2020-06-24,51,49,500,11,1799,1133,2020-06-24,3459272000.0,34388420.0
2020-07-03,2020,2020-07-03,51,50,500,11,1799,1129,2020-07-03,3608366000.0,78559680.0
2020-07-10,2020,2020-07-10,51,50,500,11,1799,1129,2020-07-10,3944390000.0,126174400.0
2020-07-17,2020,2020-07-17,51,50,500,11,1799,1129,2020-07-17,3809802000.0,75456000.0
2020-07-24,2020,2020-07-24,51,50,500,11,1799,1129,2020-07-24,3852060000.0,101170600.0
2020-07-31,2020,2020-07-31,51,50,500,11,1799,1129,2020-07-31,4023348000.0,76077600.0
2020-08-07,2020,2020-08-07,51,50,500,11,1972,1259,2020-08-07,4006788000.0,83606740.0
2020-08-14,2020,2020-08-14,51,50,500,11,1972,1259,2020-08-14,4004956000.0,60182000.0
2020-08-21,2020,2020-08-21,51,50,500,11,1972,1259,2020-08-21,4026112000.0,57556820.0
2020-08-28,2020,2020-08-28,51,50,500,11,1972,1258,2020-08-28,4103110000.0,64778700.00000001
2020-09-04,2020,2020-09-04,51,50,500,11,1972,1258,2020-09-04,4112890000.0,55173120.0
2020-09-11,2020,2020-09-11,51,50,500,11,1972,1258,2020-09-11,3905436000.0,44266040.0
2020-09-18,2020,2020-09-18,51,50,500,11,1972,1258,2020-09-18,3995990000.0,47946520.0
2020-09-25,2020,2020-09-25,51,50,500,11,1972,1257,2020-09-25,3788640000.0,30670240.000000004
2020-09-30,2020,2020-09-30,51,50,500,11,1972,1257,2020-09-30,3742192000.0,29859640.000000004
2020-10-09,2020,2020-10-09,51,50,500,11,1972,1257,2020-10-09,3859782000.0,38686800.00000001
2020-10-16,2020,2020-10-16,51,50,500,11,1972,1257,2020-10-16,3932842000.0,34928040.000000015
2020-10-23,2020,2020-10-23,51,50,500,11,1972,1257,2020-10-23,3840854000.0,31883960.000000004
2020-10-30,2020,2020-10-30,51,50,500,11,1972,1257,2020-10-30,3713962000.0,47815900.0
2020-11-06,2020,2020-11-06,51,50,500,11,1972,1257,2020-11-06,3782350000.0,38525300.00000001
2020-11-13,2020,2020-11-13,51,50,500,11,1972,1257,2020-11-13,3826298000.0,35020860.0
2020-11-20,2020,2020-11-20,51,50,500,11,1972,1257,2020-11-20,3886776000.0,39299860.0
2020-11-27,2020,2020-11-27,51,50,500,11,1972,1257,2020-11-27,3836198000.0,35888340.0
2020-12-04,2020,2020-12-04,51,50,500,11,1972,1257,2020-12-04,3864140000.0,36629960.0
2020-12-11,2020,2020-12-11,51,50,500,11,1972,1257,2020-12-11,3709376000.0,46084040.000000015
2020-12-18,2020,2020-12-18,51,50,500,11,1972,1257,2020-12-18,3671130000.0,34623300.00000001
2020-12-25,2020,2020-12-25,51,50,500,11,1972,1257,2020-12-25,3571674000.0,35693300.0
2020-12-31,2020,2020-12-31,51,50,500,11,1972,1257,2020-12-31,3625100000.0,41349300.0
2021-01-08,2021,2021-01-08,40,40,500,8,1972,1257,2021-01-08,3473068000.0,43942500.0
2021-01-15,2021,2021-01-15,40,40,500,8,1972,1257,2021-01-15,3407160000.0,35462000.0
2021-01-22,2021,2021-01-22,40,40,500,8,1972,1257,2021-01-22,3429246000.0,41326140.00000001
2021-01-29,2021,2021-01-29,40,40,500,8,2059,1317,2021-01-29,3206172000.0,38283100.0
2021-02-05,2021,2021-02-05,40,40,500,8,2059,1317,2021-02-05,3071162000.0,28911100.0
2021-02-10,2021,2021-02-10,40,40,500,8,2059,1317,2021-02-10,3150114000.0,28414200.0
2021-02-19,2021,2021-02-19,40,40,500,8,2059,1316,2021-02-19,3349834000.0,45863660.0
2021-02-26,2021,2021-02-26,40,40,500,8,2059,1316,2021-02-26,3334364000.0,35992120.0
2021-03-05,2021,2021-03-05,40,40,500,8,2059,1316,2021-03-05,3488820000.0,39458000.0
2021-03-12,2021,2021-03-12,40,40,500,8,2059,1316,2021-03-12,3341130000.0,34524840.0
2021-03-19,2021,2021-03-19,40,40,500,8,2059,1316,2021-03-19,3394530000.0,34276880.0
2021-03-26,2021,2021-03-26,40,40,500,8,2059,1316,2021-03-26,3464930000.0,33209040.0
2021-04-02,2021,2021-04-02,40,40,500,8,2059,1316,2021-04-02,3417370000.0,32224680.0
2021-04-09,2021,2021-04-09,40,40,500,8,2059,1316,2021-04-09,3452446000.0,29851520.0
2021-04-16,2021,2021-04-16,40,40,500,8,2059,1316,2021-04-16,3510640000.0,37185900.0
2021-04-23,2021,2021-04-23,40,40,500,8,2059,1316,2021-04-23,3466550000.0,35564820.0
2021-04-30,2021,2021-04-30,40,40,500,8,2059,1306,2021-04-30,3366188000.0,38752140.0
2021-05-07,2021,2021-05-07,40,40,500,8,2059,1302,2021-05-07,3399168000.0,36311820.0
2021-05-14,2021,2021-05-14,40,40,500,8,2059,1302,2021-05-14,3514132000.0,41956260.00000001
2021-05-21,2021,2021-05-21,40,40,500,8,2059,1302,2021-05-21,3450066000.0,30301720.000000004
2021-05-28,2021,2021-05-28,40,40,500,8,2059,1302,2021-05-28,3532186000.0,42502560.0
2021-06-04,2021,2021-06-04,40,40,500,8,2059,1302,2021-06-04,3594640000.0,39900100.0
2021-06-11,2021,2021-06-11,40,40,500,8,2059,1302,2021-06-11,3612652000.0,48857280.0
2021-06-18,2021,2021-06-18,40,40,500,8,2059,1302,2021-06-18,3630594000.0,36807400.0
2021-06-25,2021,2021-06-25,40,40,500,8,2116,1347,2021-06-25,3827972000.0,43198500.0
2021-07-02,2021,2021-07-02,40,40,500,8,2116,1347,2021-07-02,3783448000.0,39799320.0
2021-07-09,2021,2021-07-09,40,40,500,8,2116,1346,2021-07-09,3869676000.0,40206100.0
2021-07-16,2021,2021-07-16,40,40,500,8,2116,1346,2021-07-16,3830130000.0,45356800.0
2021-07-23,2021,2021-07-23,40,40,500,8,2116,1346,2021-07-23,3871862000.0000005,56881240.0
2021-07-30,2021,2021-07-30,40,40,500,8,2116,1346,2021-07-30,3792708000.0,50100880.0
2021-08-06,2021,2021-08-06,40,40,500,8,2116,1346,2021-08-06,3845066000.0,46847820.0
2021-08-13,2021,2021-08-13,40,40,500,8,2116,1346,2021-08-13,3955998000.0,51359020.0
2021-08-20,2021,2021-08-20,40,40,500,8,2116,1345,2021-08-20,3826792000.0000005,48947920.000000015
2021-08-27,2021,2021-08-27,40,40,500,8,2116,1345,2021-08-27,3919972000.0,57830100.0
2021-09-03,2021,2021-09-03,40,40,500,8,2116,1345,2021-09-03,4009676000.0,74358100.0
2021-09-10,2021,2021-09-10,40,40,500,8,2116,1345,2021-09-10,4055900000.0,76619400.0
2021-09-17,2021,2021-09-17,40,40,500,8,2115,1344,2021-09-17,3962044000.0,59897360.000000015
2021-09-24,2021,2021-09-24,40,40,500,8,2115,1344,2021-09-24,3924060000.0,60985240.0
2021-09-30,2021,2021-09-30,40,40,500,8,2115,1344,2021-09-30,3819248000.0,40022920.0
2021-10-08,2021,2021-10-08,40,40,500,8,2115,1344,2021-10-08,3888658000.0,47573460.0
2021-10-15,2021,2021-10-15,40,40,500,8,2115,1344,2021-10-15,3800276000.0,40525180.0
2021-10-22,2021,2021-10-22,40,40,500,8,2115,1344,2021-10-22,3789698000.0,41532440.0
2021-10-29,2021,2021-10-29,40,40,500,8,2115,1344,2021-10-29,3696558000.0,41110440.0
2021-11-05,2021,2021-11-05,40,40,500,8,2115,1344,2021-11-05,3757344000.0,44543780.0
2021-11-12,2021,2021-11-12,40,40,500,8,2115,1344,2021-11-12,3942028000.0,48678400.0
2021-11-19,2021,2021-11-19,40,40,500,8,2115,1344,2021-11-19,4055102000.0,54271280.0
2021-11-26,2021,2021-11-26,40,40,500,8,2115,1344,2021-11-26,4108100000.0,51279880.0
2021-12-03,2021,2021-12-03,40,40,500,8,2115,1344,2021-12-03,4161172000.0,56476080.0
2021-12-10,2021,2021-12-10,40,40,500,8,2115,1344,2021-12-10,4113144000.0,61855340.0
2021-12-17,2021,2021-12-17,40,40,500,8,2115,1344,2021-12-17,4170314000.0,66753960.0
2021-12-24,2021,2021-12-24,40,40,500,8,2402,1537,2021-12-24,3937948000.0,70961200.0
2021-12-31,2021,2021-12-31,40,40,500,8,2402,1537,2021-12-31,4071704000.0,66818000.0
2022-01-07,2022,2022-01-07,46,46,500,10,2402,1537,2022-01-07,3997484000.0,84353100.0
2022-01-14,2022,2022-01-14,46,46,500,10,2402,1537,2022-01-14,3997268000.0,68566100.0
2022-01-21,2022,2022-01-21,46,46,500,10,2402,1537,2022-01-21,3884220000.0,58377300.0
2022-01-28,2022,2022-01-28,46,46,500,10,2402,1537,2022-01-28,3644890000.0,48209800.0
2022-02-11,2022,2022-02-11,46,46,500,10,2402,1537,2022-02-11,3706420000.0,52713000.0
2022-02-18,2022,2022-02-18,46,46,500,10,2402,1537,2022-02-18,3811330000.0,43591600.0
2022-02-25,2022,2022-02-25,46,46,500,10,2402,1537,2022-02-25,3815410000.0,55422800.0
2022-03-04,2022,2022-03-04,46,46,500,10,2402,1537,2022-03-04,3823050000.0,55740800.0
2022-03-11,2022,2022-03-11,46,46,500,10,2402,1537,2022-03-11,3685900000.0,54717700.0
2022-03-18,2022,2022-03-18,46,46,500,10,2402,1537,2022-03-18,3607280000.0,49698200.0
2022-03-25,2022,2022-03-25,46,46,500,10,2402,1537,2022-03-25,3589160000.0,45107700.0
2022-04-01,2022,2022-04-01,46,46,500,10,2402,1537,2022-04-01,3556100000.0,45378000.0
2022-04-08,2022,2022-04-08,46,46,500,10,2402,1537,2022-04-08,3467270000.0,50726700.0
2022-04-15,2022,2022-04-15,46,46,500,10,2402,1537,2022-04-15,3317280000.0,46248500.0
2022-04-22,2022,2022-04-22,46,46,500,10,2402,1537,2022-04-22,3116880000.0,43687700.0
2022-04-29,2022,2022-04-29,46,46,500,10,2402,1532,2022-04-29,2933848000.0,57398300.0
2022-05-06,2022,2022-05-06,46,46,500,10,2402,1525,2022-05-06,2965942000.0000005,42134900.0
2022-05-13,2022,2022-05-13,46,46,500,10,2402,1525,2022-05-13,3153296000.0000005,38684200.0
2022-05-20,2022,2022-05-20,46,46,500,10,2402,1525,2022-05-20,3232380000.0000005,47229800.0
2022-05-27,2022,2022-05-27,46,46,500,10,2402,1525,2022-05-27,3223658000.0,43365600.0
2022-06-02,2022,2022-06-02,46,46,500,10,2402,1524,2022-06-02,3380942000.0,53503980.0
2022-06-10,2022,2022-06-10,46,46,500,10,2402,1524,2022-06-10,3373150000.0,52848720.0
2022-06-17,2022,2022-06-17,46,46,500,10,2402,1524,2022-06-17,3422290000.0,57883220.0
2022-06-24,2022,2022-06-24,46,46,500,10,2350,1500,2022-06-24,3830444000.0,64091120.0
2022-07-01,2022,2022-07-01,46,46,500,10,2350,1499,2022-07-01,3819324000.0,58724300.00000001
2022-07-08,2022,2022-07-08,46,46,500,10,2350,1499,2022-07-08,3812000000.0,52367320.00000001
2022-07-15,2022,2022-07-15,46,46,500,10,2350,1499,2022-07-15,3686866000.0000005,63407920.000000015
2022-07-22,2022,2022-07-22,46,46,500,10,2350,1499,2022-07-22,3875304000.0,58368600.0
2022-07-29,2022,2022-07-29,46,46,500,10,2350,1499,2022-07-29,3932006000.0,57948320.0
2022-08-05,2022,2022-08-05,46,46,500,10,2350,1499,2022-08-05,3840786000.0,51791360.0
2022-08-12,2022,2022-08-12,46,46,500,10,2350,1499,2022-08-12,3988866000.0000005,58555020.000000015
2022-08-19,2022,2022-08-19,46,46,500,10,2350,1499,2022-08-19,4008806000.0,61098960.0
2022-08-26,2022,2022-08-26,46,46,500,10,2350,1499,2022-08-26,3897764000.0000005,56054800.0
2022-09-02,2022,2022-09-02,46,46,500,10,2350,1499,2022-09-02,3871336000.0,48865180.0
2022-09-09,2022,2022-09-09,46,46,500,10,2350,1499,2022-09-09,3902278000.0,45464200.00000001
2022-09-16,2022,2022-09-16,46,46,500,10,2350,1499,2022-09-16,3689660000.0,53691480.0
2022-09-23,2022,2022-09-23,46,46,500,10,2350,1499,2022-09-23,3606968000.0000005,40937540.0
2022-09-30,2022,2022-09-30,46,46,500,10,2350,1498,2022-09-30,3445246000.0,32006140.0
2022-10-14,2022,2022-10-14,46,46,500,10,2350,1498,2022-10-14,3625692000.0,45549340.00000001
2022-10-21,2022,2022-10-21,46,46,500,10,2350,1498,2022-10-21,3663418000.0,35740180.0
2022-10-28,2022,2022-10-28,46,46,500,10,2350,1498,2022-10-28,3543218000.0,57188940.0
2022-11-04,2022,2022-11-04,46,46,500,10,2350,1498,2022-11-04,3786660000.0000005,59137940.0
2022-11-11,2022,2022-11-11,46,46,500,10,2350,1498,2022-11-11,3853632000.0,69494120.0
2022-11-18,2022,2022-11-18,46,46,500,10,2350,1498,2022-11-18,3908188000.0,56460780.0
2022-11-25,2022,2022-11-25,46,46,500,10,2350,1498,2022-11-25,3808762000.0,43956180.0
2022-12-02,2022,2022-12-02,46,46,500,10,2350,1498,2022-12-02,3924264000.0,50190860.0
2022-12-09,2022,2022-12-09,46,46,500,10,2350,1498,2022-12-09,3908482000.0,58974340.0
2022-12-16,2022,2022-12-16,46,46,500,10,2350,1498,2022-12-16,3859868000.0,44050060.0
2022-12-23,2022,2022-12-23,46,46,500,10,2350,1498,2022-12-23,3647374000.0,31744220.0
2022-12-30,2022,2022-12-30,46,46,500,10,2350,1498,2022-12-30,3698706000.0,30149640.0
2023-01-06,2023,2023-01-06,45,44,500,9,2519,1612,2023-01-06,3659364000.0,43334000.0
2023-01-13,2023,2023-01-13,45,44,500,9,2519,1612,2023-01-13,3657130000.0,33408540.0
2023-01-20,2023,2023-01-20,45,44,500,9,2519,1612,2023-01-20,3748632000.0,44428600.0
2023-02-03,2023,2023-02-03,45,44,500,9,2519,1612,2023-02-03,3889080000.0,59559380.0
2023-02-10,2023,2023-02-10,45,44,500,9,2519,1612,2023-02-10,3951688000.0,55820020.0
2023-02-17,2023,2023-02-17,45,44,500,9,2519,1612,2023-02-17,3880036000.0,56752320.0
2023-02-24,2023,2023-02-24,45,44,500,9,2519,1612,2023-02-24,3941666000.0,42678560.0
2023-03-03,2023,2023-03-03,45,44,500,9,2519,1612,2023-03-03,3961864000.0,53081460.0
2023-03-10,2023,2023-03-10,45,44,500,9,2519,1612,2023-03-10,3859972000.0,49691240.0
2023-03-17,2023,2023-03-17,45,44,500,9,2519,1612,2023-03-17,3826768000.0,48273520.0
2023-03-24,2023,2023-03-24,45,44,500,9,2519,1611,2023-03-24,3892572000.0,49731640.0
2023-03-31,2023,2023-03-31,45,44,500,9,2519,1611,2023-03-31,3874722000.0,45805140.0
2023-04-07,2023,2023-04-07,45,45,500,9,2519,1611,2023-04-07,3877648000.0,47761120.0
2023-04-14,2023,2023-04-14,45,45,500,9,2519,1610,2023-04-14,3842704000.0,50974620.00000001
2023-04-21,2023,2023-04-21,45,45,500,9,2519,1610,2023-04-21,3659552000.0,59805640.000000015
2023-04-28,2023,2023-04-28,45,45,500,9,2519,1609,2023-04-28,3694232000.0,56257100.00000001
2023-05-05,2023,2023-05-05,45,45,500,9,2519,1603,2023-05-05,3688202000.0,54225840.0
2023-05-12,2023,2023-05-12,45,45,500,9,2519,1603,2023-05-12,3638236000.0,40911320.0
2023-05-19,2023,2023-05-19,45,45,500,9,2519,1603,2023-05-19,3704902000.0,39789840.0
2023-05-26,2023,2023-05-26,45,45,500,9,2519,1603,2023-05-26,3729732000.0,38487000.0
2023-06-02,2023,2023-06-02,45,45,500,9,2519,1603,2023-06-02,3753538000.0,44453040.0
2023-06-09,2023,2023-06-09,45,45,500,9,2519,1603,2023-06-09,3686974000.0,40405180.0
2023-06-16,2023,2023-06-16,45,45,500,9,2519,1602,2023-06-16,3759512000.0,45694860.0
2023-06-21,2023,2023-06-21,45,45,500,9,2519,1602,2023-06-21,3713920000.0,42951540.0
2023-06-30,2023,2023-06-30,45,45,500,9,2518,1601,2023-06-30,3765806000.0,45336480.0
2023-07-07,2023,2023-07-07,45,44,500,9,2730,1746,2023-07-07,3634888000.0,37428140.0
2023-07-14,2023,2023-07-14,45,44,500,9,2730,1747,2023-07-14,3679680000.0,38876960.0
2023-07-21,2023,2023-07-21,45,44,500,9,2730,1745,2023-07-21,3617512000.0,38025600.0
2023-07-28,2023,2023-07-28,45,44,500,9,2730,1745,2023-07-28,3600498000.0,45529740.00000001
2023-08-04,2023,2023-08-04,45,44,500,9,2730,1745,2023-08-04,3641364000.0,45492960.00000001
2023-08-11,2023,2023-08-11,45,44,500,9,2730,1745,2023-08-11,3537968000.0,39693740.00000001
2023-08-18,2023,2023-08-18,45,44,500,9,2730,1745,2023-08-18,3463680000.0,37445420.0
2023-08-25,2023,2023-08-25,45,44,500,9,2730,1745,2023-08-25,3325964000.0,41210960.0
2023-09-01,2023,2023-09-01,45,44,500,9,2730,1745,2023-09-01,3517404000.0,38114520.0
2023-09-08,2023,2023-09-08,45,44,500,9,2730,1745,2023-09-08,3549332000.0,31719000.0
2023-09-15,2023,2023-09-15,45,44,500,9,2730,1745,2023-09-15,3507122000.0,37521260.0
2023-09-22,2023,2023-09-22,45,44,500,9,2730,1745,2023-09-22,3527848000.0,37456180.0
2023-09-28,2023,2023-09-28,45,44,500,9,2730,1745,2023-09-28,3565050000.0,35453500.0
2023-10-13,2023,2023-10-13,45,45,500,9,2730,1745,2023-10-13,3565584000.0,36434500.0
2023-10-20,2023,2023-10-20,45,45,500,9,2730,1745,2023-10-20,3382982000.0,33226600.0
2023-10-27,2023,2023-10-27,45,45,500,9,2729,1745,2023-10-27,3509756000.0,49787800.0
2023-11-03,2023,2023-11-03,45,45,500,9,2729,1745,2023-11-03,3574090000.0,40880500.0
2023-11-10,2023,2023-11-10,45,45,500,9,2729,1745,2023-11-10,3645770000.0,38329700.0
2023-11-17,2023,2023-11-17,45,45,500,9,2729,1745,2023-11-17,3751860000.0,37762000.0
2023-11-24,2023,2023-11-24,45,45,500,9,2729,1745,2023-11-24,3728930000.0,43866000.0
2023-12-01,2023,2023-12-01,45,45,500,9,2729,1745,2023-12-01,3743620000.0,42957000.0
2023-12-08,2023,2023-12-08,45,45,500,9,2729,1745,2023-12-08,3670480000.0,49486100.0
2023-12-15,2023,2023-12-15,45,45,500,9,2729,1745,2023-12-15,3697620000.0,38672000.0
2023-12-22,2023,2023-12-22,45,45,500,9,2729,1745,2023-12-22,3579580000.0,40835000.0
2023-12-29,2023,2023-12-29,45,45,500,9,2729,1745,2023-12-29,3680020000.0,44366800.0
2024-01-05,2024,2024-01-05,45,45,500,9,2795,1789,2024-01-05,3603796000.0000005,43422700.0
2024-01-12,2024,2024-01-12,45,45,500,9,2795,1789,2024-01-12,3558000000.0,38573500.0
2024-01-19,2024,2024-01-19,45,45,500,9,2795,1789,2024-01-19,3334276000.0,36470600.0
2024-01-26,2024,2024-01-26,45,45,500,9,2795,1789,2024-01-26,3261162000.0,49089800.0
2024-02-02,2024,2024-02-02,45,45,500,9,2795,1788,2024-02-02,2689740000.0,63962060.0
2024-02-08,2024,2024-02-08,45,45,500,9,2795,1788,2024-02-08,2599056000.0,84061040.0
2024-02-23,2024,2024-02-23,45,45,500,9,2795,1788,2024-02-23,2999626000.0,52163620.0
2024-03-01,2024,2024-03-01,45,45,500,9,2795,1788,2024-03-01,3096830000.0,54491060.0
2024-03-08,2024,2024-03-08,45,45,500,9,2795,1788,2024-03-08,3083812000.0,40218160.0
2024-03-15,2024,2024-03-15,45,45,500,9,2795,1788,2024-03-15,3246606000.0,48713680.0
2024-03-22,2024,2024-03-22,45,45,500,9,2795,1788,2024-03-22,3335804000.0,55738020.0
2024-03-29,2024,2024-03-29,45,45,500,9,2795,1788,2024-03-29,3223136000.0,43203120.0
2024-04-03,2024,2024-04-03,45,45,500,9,2795,1787,2024-04-03,3263738000.0,50068800.0
2024-04-12,2024,2024-04-12,45,45,500,9,2795,1787,2024-04-12,3127448000.0,43301860.0
2024-04-19,2024,2024-04-19,45,45,500,9,2795,1787,2024-04-19,2886896000.0,45311020.0
2024-04-26,2024,2024-04-26,45,45,500,9,2795,1786,2024-04-26,3055580000.0,59937700.00000001
2024-04-30,2024,2024-04-30,45,45,500,9,2795,1781,2024-04-30,3153930000.0,64613520.000000015
2024-05-10,2024,2024-05-10,45,45,500,9,2795,1767,2024-05-10,3202574000.0000005,54623500.0
2024-05-17,2024,2024-05-17,45,45,500,9,2795,1766,2024-05-17,3191476000.0,47913440.0
2024-05-24,2024,2024-05-24,45,45,500,9,2795,1765,2024-05-24,3088228000.0,39411700.0
2024-05-31,2024,2024-05-31,45,45,500,9,2795,1765,2024-05-31,3084902000.0,35923900.0
2024-06-07,2024,2024-06-07,45,45,500,9,2795,1765,2024-06-07,2837868000.0,40433920.0
2024-06-14,2024,2024-06-14,45,45,500,9,2795,1765,2024-06-14,2878990000.0,35576680.00000001
2024-06-21,2024,2024-06-21,45,45,500,9,2795,1765,2024-06-21,2816504000.0,28380820.000000004
2024-06-28,2024,2024-06-28,45,45,500,9,2795,1765,2024-06-28,2761164000.0,33254220.0
2024-07-05,2024,2024-07-05,45,45,500,9,2795,1765,2024-07-05,2713694000.0,28174140.0
2024-07-12,2024,2024-07-12,45,45,500,9,2795,1763,2024-07-12,2747816000.0,30066460.0
2024-07-19,2024,2024-07-19,45,45,500,9,2794,1763,2024-07-19,2685830000.0,26959820.0
2024-07-26,2024,2024-07-26,45,45,500,9,2794,1763,2024-07-26,2674166000.0,27168120.0
2024-08-02,2024,2024-08-02,45,45,500,9,2794,1762,2024-08-02,2771518000.0,34178280.0
2024-08-09,2024,2024-08-09,45,45,500,9,2794,1763,2024-08-09,2736308000.0,27368580.0
2024-08-16,2024,2024-08-16,45,45,500,9,2791,1761,2024-08-16,2753136000.0,27332700.0
2024-08-23,2024,2024-08-23,45,45,500,9,2789,1761,2024-08-23,2611028000.0,24883340.000000004
2024-08-30,2024,2024-08-30,45,45,500,9,2789,1761,2024-08-30,2735832000.0,44464260.00000001
2024-09-06,2024,2024-09-06,45,45,500,9,2789,1761,2024-09-06,2664898000.0,26467400.0
2024-09-13,2024,2024-09-13,45,45,500,9,2789,1761,2024-09-13,2635948000.0,23931100.0
2024-09-20,2024,2024-09-20,45,45,500,9,2789,1761,2024-09-20,2661190000.0,26154800.0
2024-09-27,2024,2024-09-27,45,45,500,9,2788,1761,2024-09-27,3037980000.0,74084600.0
2024-09-30,2024,2024-09-30,45,45,500,9,2788,1761,2024-09-30,3384610000.0,189144000.0
2024-10-11,2024,2024-10-11,45,45,500,9,2788,1761,2024-10-11,3169940000.0,87331600.0
2024-10-18,2024,2024-10-18,45,45,500,9,2788,1761,2024-10-18,3310840000.0,102771000.0
2024-10-25,2024,2024-10-25,45,45,500,9,2788,1761,2024-10-25,3491000000.0,93550600.0
2024-11-01,2024,2024-11-01,45,45,500,9,2788,1760,2024-11-01,3450704000.0,110525600.0
2024-11-08,2024,2024-11-08,45,45,500,9,2788,1759,2024-11-08,3762138000.0,145136000.0
2024-11-15,2024,2024-11-15,45,45,500,9,2788,1759,2024-11-15,3671240000.0,94307480.0
2024-11-22,2024,2024-11-22,45,45,500,9,2788,1759,2024-11-22,3665182000.0,103011200.00000001
2024-11-29,2024,2024-11-29,45,45,500,9,2788,1759,2024-11-29,3825254000.0,95436580.0
2024-12-06,2024,2024-12-06,45,45,500,9,2788,1759,2024-12-06,3998558000.0,103666600.0
2024-12-13,2024,2024-12-13,45,45,500,9,2788,1759,2024-12-13,4038706000.0,122882600.0
2024-12-20,2024,2024-12-20,45,45,500,9,2788,1759,2024-12-20,3905090000.0,72901620.0
2024-12-27,2024,2024-12-27,45,45,500,9,2788,1759,2024-12-27,3773538000.0,71054840.0
2025-01-03,2025,2025-01-03,35,35,500,7,2788,1758,2025-01-03,3400509999.9999995,77941820.0
2025-01-10,2025,2025-01-10,35,35,500,7,2788,1757,2025-01-10,3357354000.0,53074380.0
2025-01-17,2025,2025-01-17,35,35,500,7,2784,1781,2025-01-17,3731732000.0,55133700.00000001
2025-01-24,2025,2025-01-24,35,35,500,7,2784,1781,2025-01-24,3751506000.0,58642140.0
2025-01-27,2025,2025-01-27,35,35,500,7,2784,1781,2025-01-27,3719344000.0,58934980.0
2025-02-07,2025,2025-02-07,35,35,500,7,2784,1781,2025-02-07,3881672000.0,94602780.0
2025-02-14,2025,2025-02-14,35,35,500,7,2784,1781,2025-02-14,3937566000.0,74795160.0
2025-02-21,2025,2025-02-21,35,35,500,7,2784,1781,2025-02-21,4030524000.0,93721700.0
2025-02-28,2025,2025-02-28,35,35,500,7,2784,1781,2025-02-28,3931784000.0,97476300.0
2025-03-07,2025,2025-03-07,35,35,500,7,2784,1781,2025-03-07,4063322000.0,91903200.0
2025-03-14,2025,2025-03-14,35,35,500,7,2784,1781,2025-03-14,4131636000.0,105211000.0
2025-03-21,2025,2025-03-21,35,35,500,7,2784,1780,2025-03-21,4090636000.0,90324240.0
2025-03-28,2025,2025-03-28,35,35,500,7,2784,1779,2025-03-28,3984070000.0,72227420.0
2025-04-03,2025,2025-04-03,35,35,500,7,2784,1779,2025-04-03,3953470000.0,71686980.0
2025-04-11,2025,2025-04-11,35,35,500,7,2784,1779,2025-04-11,3718814000.0,78461400.0
2025-04-18,2025,2025-04-18,35,35,500,7,2784,1778,2025-04-18,3749564000.0,51878240.0
2025-04-25,2025,2025-04-25,35,35,500,7,2784,1774,2025-04-25,3829212000.0,65709540.0
2025-04-30,2025,2025-04-30,35,35,500,7,2784,1765,2025-04-30,3835008000.0,74860760.0
2025-05-09,2025,2025-05-09,35,35,500,7,2784,1761,2025-05-09,3998108000.0,68258180.0
2025-05-16,2025,2025-05-16,35,35,500,7,2784,1761,2025-05-16,4040624000.0,61176440.0
2025-05-23,2025,2025-05-23,35,35,500,7,2784,1761,2025-05-23,3996776000.0,68394600.0
2025-05-30,2025,2025-05-30,35,35,500,7,2783,1761,2025-05-30,4023874000.0,64004000.0
2025-06-06,2025,2025-06-06,35,35,500,7,2783,1761,2025-06-06,4077488000.0,63366500.0
2025-06-13,2025,2025-06-13,35,35,500,7,2783,1761,2025-06-13,4032264000.0,89637200.0
2025-06-20,2025,2025-06-20,35,35,500,7,2783,1761,2025-06-20,3976772000.0,53047000.0
2025-06-27,2025,2025-06-27,35,35,500,7,2783,1761,2025-06-27,4163930000.0,70479500.0
2025-07-04,2025,2025-07-04,35,35,500,7,2783,1761,2025-07-04,4194230000.0,79156300.0
2025-07-11,2025,2025-07-11,35,35,500,7,2783,1759,2025-07-11,4328686000.0,95115960.0
2025-07-18,2025,2025-07-18,35,35,500,7,2783,1759,2025-07-18,4386258000.0,77533280.0
2025-07-25,2025,2025-07-25,35,35,500,7,2783,1758,2025-07-25,4430762000.0,103273600.0
2025-08-01,2025,2025-08-01,35,35,500,7,2783,1757,2025-08-01,4427216000.0,78710660.0
2025-08-08,2025,2025-08-08,35,35,500,7,2783,1757,2025-08-08,4529304000.0,94202920.0
2025-08-15,2025,2025-08-15,35,35,500,7,2783,1757,2025-08-15,4610766000.0,111875000.00000001
2025-08-22,2025,2025-08-22,35,35,500,7,2783,1757,2025-08-22,4752428000.0,137891000.0
2025-08-29,2025,2025-08-29,35,35,500,7,2783,1757,2025-08-29,4672328000.0,138380400.0
2025-09-05,2025,2025-09-05,35,35,500,7,2783,1757,2025-09-05,4653978000.0,111240400.0
2025-09-12,2025,2025-09-12,35,35,500,7,2783,1757,2025-09-12,4679260000.0,120886600.00000003
2025-09-19,2025,2025-09-19,35,35,500,7,2783,1757,2025-09-19,4689530000.0,109608200.0
2025-09-26,2025,2025-09-26,35,35,500,7,2783,1756,2025-09-26,4585132000.0,88393920.0
2025-09-30,2025,2025-09-30,35,35,500,7,2782,1756,2025-09-30,4625020000.0,84179440.0
2025-10-10,2025,2025-10-10,35,10,500,7,2782,1756,2025-10-10,4660286000.0,117412400.0
2025-10-17,2025,2025-10-17,35,10,500,7,2782,1756,2025-10-17,4494996000.0,98942540.0
2025-10-24,2025,2025-10-24,35,10,500,7,2782,1756,2025-10-24,4646962000.0,92187220.0
2025-10-31,2025,2025-10-31,35,10,500,7,2782,1754,2025-10-31,4712634000.0,111629800.0
2025-11-07,2025,2025-11-07,35,10,500,7,2782,1754,2025-11-07,4747150000.0,96742320.0
2025-11-14,2025,2025-11-14,35,10,500,7,2782,1754,2025-11-14,4839040000.0,103559800.0
2025-11-21,2025,2025-11-21,35,10,500,7,2782,1754,2025-11-21,4556810000.0,119054400.0
2025-11-28,2025,2025-11-28,35,10,500,7,2782,1754,2025-11-28,4716340000.0,70430860.0
2025-12-05,2025,2025-12-05,35,10,500,7,2782,1753,2025-12-05,4678200000.0,73676180.0
2025-12-12,2025,2025-12-12,35,10,500,7,2782,1753,2025-12-12,4619108000.0,87651700.0
2025-12-19,2025,2025-12-19,35,10,500,7,2782,1753,2025-12-19,4719242000.0,79395000.0
